10:06:02,6293.25
10:06:05,6293.25
10:06:07,6293.25
10:06:09,6293.25
10:06:11,6293.25
10:06:14,6293.25
10:06:16,6293.25
10:06:18,6291.65
10:06:21,6291.65
10:06:23,6291.65
10:06:25,6291.65
10:06:28,6291.65
10:06:30,6291.65
10:06:32,6291.65
10:06:36,6291.65
10:06:38,6291.65
10:06:40,6291.65
10:06:43,6291.65
10:06:46,6291.5
10:06:48,6291.5
10:06:50,6291.5
10:06:53,6291.5
10:06:55,6291.5
10:06:57,6291.5
10:07:00,6291.5
10:07:02,6291.5
10:07:04,6291.5
10:07:07,6291.5
10:07:09,6291.5
10:07:11,6291.5
10:07:14,6291.5
10:07:16,6291.5
10:07:18,6291.5
10:07:21,6291.5
10:07:23,6291.5
10:07:25,6291.5
10:07:28,6291.5
10:07:30,6291.2
10:07:32,6291.2
10:07:37,6291.2
10:07:39,6291.2
10:07:42,6291.2
10:07:44,6291.5
10:07:46,6291.5
10:07:49,6291.5
10:07:51,6291.5
10:07:54,6291.5
10:07:56,6291.5
10:07:59,6291.5
10:08:02,6291.5
10:08:04,6291.5
10:08:07,6291.5
10:08:10,6291.5
10:08:12,6291.5
10:08:14,6291.5
10:08:17,6291.5
10:08:20,6291.5
10:08:23,6291.5
10:08:25,6296.5
10:08:27,6296.5
10:08:30,6296.5
10:08:32,6296.5
10:08:34,6296.5
10:08:37,6296.5
10:08:39,6296.5
10:08:41,6296.5
10:08:44,6296.5
10:08:47,6296.5
10:08:50,6296.5
10:08:52,6292.9
10:08:55,6292.9
10:08:58,6292.9
10:09:00,6292.9
10:09:02,6292.9
10:09:05,6292.9
10:09:07,6292.9
10:09:09,6292.9
10:09:12,6292.9
10:09:14,6292.9
10:09:17,6292.9
10:09:19,6292.9
10:09:21,6292.9
10:09:24,6292.9
10:09:26,6292.9
10:09:29,6292.9
10:09:31,6292.9
10:09:33,6292.9
10:09:36,6295.45
10:09:38,6295.45
10:09:41,6295.45
10:09:43,6295.45
10:09:46,6295.45
10:09:48,6295.45
10:09:51,6293.2
10:09:53,6293.2
10:09:57,6293.2
10:09:59,6293.2
10:10:02,6293.2
10:10:04,6293.2
10:10:06,6293.2
10:10:09,6293.2
10:10:11,6293.2
10:10:14,6293.2
10:10:16,6293.2
10:10:18,6293.2
10:10:21,6292.15
10:10:23,6292.15
10:10:27,6292.15
10:10:30,6292.15
10:10:32,6292.15
10:10:34,6292.15
10:10:37,6292.15
10:10:39,6292.15
10:10:43,6292.15
10:10:45,6292.15
10:10:49,6296.0
10:10:53,6296.0
10:10:55,6296.0
10:10:57,6296.0
10:11:02,6296.0
10:11:05,6296.0
10:11:07,6296.0
10:11:09,6296.0
10:11:11,6296.0
10:11:14,6296.0
10:11:16,6296.0
10:11:19,6298.0
10:11:21,6298.0
10:11:23,6298.0
10:11:26,6298.0
10:11:28,6298.0
10:11:30,6298.0
10:11:32,6298.0
10:11:34,6298.0
10:11:37,6298.0
10:11:39,6298.0
10:11:41,6298.0
10:11:44,6298.0
10:11:46,6301.05
10:11:48,6301.05
10:11:51,6301.05
10:11:53,6301.05
10:11:55,6301.05
10:11:58,6301.05
10:12:00,6301.05
10:12:02,6301.05
10:12:05,6301.05
10:12:07,6301.05
10:12:09,6301.05
10:12:12,6301.05
10:12:14,6301.05
10:12:16,6301.05
10:12:19,6301.05
10:12:21,6301.05
10:12:23,6305.85
10:12:25,6305.85
10:12:28,6305.85
10:12:30,6305.85
10:12:32,6305.85
10:12:35,6305.85
10:12:37,6305.85
10:12:40,6305.85
10:12:42,6305.85
10:12:44,6305.85
10:12:47,6305.85
10:12:49,6305.85
10:12:51,6305.85
10:12:54,6305.85
10:12:56,6305.85
10:12:58,6305.85
10:13:00,6305.85
10:13:03,6305.85
10:13:05,6303.6
10:13:07,6303.6
10:13:09,6303.6
10:13:12,6303.6
10:13:14,6303.6
10:13:16,6303.6
10:13:18,6303.6
10:13:21,6303.6
10:13:23,6303.6
10:13:25,6303.6
10:13:28,6303.6
10:13:30,6303.6
10:13:32,6308.6
10:13:34,6308.6
10:13:37,6308.6
10:13:39,6308.6
10:13:41,6308.6
10:13:44,6308.6
10:13:47,6308.6
10:13:49,6308.6
10:13:51,6308.6
10:13:53,6308.6
10:13:56,6308.6
10:13:58,6308.6
10:14:00,6307.0
10:14:03,6307.0
10:14:05,6307.0
10:14:07,6307.0
10:14:10,6307.0
10:14:12,6307.0
10:14:14,6314.35
10:14:16,6314.35
10:14:19,6314.35
10:14:21,6314.35
10:14:23,6314.35
10:14:25,6314.35
10:14:27,6314.35
10:14:30,6314.35
10:14:32,6314.35
10:14:34,6314.35
10:14:37,6314.35
10:14:39,6314.35
10:14:41,6314.35
10:14:43,6314.35
10:14:46,6314.35
10:14:48,6314.35
10:14:50,6314.35
10:14:52,6314.35
10:14:55,6311.1
10:14:58,6311.1
10:15:00,6311.1
10:15:02,6311.1
10:15:05,6311.1
10:15:07,6311.1
10:15:09,6311.1
10:15:11,6311.1
10:15:14,6311.1
10:15:16,6311.1
10:15:18,6311.1
10:15:20,6311.1
10:15:23,6311.1
10:15:25,6315.0
10:15:27,6315.0
10:15:30,6315.0
10:15:32,6315.0
10:15:34,6315.0
10:15:36,6315.0
10:15:39,6315.0
10:15:41,6315.0
10:15:44,6315.0
10:15:46,6315.0
10:15:48,6315.0
10:15:50,6315.0
10:15:53,6315.0
10:15:55,6315.0
10:15:57,6315.0
10:15:59,6315.0
10:16:03,6315.0
10:16:06,6315.0
10:16:08,6315.0
10:16:10,6315.0
10:16:13,6316.8
10:16:15,6316.8
10:16:18,6316.8
10:16:20,6316.8
10:16:23,6316.8
10:16:25,6316.8
10:16:27,6316.8
10:16:29,6316.8
10:16:32,6316.8
10:16:34,6316.8
10:16:36,6316.8
10:16:39,6316.8
10:16:41,6324.0
10:16:44,6324.0
10:16:46,6324.0
10:16:48,6324.0
10:16:51,6324.0
10:16:53,6324.0
10:16:55,6322.85
10:16:57,6322.85
10:17:00,6322.85
10:17:03,6322.85
10:17:05,6322.85
10:17:08,6322.85
10:17:12,6322.85
10:17:15,6322.85
10:17:17,6322.85
10:17:19,6322.85
10:17:22,6322.85
10:17:24,6322.85
10:17:26,6322.85
10:17:29,6322.85
10:17:31,6322.85
10:17:33,6322.85
10:17:36,6322.85
10:17:39,6323.25
10:17:42,6323.25
10:17:44,6323.25
10:17:47,6323.25
10:17:49,6323.25
10:17:51,6323.15
10:17:54,6323.15
10:17:56,6323.15
10:17:59,6323.15
10:18:01,6323.15
10:18:04,6323.15
10:18:06,6323.15
10:18:08,6323.15
10:18:11,6323.15
10:18:13,6323.15
10:18:16,6323.15
10:18:18,6323.15
10:18:20,6320.0
10:18:23,6320.0
10:18:25,6320.0
10:18:27,6320.0
10:18:29,6320.0
10:18:32,6320.0
10:18:34,6320.0
10:18:36,6320.0
10:18:39,6320.0
10:18:41,6320.0
10:18:44,6320.0
10:18:46,6320.0
10:18:48,6320.0
10:18:50,6320.0
10:18:53,6320.0
10:18:55,6320.0
10:18:57,6320.0
10:19:00,6320.0
10:19:02,6323.25
10:19:04,6323.25
10:19:07,6323.25
10:19:09,6323.25
10:19:12,6323.25
10:19:14,6323.25
10:19:16,6320.0
10:19:19,6320.0
10:19:21,6320.0
10:19:23,6320.0
10:19:26,6320.0
10:19:28,6320.0
10:19:30,6320.0
10:19:33,6320.0
10:19:35,6320.0
10:19:37,6320.0
10:19:39,6320.0
10:19:42,6320.0
10:19:44,6320.0
10:19:46,6320.0
10:19:49,6320.0
10:19:51,6320.0
10:19:53,6320.0
10:19:56,6320.0
10:19:58,6322.45
10:20:00,6322.45
10:20:02,6322.45
10:20:05,6322.45
10:20:07,6322.45
10:20:10,6322.45
10:20:12,6322.45
10:20:14,6322.45
10:20:17,6322.45
10:20:19,6322.45
10:20:21,6322.45
10:20:23,6322.45
10:20:26,6320.0
10:20:28,6320.0
10:20:30,6320.0
10:20:33,6320.0
10:20:35,6320.0
10:20:37,6320.0
10:20:39,6320.0
10:20:42,6320.0
10:20:44,6320.0
10:20:46,6320.0
10:20:49,6320.0
10:20:51,6320.0
10:20:53,6324.0
10:20:56,6324.0
10:20:58,6324.0
10:21:01,6324.0
10:21:03,6324.0
10:21:06,6324.0
10:21:08,6324.0
10:21:11,6324.0
10:21:13,6324.0
10:21:18,6324.0
10:21:20,6324.0
10:21:24,6324.6
10:21:26,6324.6
10:21:29,6324.6
10:21:31,6324.6
10:21:34,6324.6
10:21:37,6324.6
10:21:39,6324.6
10:21:42,6324.6
10:21:44,6324.6
10:21:47,6324.6
10:21:49,6324.6
10:21:52,6320.0
10:21:54,6320.0
10:21:57,6320.0
10:22:00,6320.0
10:22:03,6320.0
10:22:05,6320.0
10:22:07,6320.0
10:22:10,6320.0
10:22:13,6320.0
10:22:16,6320.0
10:22:18,6319.8
10:22:21,6319.8
10:22:23,6319.8
10:22:26,6319.8
10:22:28,6319.8
10:22:31,6319.8
10:22:34,6319.8
10:22:36,6319.8
10:22:38,6319.8
10:22:41,6319.8
10:22:43,6319.8
10:22:46,6319.8
10:22:48,6319.8
10:22:50,6319.8
10:22:53,6319.8
10:22:55,6319.8
10:22:58,6319.8
10:23:00,6319.8
10:23:02,6317.0
10:23:05,6317.0
10:23:07,6317.0
10:23:09,6317.0
10:23:12,6317.0
10:23:14,6317.0
10:23:16,6312.05
10:23:19,6312.05
10:23:21,6312.05
10:23:24,6312.05
10:23:26,6312.05
10:23:28,6312.05
10:23:31,6312.05
10:23:33,6312.05
10:23:36,6312.05
10:23:38,6312.05
10:23:40,6312.05
10:23:43,6312.05
10:23:45,6312.05
10:23:47,6312.05
10:23:50,6312.05
10:23:52,6312.05
10:23:54,6312.05
10:23:57,6312.05
10:23:59,6308.5
10:24:01,6308.5
10:24:04,6308.5
10:24:07,6308.5
10:24:09,6308.5
10:24:11,6308.5
10:24:14,6308.5
10:24:16,6308.5
10:24:18,6308.5
10:24:21,6308.5
10:24:23,6308.5
10:24:25,6308.5
10:24:28,6308.5
10:24:30,6308.5
10:24:32,6308.5
10:24:35,6308.5
10:24:37,6308.5
10:24:39,6308.5
10:24:42,6305.9
10:24:44,6305.9
10:24:46,6305.9
10:24:48,6305.9
10:24:52,6305.9
10:24:54,6305.9
10:24:56,6305.9
10:24:59,6305.9
10:25:01,6305.9
10:25:04,6305.9
10:25:06,6305.9
10:25:09,6305.9
10:25:11,6305.9
10:25:14,6305.9
10:25:16,6305.9
10:25:18,6305.9
10:25:21,6305.9
10:25:23,6308.1
10:25:25,6308.1
10:25:28,6308.1
10:25:30,6308.1
10:25:32,6308.1
10:25:35,6308.1
10:25:37,6308.1
10:25:40,6308.1
10:25:42,6308.1
10:25:44,6308.1
10:25:46,6308.1
10:25:49,6308.1
10:25:51,6303.25
10:25:54,6303.25
10:25:56,6303.25
10:25:59,6303.25
10:26:01,6303.25
10:26:05,6304.0
10:26:07,6304.0
10:26:10,6304.0
10:26:12,6304.0
10:26:14,6304.0
10:26:17,6304.0
10:26:20,6304.0
10:26:22,6304.0
10:26:24,6304.0
10:26:26,6304.0
10:26:29,6304.0
10:26:31,6304.0
10:26:34,6304.0
10:26:36,6304.0
10:26:38,6304.0
10:26:40,6304.0
10:26:43,6304.0
10:26:45,6304.0
10:26:47,6304.0
10:26:50,6303.2
10:26:52,6303.2
10:26:55,6303.2
10:26:57,6303.2
10:26:59,6303.2
10:27:01,6303.2
10:27:04,6303.2
10:27:06,6303.2
10:27:08,6303.2
10:27:10,6303.2
10:27:13,6303.2
10:27:15,6303.2
10:27:17,6303.2
10:27:19,6303.2
10:27:22,6303.2
10:27:24,6303.2
10:27:26,6303.2
10:27:29,6303.2
10:27:31,6303.2
10:27:33,6305.0
10:27:35,6305.0
10:27:38,6305.0
10:27:40,6305.0
10:27:42,6305.0
10:27:44,6305.0
10:27:46,6308.35
10:27:49,6308.35
10:27:51,6308.35
10:27:53,6308.35
10:27:55,6308.35
10:27:58,6308.35
10:28:00,6308.35
10:28:02,6308.35
10:28:05,6308.35
10:28:07,6308.35
10:28:09,6308.35
10:28:12,6308.35
10:28:14,6308.35
10:28:16,6308.35
10:28:18,6308.35
10:28:21,6308.35
10:28:23,6308.35
10:28:25,6308.35
10:28:28,6309.1
10:28:30,6309.1
10:28:33,6309.1
10:28:35,6309.1
10:28:37,6309.1
10:28:40,6309.1
10:28:42,6309.1
10:28:44,6309.1
10:28:46,6309.1
10:28:49,6309.1
10:28:51,6309.1
10:28:53,6309.1
10:28:55,6309.1
10:28:58,6306.35
10:29:00,6306.35
10:29:02,6306.35
10:29:04,6306.35
10:29:07,6306.35
10:29:09,6306.35
10:29:11,6307.05
10:29:13,6307.05
10:29:16,6307.05
10:29:18,6307.05
10:29:20,6307.05
10:29:23,6307.05
10:29:25,6307.05
10:29:27,6307.05
10:29:29,6307.05
10:29:32,6307.05
10:29:34,6307.05
10:29:36,6307.05
10:29:39,6298.0
10:29:41,6298.0
10:29:43,6298.0
10:29:45,6298.0
10:29:48,6298.0
10:29:50,6298.0
10:29:52,6298.0
10:29:54,6298.0
10:29:57,6298.0
10:29:59,6298.0
10:30:01,6298.0
10:30:03,6298.0
10:30:05,6298.0
10:30:08,6298.0
10:30:10,6298.0
10:30:12,6298.0
10:30:14,6298.0
10:30:17,6298.0
10:30:19,6298.0
10:30:21,6298.0
10:30:23,6298.0
10:30:26,6298.0
10:30:28,6298.0
10:30:30,6298.0
10:30:32,6298.0
10:30:35,6298.95
10:30:37,6298.95
10:30:39,6298.95
10:30:42,6298.95
10:30:44,6298.95
10:30:46,6298.95
10:30:48,6299.95
10:30:50,6299.95
10:30:53,6299.95
10:30:55,6299.95
10:30:57,6299.95
10:31:00,6299.95
10:31:02,6299.95
10:31:05,6299.95
10:31:07,6299.95
10:31:09,6299.95
10:31:12,6299.95
10:31:14,6299.95
10:31:16,6304.5
10:31:18,6304.5
10:31:21,6304.5
10:31:23,6304.5
10:31:26,6304.5
10:31:28,6304.5
10:31:30,6304.5
10:31:34,6304.5
10:31:36,6304.5
10:31:38,6304.5
10:31:40,6304.5
10:31:43,6304.5
10:31:45,6304.55
10:31:48,6304.55
10:31:50,6304.55
10:31:52,6304.55
10:31:55,6304.55
10:31:57,6304.55
10:31:59,6304.55
10:32:01,6304.55
10:32:04,6304.55
10:32:06,6304.55
10:32:08,6304.55
10:32:11,6304.55
10:32:13,6304.55
10:32:15,6304.55
10:32:18,6304.55
10:32:20,6304.55
10:32:22,6304.55
10:32:25,6304.55
10:32:27,6304.05
10:32:29,6304.05
10:32:32,6304.05
10:32:34,6304.05
10:32:37,6304.05
10:32:39,6304.05
10:32:42,6304.05
10:32:44,6304.05
10:32:47,6304.05
10:32:49,6304.05
10:32:52,6304.05
10:32:54,6304.05
10:32:56,6299.95
10:32:59,6299.95
10:33:01,6299.95
10:33:03,6299.95
10:33:06,6299.95
10:33:08,6299.95
10:33:10,6299.95
10:33:15,6299.95
10:33:17,6299.95
10:33:19,6299.95
10:33:22,6299.95
10:33:24,6300.0
10:33:26,6300.0
10:33:29,6300.0
10:33:31,6300.0
10:33:34,6300.0
10:33:36,6300.0
10:33:39,6300.0
10:33:41,6300.0
10:33:44,6300.0
10:33:47,6300.0
10:33:50,6300.0
10:33:52,6300.0
10:33:54,6300.0
10:33:57,6300.0
10:33:59,6300.0
10:34:01,6300.0
10:34:04,6300.0
10:34:06,6300.0
10:34:08,6299.0
10:34:11,6299.0
10:34:13,6299.0
10:34:15,6299.0
10:34:18,6299.0
10:34:20,6299.0
10:34:22,6299.0
10:34:24,6299.0
10:34:27,6299.0
10:34:29,6299.0
10:34:31,6299.0
10:34:34,6299.0
10:34:36,6298.15
10:34:38,6298.15
10:34:41,6298.15
10:34:43,6298.15
10:34:45,6298.15
10:34:48,6298.15
10:34:50,6298.15
10:34:52,6298.15
10:34:54,6298.15
10:34:57,6298.15
10:34:59,6298.15
10:35:01,6298.15
10:35:04,6298.15
10:35:06,6298.15
10:35:08,6298.15
10:35:11,6298.15
10:35:13,6298.15
10:35:15,6298.15
10:35:17,6298.15
10:35:20,6298.15
10:35:22,6298.15
10:35:24,6298.15
10:35:26,6298.15
10:35:29,6298.15
10:35:33,6303.8
10:35:35,6303.8
10:35:37,6303.8
10:35:39,6303.8
10:35:42,6303.8
10:35:44,6303.8
10:35:46,6303.8
10:35:49,6303.8
10:35:51,6303.8
10:35:54,6303.8
10:35:56,6303.8
10:35:58,6299.0
10:36:01,6299.0
10:36:03,6299.0
10:36:07,6299.0
10:36:10,6299.0
10:36:12,6299.0
10:36:14,6299.0
10:36:16,6299.0
10:36:19,6299.0
10:36:21,6299.0
10:36:23,6299.0
10:36:26,6299.0
10:36:28,6299.0
10:36:31,6299.0
10:36:33,6299.0
10:36:35,6299.0
10:36:38,6299.0
10:36:40,6299.7
10:36:43,6299.7
10:36:45,6299.7
10:36:47,6299.7
10:36:49,6299.7
10:36:52,6299.7
10:36:54,6302.95
10:36:56,6302.95
10:36:59,6302.95
10:37:01,6302.95
10:37:03,6302.95
10:37:06,6302.95
10:37:08,6302.95
10:37:11,6302.95
10:37:13,6302.95
10:37:15,6302.95
10:37:18,6302.95
10:37:20,6302.95
10:37:22,6302.95
10:37:25,6301.5
10:37:27,6301.5
10:37:30,6301.5
10:37:32,6301.5
10:37:34,6301.5
10:37:37,6301.5
10:37:39,6301.5
10:37:41,6301.5
10:37:44,6301.5
10:37:46,6301.5
10:37:48,6301.5
10:37:51,6301.5
10:37:53,6301.5
10:37:55,6306.9
10:37:58,6306.9
10:38:00,6306.9
10:38:03,6306.9
10:38:05,6306.9
10:38:07,6306.9
10:38:10,6306.9
10:38:12,6306.9
10:38:14,6306.9
10:38:17,6306.9
10:38:19,6306.9
10:38:21,6306.9
10:38:24,6308.55
10:38:26,6308.55
10:38:28,6308.55
10:38:31,6308.55
10:38:33,6308.55
10:38:35,6308.55
10:38:38,6308.55
10:38:40,6308.55
10:38:42,6308.55
10:38:44,6308.55
10:38:47,6308.55
10:38:49,6308.55
10:38:51,6308.6
10:38:54,6308.6
10:38:56,6308.6
10:38:58,6308.6
10:39:01,6308.6
10:39:03,6308.6
10:39:05,6308.6
10:39:08,6308.6
10:39:10,6308.6
10:39:12,6308.6
10:39:15,6308.6
10:39:17,6308.6
10:39:19,6308.6
10:39:22,6308.6
10:39:24,6308.6
10:39:26,6308.6
10:39:28,6308.6
10:39:31,6308.6
10:39:33,6308.6
10:39:35,6308.6
10:39:38,6308.6
10:39:44,6308.6
10:39:46,6308.6
10:39:49,6308.6
10:39:51,6308.6
10:39:53,6308.6
10:39:56,6308.6
10:39:59,6307.75
10:40:01,6307.75
10:40:04,6307.75
10:40:06,6307.75
10:40:08,6307.75
10:40:11,6307.75
10:40:14,6307.75
10:40:17,6307.75
10:40:19,6307.75
10:40:21,6307.75
10:40:24,6307.75
10:40:26,6307.75
10:40:28,6307.75
10:40:31,6304.9
10:40:33,6304.9
10:40:36,6304.9
10:40:38,6304.9
10:40:41,6304.9
10:40:45,6304.35
10:40:48,6304.35
10:40:50,6304.35
10:40:52,6304.35
10:40:55,6304.35
10:40:57,6304.35
10:41:00,6304.35
10:41:03,6304.35
10:41:06,6304.35
10:41:09,6304.35
10:41:11,6304.35
10:41:13,6304.35
10:41:16,6305.85
10:41:19,6305.85
10:41:21,6305.85
10:41:24,6305.85
10:41:26,6305.85
10:41:29,6305.85
10:41:31,6305.85
10:41:34,6305.85
10:41:37,6305.85
10:41:40,6305.85
10:41:42,6305.85
10:41:45,6304.0
10:41:47,6304.0
10:41:50,6304.0
10:41:53,6304.0
10:41:57,6304.0
10:41:59,6304.0
10:42:02,6304.0
10:42:04,6304.0
10:42:06,6304.0
10:42:09,6304.0
10:42:12,6304.0
10:42:14,6304.0
10:42:17,6304.0
10:42:20,6304.0
10:42:24,6304.0
10:42:27,6306.85
10:42:30,6306.85
10:42:32,6306.85
10:42:35,6306.85
10:42:37,6306.85
10:42:40,6306.85
10:42:42,6304.4
10:42:44,6304.4
10:42:47,6304.4
10:42:49,6304.4
10:42:51,6304.4
10:42:54,6304.4
10:42:56,6304.4
10:42:58,6304.4
10:43:00,6304.4
10:43:03,6304.4
10:43:05,6304.4
10:43:08,6304.4
10:43:10,6304.4
10:43:12,6304.4
10:43:14,6304.4
10:43:17,6304.4
10:43:19,6304.4
10:43:21,6304.4
10:43:24,6304.85
10:43:26,6304.85
10:43:29,6304.85
10:43:31,6304.85
10:43:33,6304.85
10:43:36,6304.85
10:43:38,6304.85
10:43:40,6304.85
10:43:43,6304.85
10:43:45,6304.85
10:43:48,6304.85
10:43:50,6304.85
10:43:53,6312.55
10:43:56,6312.55
10:43:59,6312.55
10:44:02,6312.55
10:44:04,6312.55
10:44:06,6312.55
10:44:09,6312.55
10:44:11,6312.55
10:44:14,6312.55
10:44:16,6312.55
10:44:18,6312.55
10:44:21,6312.55
10:44:23,6312.55
10:44:25,6312.55
10:44:28,6312.55
10:44:30,6312.55
10:44:32,6312.55
10:44:34,6307.95
10:44:37,6307.95
10:44:39,6307.95
10:44:41,6307.95
10:44:44,6307.95
10:44:46,6307.95
10:44:48,6307.95
10:44:51,6307.95
10:44:53,6307.95
10:44:55,6307.95
10:44:58,6307.95
10:45:00,6307.95
10:45:02,6307.95
10:45:05,6307.95
10:45:07,6307.95
10:45:09,6307.95
10:45:12,6307.95
10:45:14,6307.95
10:45:16,6307.95
10:45:19,6307.95
10:45:21,6307.95
10:45:23,6307.95
10:45:26,6307.95
10:45:28,6307.95
10:45:31,6307.4
10:45:33,6307.4
10:45:35,6307.4
10:45:38,6307.4
10:45:40,6307.4
10:45:43,6307.4
10:45:45,6307.4
10:45:47,6307.4
10:45:50,6307.4
10:45:53,6307.4
10:45:55,6307.4
10:45:57,6307.4
10:46:01,6308.85
10:46:03,6308.85
10:46:06,6308.85
10:46:09,6308.85
10:46:11,6308.85
10:46:14,6308.85
10:46:16,6308.85
10:46:18,6308.85
10:46:22,6308.85
10:46:24,6308.85
10:46:27,6309.0
10:46:29,6309.0
10:46:31,6309.0
10:46:34,6309.0
10:46:36,6309.0
10:46:38,6309.0
10:46:41,6309.0
10:46:43,6309.0
10:46:45,6309.0
10:46:48,6309.0
10:46:50,6309.0
10:46:52,6309.0
10:46:54,6309.0
10:46:57,6309.0
10:46:59,6309.0
10:47:01,6309.0
10:47:03,6309.0
10:47:06,6309.0
10:47:08,6309.0
10:47:10,6309.0
10:47:13,6309.0
10:47:15,6309.0
10:47:17,6309.0
10:47:19,6309.0
10:47:22,6309.0
10:47:24,6309.0
10:47:26,6309.0
10:47:29,6309.0
10:47:31,6309.0
10:47:34,6309.0
10:47:37,6307.0
10:47:40,6307.0
10:47:43,6307.0
10:47:45,6307.0
10:47:48,6307.0
10:47:50,6307.0
10:47:52,6307.0
10:47:55,6307.0
10:47:57,6307.0
10:47:59,6307.0
10:48:01,6307.0
10:48:04,6307.0
10:48:06,6307.0
10:48:08,6307.0
10:48:10,6307.0
10:48:13,6307.0
10:48:15,6307.0
10:48:17,6307.0
10:48:20,6307.0
10:48:22,6307.0
10:48:24,6307.0
10:48:27,6307.0
10:48:30,6307.0
10:48:33,6307.05
10:48:35,6307.05
10:48:37,6307.05
10:48:40,6307.05
10:48:42,6307.05
10:48:45,6307.1
10:48:51,6307.1
10:48:53,6307.1
10:48:55,6307.1
10:48:57,6307.1
10:49:00,6307.1
10:49:02,6307.1
10:49:04,6307.1
10:49:07,6307.1
10:49:09,6307.1
10:49:11,6307.1
10:49:14,6307.1
10:49:16,6307.1
10:49:18,6307.1
10:49:21,6307.1
10:49:23,6307.1
10:49:25,6307.1
10:49:27,6307.1
10:49:30,6306.0
10:49:32,6306.0
10:49:35,6306.0
10:49:37,6306.0
10:49:39,6306.0
10:49:42,6306.0
10:49:44,6306.0
10:49:46,6306.0
10:49:49,6306.0
10:49:51,6306.0
10:49:53,6306.0
10:49:56,6306.0
10:49:58,6306.0
10:50:00,6306.0
10:50:03,6306.0
10:50:05,6306.0
10:50:07,6306.0
10:50:10,6306.0
10:50:12,6306.0
10:50:14,6306.0
10:50:16,6306.0
10:50:18,6306.0
10:50:21,6306.0
10:50:23,6306.0
10:50:26,6306.0
10:50:28,6306.0
10:50:30,6306.0
10:50:33,6306.0
10:50:35,6306.0
10:50:37,6306.0
10:50:40,6307.2
10:50:42,6307.2
10:50:44,6307.2
10:50:47,6307.2
10:50:49,6307.2
10:50:51,6307.2
10:50:54,6307.2
10:50:56,6307.2
10:50:58,6307.2
10:51:00,6307.2
10:51:03,6307.2
10:51:05,6307.2
10:51:09,6307.2
10:51:12,6307.2
10:51:14,6307.2
10:51:16,6307.2
10:51:19,6307.2
10:51:21,6307.2
10:51:24,6307.2
10:51:26,6307.2
10:51:29,6307.2
10:51:32,6307.2
10:51:34,6306.0
10:51:36,6306.0
10:51:39,6306.0
10:51:42,6306.0
10:51:45,6306.0
10:51:47,6306.0
10:51:50,6306.0
10:51:52,6306.0
10:51:54,6306.0
10:51:57,6306.0
10:51:59,6306.0
10:52:02,6306.0
10:52:04,6306.0
10:52:06,6306.0
10:52:09,6306.0
10:52:11,6306.0
10:52:15,6307.2
10:52:18,6307.2
10:52:20,6307.2
10:52:22,6307.2
10:52:25,6307.2
10:52:27,6307.2
10:52:30,6307.2
10:52:32,6307.2
10:52:34,6307.2
10:52:37,6307.2
10:52:39,6307.2
10:52:41,6307.2
10:52:43,6307.2
10:52:46,6307.2
10:52:48,6307.2
10:52:51,6307.2
10:52:53,6307.2
10:52:55,6307.2
10:52:58,6307.0
10:53:00,6307.0
10:53:03,6307.0
10:53:05,6307.0
10:53:07,6307.0
10:53:10,6307.0
10:53:13,6307.0
10:53:15,6307.0
10:53:17,6307.0
10:53:20,6307.0
10:53:22,6307.0
10:53:26,6307.25
10:53:29,6307.25
10:53:31,6307.25
10:53:33,6307.25
10:53:36,6307.25
10:53:38,6307.25
10:53:40,6307.25
10:53:42,6307.25
10:53:45,6307.25
10:53:47,6307.25
10:53:49,6307.25
10:53:52,6307.25
10:53:54,6307.25
10:53:57,6314.5
10:53:59,6314.5
10:54:02,6314.5
10:54:04,6314.5
10:54:06,6314.5
10:54:08,6314.5
10:54:11,6314.5
10:54:13,6314.5
10:54:16,6314.5
10:54:21,6314.5
10:54:23,6311.45
10:54:25,6311.45
10:54:28,6311.45
10:54:31,6311.45
10:54:33,6311.45
10:54:35,6311.45
10:54:38,6311.45
10:54:41,6311.45
10:54:43,6311.45
10:54:46,6311.45
10:54:50,6311.45
10:54:53,6311.45
10:54:55,6311.45
10:54:58,6311.45
10:55:00,6311.45
10:55:02,6311.45
10:55:05,6311.05
10:55:08,6311.05
10:55:10,6311.05
10:55:12,6311.05
10:55:15,6311.05
10:55:17,6311.05
10:55:20,6310.55
10:55:22,6310.55
10:55:25,6310.55
10:55:27,6310.55
10:55:30,6310.55
10:55:33,6310.55
10:55:35,6310.55
10:55:38,6310.55
10:55:41,6310.55
10:55:43,6310.55
10:55:46,6310.55
10:55:48,6318.1
10:55:50,6318.1
10:55:53,6318.1
10:55:56,6318.1
10:55:59,6318.1
10:56:02,6318.1
10:56:05,6318.1
10:56:07,6318.1
10:56:11,6318.1
10:56:13,6318.1
10:56:15,6321.7
10:56:18,6321.7
10:56:20,6321.7
10:56:22,6321.7
10:56:25,6321.7
10:56:28,6321.7
10:56:31,6321.7
10:56:34,6321.7
10:56:36,6321.7
10:56:38,6321.7
10:56:41,6321.7
10:56:43,6321.7
10:56:48,6321.7
10:56:52,6321.7
10:56:56,6322.0
10:56:59,6322.0
10:57:01,6322.0
10:57:04,6322.0
10:57:09,6322.0
10:57:13,6322.0
10:57:15,6322.0
10:57:18,6322.0
10:57:20,6322.0
10:57:24,6322.0
10:57:27,6322.0
10:57:29,6322.0
10:57:31,6322.0
10:57:33,6322.0
10:57:36,6322.0
10:57:38,6322.0
10:57:40,6322.0
10:57:43,6324.75
10:57:45,6324.75
10:57:48,6324.75
10:57:50,6324.75
10:57:52,6324.75
10:57:55,6324.75
10:57:57,6322.0
10:58:00,6322.0
10:58:02,6322.0
10:58:05,6322.0
10:58:07,6322.0
10:58:12,6322.0
10:58:14,6322.0
10:58:17,6322.0
10:58:19,6322.0
10:58:22,6322.0
10:58:24,6322.0
10:58:26,6322.0
10:58:29,6319.0
10:58:31,6319.0
10:58:34,6319.0
10:58:36,6319.0
10:58:39,6319.0
10:58:42,6319.0
10:58:45,6319.0
10:58:47,6319.0
10:58:50,6319.0
10:58:52,6319.0
10:58:54,6319.0
10:58:58,6322.45
10:59:01,6322.45
10:59:04,6322.45
10:59:06,6322.45
10:59:09,6322.45
10:59:11,6322.45
10:59:14,6322.45
10:59:20,6322.45
10:59:23,6322.45
10:59:25,6322.45
10:59:27,6320.7
10:59:30,6320.7
10:59:33,6320.7
10:59:36,6320.7
10:59:38,6320.7
10:59:41,6320.7
10:59:43,6320.7
10:59:45,6320.7
10:59:47,6320.7
10:59:50,6320.7
10:59:52,6320.7
10:59:54,6320.7
10:59:57,6324.0
10:59:59,6324.0
11:00:02,6324.0
11:00:04,6324.0
11:00:07,6324.0
11:00:09,6324.0
11:00:11,6324.0
11:00:14,6324.0
11:00:18,6324.0
11:00:21,6324.0
11:00:23,6324.0
11:00:26,6330.6
11:00:28,6330.6
11:00:30,6330.6
11:00:33,6330.6
11:00:36,6330.6
11:00:38,6330.6
11:00:40,6330.6
11:00:43,6330.6
11:00:46,6330.6
11:00:48,6330.6
11:00:50,6330.6
11:00:52,6330.6
11:00:55,6330.6
11:00:57,6330.6
11:00:59,6330.6
11:01:02,6330.6
11:01:04,6330.6
11:01:07,6330.6
11:01:10,6331.5
11:01:13,6331.5
11:01:17,6331.5
11:01:21,6331.5
11:01:23,6330.0
11:01:27,6330.0
11:01:30,6330.0
11:01:33,6330.0
11:01:35,6330.0
11:01:38,6330.0
11:01:40,6330.0
11:01:43,6330.0
11:01:45,6330.0
11:01:47,6330.0
11:01:50,6332.3
11:01:52,6332.3
11:01:55,6332.3
11:01:57,6332.3
11:01:59,6332.3
11:02:01,6332.3
11:02:04,6332.3
11:02:06,6332.3
11:02:08,6332.3
11:02:11,6332.3
11:02:13,6332.3
11:02:15,6332.3
11:02:18,6332.3
11:02:20,6332.3
11:02:22,6332.3
11:02:25,6332.3
11:02:27,6332.3
11:02:29,6332.3
11:02:32,6332.3
11:02:34,6335.6
11:02:37,6335.6
11:02:39,6335.6
11:02:41,6335.6
11:02:44,6335.6
11:02:46,6335.6
11:02:48,6335.6
11:02:51,6335.6
11:02:53,6335.6
11:02:55,6335.6
11:02:58,6335.6
11:03:03,6335.55
11:03:05,6335.55
11:03:08,6335.55
11:03:10,6335.55
11:03:12,6335.55
11:03:15,6335.55
11:03:17,6335.55
11:03:20,6335.55
11:03:22,6335.55
11:03:24,6335.55
11:03:27,6335.55
11:03:29,6335.55
11:03:31,6335.55
11:03:34,6333.0
11:03:36,6333.0
11:03:39,6333.0
11:03:41,6333.0
11:03:43,6333.0
11:03:46,6333.0
11:03:48,6336.45
11:03:51,6336.45
11:03:53,6336.45
11:03:56,6336.45
11:03:58,6336.45
11:04:01,6336.45
11:04:03,6336.45
11:04:06,6336.45
11:04:09,6336.45
11:04:11,6336.45
11:04:13,6336.45
11:04:17,6336.45
11:04:19,6336.45
11:04:21,6336.45
11:04:24,6336.45
11:04:26,6336.45
11:04:28,6336.45
11:04:31,6336.45
11:04:33,6336.0
11:04:36,6336.0
11:04:38,6336.0
11:04:40,6336.0
11:04:43,6336.0
11:04:45,6336.0
11:04:48,6336.1
11:04:50,6336.1
11:04:52,6336.1
11:04:55,6336.1
11:04:57,6336.1
11:04:59,6336.1
11:05:02,6336.1
11:05:04,6336.1
11:05:06,6336.1
11:05:09,6336.1
11:05:11,6336.1
11:05:13,6336.1
11:05:16,6336.9
11:05:19,6336.9
11:05:22,6336.9
11:05:24,6336.9
11:05:26,6336.9
11:05:30,6336.9
11:05:32,6336.9
11:05:34,6336.9
11:05:37,6336.9
11:05:39,6336.9
11:05:41,6336.9
11:05:44,6336.9
11:05:46,6336.9
11:05:48,6336.9
11:05:51,6336.9
11:05:53,6336.9
11:05:55,6336.9
11:05:58,6336.9
11:06:00,6336.9
11:06:03,6336.9
11:06:05,6336.9
11:06:07,6336.9
11:06:10,6336.9
11:06:13,6339.7
11:06:16,6339.7
11:06:18,6339.7
11:06:20,6339.7
11:06:22,6339.7
11:06:25,6339.7
11:06:27,6339.7
11:06:30,6339.7
11:06:32,6339.7
11:06:34,6339.7
11:06:36,6339.7
11:06:39,6339.7
11:06:41,6339.7
11:06:44,6339.7
11:06:48,6339.7
11:06:50,6339.7
11:06:53,6339.7
11:06:55,6339.7
11:06:57,6339.7
11:06:59,6337.55
11:07:02,6337.55
11:07:04,6337.55
11:07:06,6337.55
11:07:09,6337.55
11:07:11,6337.55
11:07:13,6337.55
11:07:15,6337.55
11:07:18,6337.55
11:07:20,6337.55
11:07:22,6337.55
11:07:25,6337.55
11:07:27,6336.0
11:07:29,6336.0
11:07:31,6336.0
11:07:34,6336.0
11:07:36,6336.0
11:07:38,6336.0
11:07:41,6336.0
11:07:43,6336.0
11:07:45,6336.0
11:07:48,6339.7
11:07:50,6339.7
11:07:52,6339.7
11:07:54,6339.7
11:07:57,6339.7
11:07:59,6339.7
11:08:01,6340.0
11:08:03,6340.0
11:08:06,6340.0
11:08:08,6340.0
11:08:10,6340.0
11:08:13,6340.0
11:08:15,6340.0
11:08:17,6340.0
11:08:20,6340.0
11:08:22,6340.0
11:08:24,6340.0
11:08:26,6340.0
11:08:29,6338.85
11:08:31,6338.85
11:08:33,6338.85
11:08:36,6338.85
11:08:38,6338.85
11:08:40,6338.85
11:08:43,6338.85
11:08:45,6338.85
11:08:47,6338.85
11:08:50,6338.85
11:08:52,6338.85
11:08:54,6338.85
11:08:57,6338.85
11:08:59,6338.85
11:09:01,6338.85
11:09:03,6338.85
11:09:06,6338.85
11:09:09,6338.85
11:09:12,6338.85
11:09:14,6338.85
11:09:18,6338.85
11:09:20,6338.85
11:09:23,6338.85
11:09:25,6338.85
11:09:27,6338.85
11:09:29,6338.85
11:09:32,6338.85
11:09:34,6338.85
11:09:37,6338.85
11:09:39,6338.85
11:09:41,6342.0
11:09:43,6342.0
11:09:45,6342.0
11:09:48,6342.0
11:09:50,6342.0
11:09:52,6342.0
11:09:55,6340.5
11:09:57,6340.5
11:09:59,6340.5
11:10:01,6340.5
11:10:04,6340.5
11:10:06,6340.5
11:10:08,6340.5
11:10:10,6340.5
11:10:13,6340.5
11:10:15,6340.5
11:10:17,6340.5
11:10:19,6340.5
11:10:22,6340.5
11:10:24,6340.5
11:10:26,6340.5
11:10:28,6340.5
11:10:30,6340.5
11:10:33,6340.5
11:10:35,6338.45
11:10:37,6338.45
11:10:40,6338.45
11:10:42,6338.45
11:10:44,6338.45
11:10:46,6338.45
11:10:49,6338.45
11:10:51,6338.45
11:10:53,6338.45
11:10:56,6338.45
11:10:58,6338.45
11:11:00,6338.45
11:11:02,6338.45
11:11:04,6338.45
11:11:07,6338.45
11:11:09,6338.45
11:11:12,6338.45
11:11:14,6338.45
11:11:16,6338.45
11:11:18,6338.45
11:11:21,6338.45
11:11:23,6338.45
11:11:25,6338.45
11:11:28,6338.45
11:11:30,6339.0
11:11:32,6339.0
11:11:34,6339.0
11:11:37,6339.0
11:11:39,6339.0
11:11:41,6339.0
11:11:43,6337.95
11:11:46,6337.95
11:11:48,6337.95
11:11:50,6337.95
11:11:53,6337.95
11:11:55,6337.95
11:11:57,6336.5
11:11:59,6336.5
11:12:02,6336.5
11:12:04,6336.5
11:12:06,6336.5
11:12:09,6336.5
11:12:11,6336.5
11:12:13,6336.5
11:12:15,6336.5
11:12:18,6336.5
11:12:20,6336.5
11:12:22,6336.5
11:12:24,6336.5
11:12:26,6336.5
11:12:29,6336.5
11:12:31,6336.5
11:12:33,6336.5
11:12:36,6336.5
11:12:38,6341.05
11:12:40,6341.05
11:12:43,6341.05
11:12:45,6341.05
11:12:47,6341.05
11:12:51,6339.8
11:12:53,6339.8
11:12:55,6339.8
11:12:57,6339.8
11:13:00,6339.8
11:13:02,6339.8
11:13:04,6339.8
11:13:06,6339.8
11:13:09,6339.8
11:13:11,6339.8
11:13:13,6339.8
11:13:16,6339.8
11:13:18,6339.8
11:13:20,6344.7
11:13:23,6344.7
11:13:25,6344.7
11:13:27,6344.7
11:13:30,6344.7
11:13:32,6344.7
11:13:34,6344.7
11:13:37,6344.7
11:13:39,6344.7
11:13:41,6344.7
11:13:43,6344.7
11:13:46,6344.7
11:13:48,6344.7
11:13:50,6344.7
11:13:53,6344.7
11:13:55,6344.7
11:13:58,6344.7
11:14:00,6344.7
11:14:02,6344.7
11:14:04,6344.75
11:14:07,6344.75
11:14:09,6344.75
11:14:11,6344.75
11:14:13,6344.75
11:14:16,6344.75
11:14:18,6344.1
11:14:20,6344.1
11:14:22,6344.1
11:14:25,6344.1
11:14:27,6344.1
11:14:29,6344.1
11:14:31,6344.1
11:14:34,6344.1
11:14:36,6344.1
11:14:38,6344.1
11:14:40,6344.1
11:14:43,6344.1
11:14:45,6344.1
11:14:47,6344.1
11:14:50,6344.1
11:14:52,6344.1
11:14:54,6344.1
11:14:56,6344.1
11:14:59,6344.05
11:15:01,6344.05
11:15:03,6344.05
11:15:06,6344.05
11:15:08,6344.05
11:15:10,6344.05
11:15:13,6344.05
11:15:15,6344.05
11:15:17,6344.05
11:15:20,6344.05
11:15:22,6344.05
11:15:24,6347.45
11:15:26,6347.45
11:15:29,6347.45
11:15:31,6347.45
11:15:33,6347.45
11:15:35,6347.45
11:15:38,6347.45
11:15:40,6347.45
11:15:43,6347.45
11:15:45,6347.45
11:15:47,6347.45
11:15:50,6344.4
11:15:52,6344.4
11:15:54,6344.4
11:15:57,6344.4
11:15:59,6344.4
11:16:01,6344.4
11:16:04,6344.4
11:16:06,6344.4
11:16:08,6344.4
11:16:10,6344.4
11:16:23,6340.05
11:16:26,6340.05
11:16:28,6340.05
11:16:30,6340.05
11:16:33,6340.05
11:16:35,6340.05
11:16:39,6340.05
11:16:43,6340.05
11:16:46,6340.05
11:16:48,6340.05
11:16:51,6340.05
11:16:53,6340.05
11:16:56,6337.45
11:16:58,6337.45
11:17:00,6337.45
11:17:03,6337.45
11:17:05,6337.45
11:17:08,6337.45
11:17:11,6337.45
11:17:14,6337.45
11:17:19,6337.45
11:17:21,6337.45
11:17:24,6339.65
11:17:26,6339.65
11:17:29,6339.65
11:17:31,6339.65
11:17:34,6339.65
11:17:36,6339.65
11:17:38,6339.65
11:17:41,6339.65
11:17:43,6339.65
11:17:46,6339.65
11:17:48,6339.65
11:17:51,6339.65
11:17:53,6338.6
11:17:56,6338.6
11:17:59,6338.6
11:18:01,6338.6
11:18:04,6338.6
11:18:06,6338.6
11:18:09,6338.6
11:18:11,6338.6
11:18:14,6338.6
11:18:17,6338.6
11:18:19,6338.6
11:18:22,6338.6
11:18:26,6338.6
11:18:30,6338.6
11:18:32,6336.7
11:18:35,6336.7
11:18:37,6336.7
11:18:39,6336.7
11:18:42,6336.7
11:18:44,6336.7
11:18:46,6336.7
11:18:49,6336.7
11:18:51,6336.7
11:18:54,6336.7
11:18:56,6336.7
11:18:59,6337.8
11:19:02,6337.8
11:19:04,6337.8
11:19:07,6337.8
11:19:09,6337.8
11:19:12,6337.8
11:19:14,6337.8
11:19:17,6337.8
11:19:19,6337.8
11:19:22,6337.8
11:19:25,6337.8
11:19:27,6336.0
11:19:30,6336.0
11:19:32,6336.0
11:19:35,6336.0
11:19:37,6336.0
11:19:40,6336.0
11:19:43,6336.0
11:19:45,6336.0
11:19:48,6336.0
11:19:50,6336.0
11:19:53,6336.0
11:19:55,6336.0
11:19:58,6336.0
11:20:00,6336.0
11:20:03,6336.0
11:20:06,6336.0
11:20:09,6337.7
11:20:11,6337.7
11:20:13,6337.7
11:20:16,6337.7
11:20:18,6337.7
11:20:21,6337.7
11:20:24,6337.7
11:20:26,6337.7
11:20:29,6337.7
11:20:32,6337.7
11:20:35,6337.7
11:20:38,6339.0
11:20:40,6339.0
11:20:43,6339.0
11:20:46,6339.0
11:20:48,6339.0
11:20:50,6339.0
11:20:53,6339.0
11:20:55,6339.0
11:20:57,6339.0
11:21:00,6339.0
11:21:04,6339.05
11:21:09,6339.05
11:21:13,6339.05
11:21:15,6339.05
11:21:18,6339.05
11:21:20,6339.05
11:21:24,6339.05
11:21:26,6339.05
11:21:28,6339.05
11:21:31,6339.05
11:21:34,6339.05
11:21:37,6339.05
11:21:39,6339.05
11:21:42,6339.05
11:21:44,6339.05
11:21:47,6339.05
11:21:50,6339.05
11:21:52,6339.05
11:21:55,6339.05
11:21:57,6339.05
11:21:59,6339.05
11:22:01,6337.05
11:22:06,6337.05
11:22:08,6337.05
11:22:11,6337.05
11:22:13,6337.05
11:22:15,6337.05
11:22:18,6337.05
11:22:20,6337.05
11:22:22,6337.05
11:22:26,6337.05
11:22:28,6334.3
11:22:31,6334.3
11:22:33,6334.3
11:22:35,6334.3
11:22:38,6334.3
11:22:40,6334.3
11:22:42,6334.3
11:22:45,6334.3
11:22:47,6334.3
11:22:49,6334.3
11:22:52,6334.3
11:22:54,6334.3
11:22:56,6336.35
11:22:59,6336.35
11:23:02,6336.35
11:23:05,6336.35
11:23:07,6336.35
11:23:09,6336.35
11:23:12,6336.35
11:23:14,6336.35
11:23:17,6336.35
11:23:19,6336.35
11:23:21,6336.35
11:23:25,6334.0
11:23:27,6334.0
11:23:29,6334.0
11:23:32,6334.0
11:23:34,6334.0
11:23:36,6334.0
11:23:39,6334.0
11:23:41,6334.0
11:23:43,6334.0
11:23:46,6334.0
11:23:48,6334.0
11:23:50,6334.0
11:23:53,6334.0
11:23:55,6334.0
11:23:57,6334.0
11:24:00,6334.0
11:24:02,6334.0
11:24:04,6334.0
11:24:07,6334.0
11:24:09,6334.0
11:24:11,6334.0
11:24:14,6334.0
11:24:16,6334.0
11:24:18,6334.0
11:24:21,6334.0
11:24:23,6334.05
11:24:25,6334.05
11:24:28,6334.05
11:24:30,6334.05
11:24:32,6334.05
11:24:35,6334.05
11:24:37,6334.05
11:24:39,6334.05
11:24:42,6334.05
11:24:44,6334.05
11:24:46,6334.05
11:24:49,6334.05
11:24:51,6334.05
11:24:53,6334.05
11:24:56,6334.05
11:24:58,6334.05
11:25:00,6334.05
11:25:03,6334.05
11:25:05,6334.75
11:25:07,6334.75
11:25:10,6334.75
11:25:12,6334.75
11:25:15,6334.75
11:25:17,6334.75
11:25:19,6332.0
11:25:22,6332.0
11:25:24,6332.0
11:25:27,6332.0
11:25:29,6332.0
11:25:31,6332.0
11:25:34,6332.0
11:25:36,6332.0
11:25:38,6332.0
11:25:41,6332.0
11:25:43,6332.0
11:25:46,6332.0
11:25:48,6333.5
11:25:50,6333.5
11:25:52,6333.5
11:25:55,6333.5
11:25:57,6333.5
11:26:00,6333.5
11:26:02,6333.5
11:26:04,6333.5
11:26:07,6333.5
11:26:09,6333.5
11:26:11,6333.5
11:26:15,6333.5
11:26:18,6333.5
11:26:20,6333.5
11:26:23,6333.5
11:26:25,6333.5
11:26:27,6333.5
11:26:30,6333.5
11:26:32,6333.5
11:26:34,6333.0
11:26:36,6333.0
11:26:39,6333.0
11:26:41,6333.0
11:26:43,6333.0
11:26:45,6333.0
11:26:48,6331.8
11:26:50,6331.8
11:26:52,6331.8
11:26:54,6331.8
11:26:57,6331.8
11:26:59,6331.8
11:27:01,6331.8
11:27:04,6331.8
11:27:06,6331.8
11:27:08,6331.8
11:27:10,6331.8
11:27:13,6331.8
11:27:15,6336.85
11:27:17,6336.85
11:27:19,6336.85
11:27:22,6336.85
11:27:24,6336.85
11:27:27,6336.85
11:27:29,6336.85
11:27:31,6336.85
11:27:33,6336.85
11:27:36,6336.85
11:27:38,6336.85
11:27:40,6336.85
11:27:43,6336.85
11:27:45,6336.85
11:27:47,6336.85
11:27:49,6336.85
11:27:52,6336.85
11:27:54,6336.85
11:27:57,6335.15
11:27:59,6335.15
11:28:01,6335.15
11:28:04,6335.15
11:28:06,6335.15
11:28:08,6335.15
11:28:11,6335.15
11:28:13,6335.15
11:28:15,6335.15
11:28:17,6335.15
11:28:20,6335.15
11:28:22,6335.15
11:28:24,6335.15
11:28:27,6335.15
11:28:29,6335.15
11:28:31,6335.15
11:28:33,6335.15
11:28:36,6335.15
11:28:38,6332.9
11:28:41,6332.9
11:28:43,6332.9
11:28:45,6332.9
11:28:47,6332.9
11:28:50,6332.9
11:28:52,6332.9
11:28:54,6332.9
11:28:57,6332.9
11:28:59,6332.9
11:29:01,6332.9
11:29:04,6332.9
11:29:06,6330.1
11:29:08,6330.1
11:29:11,6330.1
11:29:13,6330.1
11:29:15,6330.1
11:29:18,6330.1
11:29:20,6330.1
11:29:23,6330.1
11:29:25,6330.1
11:29:28,6330.1
11:29:30,6330.1
11:29:32,6330.1
11:29:35,6330.7
11:29:37,6330.7
11:29:39,6330.7
11:29:42,6330.7
11:29:44,6330.7
11:29:46,6330.7
11:29:49,6330.7
11:29:51,6330.7
11:29:54,6330.7
11:29:56,6330.7
11:29:58,6330.7
11:30:01,6330.7
11:30:03,6332.45
11:30:05,6332.45
11:30:08,6332.45
11:30:10,6332.45
11:30:12,6332.45
11:30:15,6332.45
11:30:17,6332.45
11:30:19,6332.45
11:30:22,6332.45
11:30:24,6332.45
11:30:26,6332.45
11:30:29,6332.45
11:30:31,6334.55
11:30:33,6334.55
11:30:36,6334.55
11:30:38,6334.55
11:30:40,6334.55
11:30:43,6334.55
11:30:45,6334.55
11:30:47,6334.55
11:30:50,6334.55
11:30:52,6334.55
11:30:54,6334.55
11:30:57,6334.55
11:30:59,6333.7
11:31:01,6333.7
11:31:04,6333.7
11:31:07,6333.7
11:31:09,6333.7
11:31:13,6333.7
11:31:29,6335.35
11:31:32,6335.35
11:31:35,6335.35
11:31:37,6335.35
11:31:39,6335.35
11:31:41,6335.35
11:31:44,6338.5
11:31:47,6338.5
11:31:49,6338.5
11:31:51,6338.5
11:31:54,6338.5
11:31:56,6338.5
11:31:58,6338.5
11:32:01,6338.5
11:32:03,6338.5
11:32:06,6338.5
11:32:08,6338.5
11:32:10,6338.5
11:32:13,6338.5
11:32:15,6338.5
11:32:18,6338.5
11:32:20,6338.5
11:32:23,6338.5
11:32:26,6338.5
11:32:31,6340.0
11:32:35,6340.0
11:32:38,6340.0
11:32:40,6340.0
11:32:42,6340.0
11:32:45,6340.0
11:32:49,6344.95
11:32:55,6344.95
11:32:57,6344.95
11:32:59,6344.95
11:33:02,6344.95
11:33:04,6344.95
11:33:06,6344.95
11:33:11,6344.95
11:33:19,6343.5
11:33:21,6343.5
11:33:24,6343.5
11:33:26,6343.5
11:33:28,6343.5
11:33:31,6343.5
11:33:33,6343.5
11:33:35,6343.5
11:33:38,6343.5
11:33:40,6343.5
11:33:42,6343.5
11:33:45,6343.5
11:33:47,6343.5
11:33:49,6343.5
11:33:51,6343.5
11:33:54,6343.5
11:33:56,6343.5
11:33:59,6343.5
11:34:01,6343.5
11:34:04,6338.05
11:34:07,6338.05
11:34:09,6338.05
11:34:12,6338.05
11:34:14,6338.05
11:34:16,6338.05
11:34:19,6341.15
11:34:22,6341.15
11:34:24,6341.15
11:34:28,6341.15
11:34:30,6341.15
11:34:32,6341.15
11:34:34,6341.15
11:34:37,6341.15
11:34:39,6341.15
11:34:41,6341.15
11:34:44,6341.15
11:34:46,6338.1
11:34:48,6338.1
11:34:50,6338.1
11:34:53,6338.1
11:34:55,6338.1
11:34:57,6338.1
11:35:00,6338.1
11:35:02,6338.1
11:35:04,6338.1
11:35:07,6338.1
11:35:09,6338.1
11:35:14,6339.6
11:35:17,6339.6
11:35:19,6339.6
11:35:21,6339.6
11:35:25,6339.6
11:35:27,6339.6
11:35:30,6339.6
11:35:32,6339.6
11:35:34,6339.6
11:35:36,6339.6
11:35:39,6339.6
11:35:41,6339.6
11:35:43,6339.6
11:35:45,6339.6
11:35:48,6339.6
11:35:50,6339.6
11:35:52,6339.6
11:35:55,6339.6
11:35:58,6340.65
11:36:00,6340.65
11:36:02,6340.65
11:36:05,6340.65
11:36:07,6340.65
11:36:09,6340.65
11:36:12,6340.65
11:36:14,6340.65
11:36:16,6340.65
11:36:20,6340.65
11:36:23,6340.65
11:36:26,6340.65
11:36:28,6340.65
11:36:30,6340.65
11:36:33,6340.65
11:36:35,6340.65
11:36:37,6340.65
11:36:40,6340.65
11:36:42,6340.65
11:36:44,6340.65
11:36:48,6340.0
11:36:51,6340.0
11:36:53,6340.0
11:36:55,6340.0
11:36:58,6340.0
11:37:00,6340.0
11:37:02,6340.0
11:37:05,6340.0
11:37:07,6340.0
11:37:09,6340.0
11:37:12,6340.0
11:37:14,6340.0
11:37:16,6340.0
11:37:19,6340.0
11:37:21,6340.0
11:37:23,6340.0
11:37:25,6340.0
11:37:28,6340.0
11:37:30,6340.0
11:37:35,6342.6
11:37:37,6342.6
11:37:39,6342.6
11:37:42,6342.6
11:37:44,6342.6
11:37:46,6342.6
11:37:49,6342.6
11:37:51,6342.6
11:37:54,6342.6
11:37:56,6342.6
11:37:59,6342.6
11:38:01,6342.5
11:38:03,6342.5
11:38:06,6342.5
11:38:08,6342.5
11:38:11,6342.5
11:38:13,6342.5
11:38:15,6342.5
11:38:18,6342.5
11:38:20,6342.5
11:38:22,6342.5
11:38:25,6342.5
11:38:27,6342.5
11:38:30,6342.5
11:38:32,6342.5
11:38:34,6342.5
11:38:37,6342.5
11:38:39,6342.5
11:38:42,6342.5
11:38:44,6342.5
11:38:46,6342.5
11:38:49,6342.5
11:38:51,6342.5
11:38:53,6342.5
11:38:56,6342.5
11:38:58,6340.25
11:39:01,6340.25
11:39:03,6340.25
11:39:05,6340.25
11:39:08,6340.25
11:39:10,6340.25
11:39:13,6340.25
11:39:15,6340.25
11:39:17,6340.25
11:39:20,6340.25
11:39:22,6340.25
11:39:24,6340.25
11:39:27,6340.7
11:39:29,6340.7
11:39:31,6340.7
11:39:34,6340.7
11:39:36,6340.7
11:39:38,6340.7
11:39:41,6340.7
11:39:43,6340.7
11:39:46,6340.7
11:39:48,6340.7
11:39:50,6340.7
11:39:53,6340.7
11:39:55,6340.7
11:39:57,6340.7
11:40:00,6340.7
11:40:02,6340.7
11:40:05,6340.7
11:40:07,6340.7
11:40:09,6340.7
11:40:12,6340.7
11:40:14,6340.7
11:40:16,6340.7
11:40:19,6340.7
11:40:21,6340.7
11:40:24,6336.0
11:40:27,6336.0
11:40:29,6336.0
11:40:31,6336.0
11:40:34,6336.0
11:40:36,6336.0
11:40:39,6336.0
11:40:41,6336.0
11:40:44,6336.0
11:40:46,6336.0
11:40:48,6336.0
11:40:51,6336.0
11:40:53,6336.0
11:40:59,6347.0
11:41:02,6347.0
11:41:04,6347.0
11:41:06,6347.0
11:41:09,6347.0
11:41:12,6347.0
11:41:14,6347.0
11:41:16,6347.0
11:41:19,6347.0
11:41:22,6347.0
11:41:25,6347.0
11:41:29,6348.0
11:41:32,6348.0
11:41:34,6348.0
11:41:37,6348.0
11:41:39,6348.0
11:41:41,6348.0
11:41:44,6348.0
11:41:46,6348.0
11:41:48,6348.0
11:41:50,6348.0
11:41:53,6348.0
11:41:55,6348.0
11:41:57,6348.0
11:41:59,6345.7
11:42:02,6345.7
11:42:04,6345.7
11:42:06,6345.7
11:42:09,6345.7
11:42:11,6345.7
11:42:13,6345.7
11:42:16,6345.7
11:42:18,6345.7
11:42:20,6345.7
11:42:23,6345.7
11:42:25,6345.7
11:42:27,6345.8
11:42:30,6345.8
11:42:32,6345.8
11:42:34,6345.8
11:42:37,6345.8
11:42:39,6345.8
11:42:56,6345.8
11:42:59,6345.8
11:43:01,6345.8
11:43:03,6345.8
11:43:05,6345.8
11:43:08,6345.8
11:43:10,6345.8
11:43:13,6345.8
11:43:15,6345.8
11:43:18,6345.8
11:43:20,6345.8
11:43:22,6345.8
11:43:24,6345.8
11:43:27,6347.45
11:43:29,6347.45
11:43:32,6347.45
11:43:34,6347.45
11:43:36,6347.45
11:43:39,6347.45
11:43:42,6347.45
11:43:44,6347.45
11:43:46,6347.45
11:43:49,6347.45
11:43:52,6347.45
11:43:54,6344.6
11:43:56,6344.6
11:43:59,6344.6
11:44:01,6344.6
11:44:03,6344.6
11:44:05,6344.6
11:44:08,6344.6
11:44:10,6344.6
11:44:12,6344.6
11:44:15,6344.6
11:44:17,6344.6
11:44:19,6344.6
11:44:22,6344.6
11:44:24,6344.6
11:44:26,6344.6
11:44:29,6344.6
11:44:31,6344.6
11:44:33,6344.6
11:44:35,6344.65
11:44:38,6344.65
11:44:40,6344.65
11:44:42,6344.65
11:44:45,6344.65
11:44:49,6343.7
11:44:52,6343.7
11:44:54,6343.7
11:44:56,6343.7
11:44:58,6343.7
11:45:01,6343.7
11:45:06,6343.7
11:45:10,6343.7
11:45:12,6343.7
11:45:14,6343.7
11:45:17,6343.7
11:45:19,6343.7
11:45:22,6343.7
11:45:24,6343.7
11:45:27,6343.7
11:45:29,6343.7
11:45:31,6343.7
11:45:33,6343.7
11:45:36,6346.7
11:45:38,6346.7
11:45:41,6346.7
11:45:43,6346.7
11:45:45,6346.7
11:45:47,6346.7
11:45:50,6346.25
11:45:52,6346.25
11:45:55,6346.25
11:45:57,6346.25
11:45:59,6346.25
11:46:01,6346.25
11:46:04,6346.25
11:46:06,6346.25
11:46:08,6346.25
11:46:11,6346.25
11:46:13,6346.25
11:46:15,6346.25
11:46:18,6346.25
11:46:20,6346.25
11:46:25,6346.25
11:46:28,6346.25
11:46:30,6346.25
11:46:33,6349.3
11:46:35,6349.3
11:46:38,6349.3
11:46:40,6349.3
11:46:50,6354.7
11:46:53,6354.7
11:46:55,6354.7
11:46:57,6354.7
11:47:00,6354.7
11:47:02,6354.7
11:47:09,6354.7
11:47:11,6354.7
11:47:14,6354.7
11:47:16,6354.7
11:47:19,6354.7
11:47:24,6353.0
11:47:27,6353.0
11:47:30,6353.0
11:47:32,6353.0
11:47:34,6353.0
11:47:38,6353.0
11:47:40,6353.0
11:47:42,6353.0
11:47:45,6353.0
11:47:48,6353.0
11:47:50,6353.0
11:47:53,6353.0
11:47:55,6353.0
11:47:57,6353.0
11:48:00,6353.0
11:48:02,6353.0
11:48:04,6353.0
11:48:07,6353.0
11:48:09,6349.4
11:48:11,6349.4
11:48:14,6349.4
11:48:16,6349.4
11:48:18,6349.4
11:48:21,6349.4
11:48:23,6349.4
11:48:25,6349.4
11:48:29,6349.4
11:48:31,6349.4
11:48:33,6349.4
11:48:36,6352.4
11:48:39,6352.4
11:48:41,6352.4
11:48:43,6352.4
11:48:46,6352.4
11:48:48,6352.4
11:48:52,6352.4
11:48:54,6352.4
11:48:57,6352.4
11:48:59,6352.4
11:49:01,6352.4
11:49:04,6352.4
11:49:06,6352.4
11:49:08,6352.4
11:49:11,6352.4
11:49:13,6352.4
11:49:15,6352.4
11:49:18,6352.4
11:49:20,6352.4
11:49:23,6358.7
11:49:26,6358.7
11:49:29,6358.7
11:49:31,6358.7
11:49:34,6358.7
11:49:36,6358.7
11:49:38,6358.7
11:49:40,6358.7
11:49:43,6358.7
11:49:46,6358.7
11:49:49,6358.7
11:49:51,6358.7
11:49:54,6358.7
11:49:56,6358.7
11:49:58,6358.7
11:50:01,6358.7
11:50:03,6358.7
11:50:05,6352.7
11:50:08,6352.7
11:50:10,6352.7
11:50:12,6352.7
11:50:15,6352.7
11:50:17,6352.7
11:50:19,6352.7
11:50:22,6352.7
11:50:24,6352.7
11:50:26,6352.7
11:50:29,6352.7
11:50:31,6352.7
11:50:34,6353.0
11:50:36,6353.0
11:50:38,6353.0
11:50:41,6353.0
11:50:43,6353.0
11:50:47,6353.85
11:50:50,6353.85
11:50:52,6353.85
11:50:55,6353.85
11:50:57,6353.85
11:50:59,6353.85
11:51:02,6353.85
11:51:05,6353.85
11:51:07,6353.85
11:51:09,6353.85
11:51:12,6353.85
11:51:14,6353.85
11:51:16,6353.85
11:51:19,6353.85
11:51:21,6353.85
11:51:29,6353.85
11:51:31,6355.0
11:51:34,6355.0
11:51:37,6355.0
11:51:39,6355.0
11:51:43,6355.0
11:51:47,6355.0
11:51:50,6355.0
11:51:52,6355.0
11:51:55,6355.0
11:51:58,6351.4
11:52:00,6351.4
11:52:03,6351.4
11:52:05,6351.4
11:52:08,6351.4
11:52:10,6351.4
11:52:13,6351.4
11:52:15,6351.4
11:52:18,6351.4
11:52:21,6351.4
11:52:23,6351.4
11:52:26,6351.4
11:52:28,6350.0
11:52:31,6350.0
11:52:33,6350.0
11:52:36,6350.0
11:52:38,6350.0
11:52:41,6350.0
11:52:44,6350.0
11:52:46,6350.0
11:52:49,6350.0
11:52:51,6350.0
11:52:54,6350.0
11:52:56,6348.0
11:52:59,6348.0
11:53:02,6348.0
11:53:04,6348.0
11:53:06,6348.0
11:53:09,6348.0
11:53:12,6348.0
11:53:14,6348.0
11:53:18,6348.0
11:53:21,6348.0
11:53:23,6348.0
11:53:26,6346.1
11:53:32,6346.1
11:53:35,6346.1
11:53:37,6346.1
11:53:39,6346.1
11:53:42,6346.1
11:53:44,6346.1
11:53:47,6346.1
11:53:49,6346.1
11:53:52,6346.1
11:53:54,6346.1
11:53:57,6346.1
11:54:00,6346.1
11:54:03,6346.1
11:54:06,6347.05
11:54:08,6347.05
11:54:10,6347.05
11:54:13,6347.05
11:54:18,6347.05
11:54:21,6347.05
11:54:23,6347.05
11:54:26,6347.05
11:54:28,6347.05
11:54:31,6347.05
11:54:34,6345.0
11:54:36,6345.0
11:54:39,6345.0
11:54:41,6345.0
11:54:44,6345.0
11:54:46,6345.0
11:54:50,6345.0
11:54:54,6345.0
11:54:57,6345.0
11:55:05,6345.0
11:55:08,6345.0
11:55:10,6345.0
11:55:12,6345.0
11:55:15,6345.0
11:55:20,6346.95
11:55:23,6346.95
11:55:25,6346.95
11:55:28,6346.95
11:55:31,6346.95
11:55:33,6346.95
11:55:36,6346.95
11:55:38,6346.95
11:55:41,6346.95
11:55:44,6346.95
11:55:47,6346.95
11:55:50,6346.95
11:55:52,6346.95
11:55:59,6346.95
11:56:03,6346.95
11:56:06,6346.95
11:56:08,6346.95
11:56:10,6346.95
11:56:13,6349.3
11:56:15,6349.3
11:56:18,6349.3
11:56:21,6349.3
11:56:23,6349.3
11:56:25,6349.3
11:56:28,6348.85
11:56:32,6348.85
11:56:34,6348.85
11:56:36,6348.85
11:56:39,6348.85
11:56:42,6348.85
11:56:44,6348.85
11:56:47,6348.85
11:56:49,6348.85
11:56:51,6348.85
11:56:53,6348.85
11:56:56,6346.0
11:56:58,6346.0
11:57:00,6346.0
11:57:02,6346.0
11:57:05,6346.0
11:57:07,6346.0
11:57:09,6346.0
11:57:12,6346.0
11:57:14,6346.0
11:57:16,6346.0
11:57:18,6346.0
11:57:21,6346.0
11:57:23,6346.0
11:57:26,6346.0
11:57:28,6346.0
11:57:30,6346.0
11:57:33,6346.0
11:57:35,6346.0
11:57:37,6346.9
11:57:39,6346.9
11:57:42,6346.9
11:57:44,6346.9
11:57:47,6346.9
11:57:49,6346.9
11:57:51,6346.9
11:57:53,6346.9
11:57:56,6346.9
11:57:58,6346.9
11:58:00,6346.9
11:58:03,6346.9
11:58:05,6346.9
11:58:07,6346.9
11:58:10,6346.9
11:58:12,6346.9
11:58:14,6346.9
11:58:16,6346.9
11:58:19,6346.9
11:58:21,6346.9
11:58:23,6346.9
11:58:26,6346.9
11:58:28,6346.9
11:58:30,6346.9
11:58:33,6349.0
11:58:35,6349.0
11:58:37,6349.0
11:58:40,6349.0
11:58:42,6349.0
11:58:45,6349.0
11:58:47,6349.0
11:58:49,6349.0
11:58:52,6349.0
11:58:54,6349.0
11:58:56,6349.0
11:58:59,6349.0
11:59:01,6349.0
11:59:04,6349.0
11:59:06,6349.0
11:59:09,6349.0
11:59:11,6349.0
11:59:13,6349.0
11:59:16,6347.6
11:59:18,6347.6
11:59:20,6347.6
11:59:23,6347.6
11:59:25,6347.6
11:59:28,6347.6
11:59:30,6347.6
11:59:32,6347.6
11:59:35,6347.6
11:59:37,6347.6
11:59:40,6347.6
11:59:42,6347.6
11:59:44,6347.6
11:59:47,6347.6
11:59:50,6347.6
11:59:52,6347.6
11:59:54,6347.6
11:59:56,6347.6
12:00:06,6343.4
12:00:09,6343.4
12:00:11,6343.4
12:00:13,6343.4
12:00:15,6343.4
12:00:18,6343.4
12:00:21,6343.4
12:00:23,6343.4
12:00:25,6343.4
12:00:28,6343.0
12:00:30,6343.0
12:00:33,6343.0
12:00:35,6343.0
12:00:37,6343.0
12:00:39,6343.0
12:00:42,6343.0
12:00:44,6343.0
12:00:46,6343.0
12:00:49,6343.0
12:00:51,6343.0
12:00:54,6343.0
12:00:56,6343.0
12:00:58,6343.0
12:01:01,6343.0
12:01:03,6343.0
12:01:05,6343.0
12:01:08,6343.0
12:01:10,6343.0
12:01:12,6343.0
12:01:15,6343.0
12:01:17,6343.0
12:01:19,6343.0
12:01:22,6343.0
12:01:24,6343.0
12:01:26,6343.0
12:01:31,6343.0
12:01:36,6343.0
12:01:38,6344.1
12:01:41,6344.1
12:01:43,6344.1
12:01:46,6344.1
12:01:48,6344.1
12:01:50,6344.1
12:01:53,6344.1
12:01:55,6344.1
12:01:58,6344.1
12:02:00,6344.1
12:02:03,6344.1
12:02:05,6344.1
12:02:08,6345.0
12:02:12,6345.0
12:02:14,6345.0
12:02:17,6345.0
12:02:19,6345.0
12:02:21,6345.0
12:02:24,6345.0
12:02:27,6345.0
12:02:29,6345.0
12:02:32,6345.4
12:02:35,6345.4
12:02:37,6345.4
12:02:40,6345.4
12:02:42,6345.4
12:02:45,6345.4
12:02:47,6345.4
12:02:49,6345.4
12:02:52,6345.4
12:02:54,6345.4
12:02:57,6345.4
12:02:59,6345.4
12:03:01,6344.05
12:03:04,6344.05
12:03:06,6344.05
12:03:08,6344.05
12:03:11,6344.05
12:03:13,6344.05
12:03:16,6344.05
12:03:18,6344.05
12:03:20,6344.05
12:03:23,6344.05
12:03:25,6344.05
12:03:28,6344.05
12:03:30,6344.05
12:03:33,6342.3
12:03:36,6342.3
12:03:38,6342.3
12:03:41,6342.3
12:03:43,6342.3
12:03:46,6342.3
12:03:48,6342.3
12:03:51,6342.3
12:03:53,6342.3
12:03:56,6342.3
12:03:58,6342.3
12:04:01,6341.0
12:04:03,6341.0
12:04:05,6341.0
12:04:08,6341.0
12:04:10,6341.0
12:04:13,6341.0
12:04:16,6341.0
12:04:19,6341.0
12:04:21,6341.0
12:04:23,6341.0
12:04:26,6341.0
12:04:28,6341.0
12:04:30,6341.0
12:04:33,6341.0
12:04:35,6341.0
12:04:37,6341.0
12:04:40,6341.0
12:04:42,6340.15
12:04:45,6340.15
12:04:47,6340.15
12:04:49,6340.15
12:04:52,6340.15
12:04:54,6340.15
12:04:56,6340.15
12:04:59,6340.15
12:05:01,6340.15
12:05:03,6340.15
12:05:06,6340.15
12:05:08,6340.15
12:05:11,6345.0
12:05:13,6345.0
12:05:15,6345.0
12:05:18,6345.0
12:05:21,6345.0
12:05:25,6341.5
12:05:27,6341.5
12:05:29,6341.5
12:05:32,6341.5
12:05:34,6341.5
12:05:37,6341.5
12:05:40,6341.5
12:05:43,6341.5
12:05:45,6341.5
12:05:47,6341.5
12:05:57,6341.5
12:06:01,6341.5
12:06:03,6341.5
12:06:05,6341.5
12:06:08,6341.5
12:06:10,6341.5
12:06:13,6345.6
12:06:19,6345.6
12:06:21,6345.6
12:06:23,6345.6
12:06:26,6347.0
12:06:28,6347.0
12:06:30,6347.0
12:06:39,6347.0
12:06:41,6347.0
12:06:44,6347.0
12:06:46,6347.0
12:06:49,6347.0
12:06:51,6347.0
12:06:53,6347.0
12:06:56,6347.0
12:06:58,6347.0
12:07:00,6347.0
12:07:03,6347.0
12:07:05,6347.0
12:07:07,6347.0
12:07:13,6347.0
12:07:15,6347.0
12:07:18,6347.0
12:07:20,6347.0
12:07:22,6347.0
12:07:25,6347.0
12:07:28,6347.0
12:07:31,6347.0
12:07:33,6347.0
12:07:35,6347.0
12:07:39,6346.05
12:07:41,6346.05
12:07:44,6346.05
12:07:46,6346.05
12:07:48,6346.05
12:07:51,6346.05
12:07:53,6346.05
12:07:55,6346.05
12:07:59,6346.05
12:08:01,6346.05
12:08:03,6346.05
12:08:10,6345.0
12:08:12,6345.0
12:08:15,6345.0
12:08:17,6345.0
12:08:19,6345.0
12:08:22,6345.0
12:08:24,6345.0
12:08:26,6342.45
12:08:29,6342.45
12:08:31,6342.45
12:08:34,6342.45
12:08:36,6342.45
12:08:38,6342.45
12:08:41,6342.45
12:08:43,6342.45
12:08:45,6342.45
12:08:48,6342.45
12:08:50,6342.45
12:08:53,6342.45
12:08:55,6342.95
12:08:58,6342.95
12:09:00,6342.95
12:09:02,6342.95
12:09:05,6342.95
12:09:07,6342.95
12:09:09,6342.95
12:09:12,6342.95
12:09:14,6342.95
12:09:17,6342.95
12:09:19,6342.95
12:09:21,6342.95
12:09:25,6342.0
12:09:27,6342.0
12:09:30,6342.0
12:09:32,6342.0
12:09:34,6342.0
12:09:37,6342.0
12:09:39,6342.0
12:09:41,6342.0
12:09:44,6342.0
12:09:46,6342.0
12:09:49,6342.0
12:09:52,6342.0
12:09:54,6341.7
12:09:56,6341.7
12:09:59,6341.7
12:10:05,6341.7
12:10:07,6341.7
12:10:10,6341.7
12:10:12,6341.7
12:10:14,6341.7
12:10:17,6341.7
12:10:19,6341.7
12:10:22,6344.5
12:10:24,6344.5
12:10:26,6344.5
12:10:28,6344.5
12:10:31,6344.5
12:10:33,6344.5
12:10:35,6344.5
12:10:38,6344.5
12:10:40,6344.5
12:10:43,6344.5
12:10:45,6344.5
12:10:47,6344.5
12:10:50,6343.75
12:10:54,6343.75
12:10:56,6343.75
12:10:59,6343.75
12:11:01,6343.75
12:11:03,6343.75
12:11:06,6343.75
12:11:08,6343.75
12:11:10,6343.75
12:11:13,6343.75
12:11:15,6343.75
12:11:17,6342.05
12:11:20,6342.05
12:11:22,6342.05
12:11:24,6342.05
12:11:27,6342.05
12:11:31,6342.05
12:11:33,6342.05
12:11:35,6342.05
12:11:39,6342.05
12:11:41,6342.05
12:11:43,6342.05
12:11:46,6342.05
12:11:48,6342.05
12:11:51,6342.05
12:11:53,6342.05
12:11:55,6342.05
12:11:58,6342.05
12:12:00,6342.05
12:12:02,6342.05
12:12:05,6342.05
12:12:07,6342.05
12:12:10,6342.05
12:12:13,6342.05
12:12:15,6340.0
12:12:18,6340.0
12:12:20,6340.0
12:12:22,6340.0
12:12:25,6340.0
12:12:29,6340.0
12:12:31,6340.0
12:12:34,6340.0
12:12:36,6340.0
12:12:38,6340.0
12:12:40,6340.0
12:12:43,6340.0
12:12:45,6340.0
12:12:47,6340.0
12:12:50,6340.0
12:12:52,6340.0
12:12:54,6340.0
12:12:57,6340.0
12:12:59,6340.9
12:13:01,6340.9
12:13:04,6340.9
12:13:06,6340.9
12:13:08,6340.9
12:13:11,6340.9
12:13:13,6340.9
12:13:15,6340.9
12:13:18,6340.9
12:13:20,6340.9
12:13:23,6340.9
12:13:25,6340.9
12:13:27,6340.9
12:13:30,6340.9
12:13:32,6340.9
12:13:34,6340.9
12:13:37,6340.9
12:13:39,6340.9
12:13:41,6345.0
12:13:43,6345.0
12:13:46,6345.0
12:13:48,6345.0
12:13:50,6345.0
12:13:53,6345.0
12:13:55,6346.1
12:13:57,6346.1
12:14:00,6346.1
12:14:02,6346.1
12:14:04,6346.1
12:14:07,6346.1
12:14:09,6346.1
12:14:11,6346.1
12:14:14,6346.1
12:14:16,6346.1
12:14:19,6346.1
12:14:21,6346.1
12:14:24,6345.9
12:14:26,6345.9
12:14:29,6345.9
12:14:31,6345.9
12:14:33,6345.9
12:14:36,6345.9
12:14:38,6345.9
12:14:41,6345.9
12:14:43,6345.9
12:14:45,6345.9
12:14:48,6345.9
12:14:50,6345.9
12:14:52,6343.0
12:14:55,6343.0
12:14:57,6343.0
12:14:59,6343.0
12:15:02,6343.0
12:15:04,6343.0
12:15:06,6343.0
12:15:09,6343.0
12:15:11,6343.0
12:15:14,6343.0
12:15:16,6343.0
12:15:18,6343.0
12:15:23,6343.9
12:15:27,6343.9
12:15:29,6343.9
12:15:31,6343.9
12:15:33,6343.9
12:15:36,6343.9
12:15:38,6343.9
12:15:40,6343.9
12:15:43,6343.9
12:15:45,6343.9
12:15:47,6343.9
12:15:50,6345.65
12:15:52,6345.65
12:15:55,6345.65
12:15:57,6345.65
12:15:59,6345.65
12:16:02,6345.65
12:16:04,6345.65
12:16:07,6345.65
12:16:09,6345.65
12:16:14,6345.65
12:16:16,6345.65
12:16:18,6345.65
12:16:21,6345.65
12:16:23,6345.65
12:16:25,6345.65
12:16:28,6345.65
12:16:30,6345.65
12:16:33,6346.0
12:16:35,6346.0
12:16:38,6346.0
12:16:41,6346.0
12:16:44,6346.0
12:16:46,6346.0
12:16:48,6346.0
12:16:51,6346.0
12:16:54,6346.0
12:16:58,6346.0
12:17:00,6349.0
12:17:03,6349.0
12:17:05,6349.0
12:17:07,6349.0
12:17:10,6349.0
12:17:13,6349.0
12:17:15,6349.0
12:17:18,6349.0
12:17:21,6349.0
12:17:23,6349.0
12:17:25,6349.0
12:17:28,6351.0
12:17:30,6351.0
12:17:33,6351.0
12:17:35,6351.0
12:17:38,6351.0
12:17:40,6351.0
12:17:43,6351.0
12:17:45,6351.0
12:17:47,6351.0
12:17:50,6351.0
12:17:52,6351.0
12:17:56,6351.0
12:17:58,6359.45
12:18:01,6359.45
12:18:03,6359.45
12:18:06,6359.45
12:18:09,6359.45
12:18:11,6359.45
12:18:13,6359.45
12:18:16,6359.45
12:18:19,6359.45
12:18:22,6359.45
12:18:24,6359.45
12:18:26,6359.45
12:18:29,6359.45
12:18:32,6359.45
12:18:35,6359.45
12:18:37,6363.0
12:18:40,6363.0
12:18:42,6363.0
12:18:44,6363.0
12:18:47,6363.0
12:18:49,6363.0
12:18:56,6363.0
12:18:58,6363.0
12:19:00,6363.0
12:19:03,6363.0
12:19:05,6360.0
12:19:08,6360.0
12:19:11,6360.0
12:19:14,6360.0
12:19:16,6360.0
12:19:19,6360.0
12:19:21,6360.0
12:19:23,6360.0
12:19:26,6360.0
12:19:28,6360.0
12:19:35,6361.9
12:19:38,6361.9
12:19:40,6361.9
12:19:43,6361.9
12:19:45,6361.9
12:19:47,6361.9
12:19:50,6361.9
12:19:52,6361.9
12:19:55,6361.9
12:19:57,6361.9
12:19:59,6361.9
12:20:02,6361.9
12:20:04,6361.9
12:20:06,6356.25
12:20:09,6356.25
12:20:11,6356.25
12:20:14,6356.25
12:20:16,6356.25
12:20:18,6356.25
12:20:21,6356.25
12:20:23,6356.25
12:20:26,6356.25
12:20:28,6356.25
12:20:31,6356.25
12:20:33,6356.25
12:20:35,6356.25
12:20:38,6356.25
12:20:41,6356.25
12:20:44,6356.25
12:20:46,6358.8
12:20:49,6358.8
12:20:51,6358.8
12:20:54,6358.8
12:20:56,6358.8
12:21:02,6358.3
12:21:07,6358.3
12:21:11,6358.3
12:21:13,6358.3
12:21:16,6358.3
12:21:20,6358.3
12:21:23,6358.3
12:21:25,6358.3
12:21:27,6358.3
12:21:30,6358.3
12:21:32,6358.3
12:21:35,6357.45
12:21:47,6357.45
12:21:50,6357.45
12:21:52,6357.45
12:21:55,6357.45
12:21:57,6357.45
12:21:59,6357.45
12:22:02,6357.45
12:22:04,6357.45
12:22:07,6357.0
12:22:10,6357.0
12:22:13,6357.0
12:22:15,6357.0
12:22:18,6357.0
12:22:20,6357.0
12:22:22,6357.0
12:22:25,6357.0
12:22:29,6358.0
12:22:31,6358.0
12:22:34,6358.0
12:22:36,6358.0
12:22:39,6358.0
12:22:41,6358.0
12:22:44,6358.0
12:22:47,6358.0
12:22:50,6358.0
12:22:52,6358.0
12:22:55,6358.0
12:22:57,6357.95
12:23:00,6357.95
12:23:02,6357.95
12:23:07,6357.95
12:23:09,6357.95
12:23:11,6357.95
12:23:14,6357.95
12:23:16,6357.95
12:23:20,6357.95
12:23:23,6357.95
12:23:25,6357.95
12:23:27,6357.95
12:23:30,6357.95
12:23:32,6357.95
12:23:35,6357.95
12:23:37,6357.95
12:23:40,6357.95
12:23:43,6357.95
12:23:46,6357.95
12:23:48,6357.95
12:23:51,6357.95
12:23:53,6357.95
12:23:56,6355.15
12:23:58,6355.15
12:24:00,6355.15
12:24:03,6355.15
12:24:05,6355.15
12:24:08,6356.75
12:24:10,6356.75
12:24:13,6356.75
12:24:15,6356.75
12:24:17,6356.75
12:24:20,6356.75
12:24:23,6356.75
12:24:26,6356.75
12:24:28,6356.75
12:24:31,6356.75
12:24:33,6356.75
12:24:35,6356.75
12:24:38,6356.0
12:24:41,6356.0
12:24:44,6356.0
12:24:46,6356.0
12:24:49,6356.0
12:24:51,6356.0
12:24:54,6354.3
12:24:57,6354.3
12:24:59,6354.3
12:25:04,6354.3
12:25:09,6354.3
12:25:11,6354.3
12:25:14,6354.3
12:25:16,6354.3
12:25:19,6354.3
12:25:21,6354.3
12:25:26,6354.3
12:25:29,6354.3
12:25:31,6354.3
12:25:33,6354.3
12:25:36,6354.4
12:25:38,6354.4
12:25:40,6354.4
12:25:43,6354.4
12:25:45,6354.4
12:25:48,6354.4
12:25:51,6354.4
12:25:53,6354.4
12:25:56,6354.4
12:25:58,6354.4
12:26:01,6354.4
12:26:03,6354.4
12:26:06,6354.4
12:26:08,6354.4
12:26:11,6354.4
12:26:13,6354.4
12:26:16,6350.55
12:26:18,6350.55
12:26:22,6350.55
12:26:24,6350.55
12:26:27,6350.55
12:26:29,6350.55
12:26:31,6350.55
12:26:34,6350.55
12:26:36,6350.55
12:26:39,6350.55
12:26:41,6350.55
12:26:43,6350.55
12:26:46,6350.55
12:26:49,6350.55
12:26:51,6350.55
12:26:54,6350.55
12:26:56,6350.55
12:26:58,6350.55
12:27:01,6351.4
12:27:03,6351.4
12:27:05,6351.4
12:27:08,6351.4
12:27:10,6351.4
12:27:12,6351.4
12:27:15,6351.4
12:27:17,6351.4
12:27:20,6351.4
12:27:22,6351.4
12:27:24,6351.4
12:27:27,6351.4
12:27:29,6351.4
12:27:31,6344.45
12:27:33,6344.45
12:27:38,6344.45
12:27:40,6344.45
12:27:43,6344.45
12:27:45,6344.45
12:27:47,6344.45
12:27:49,6344.45
12:27:52,6344.45
12:27:54,6344.45
12:27:57,6344.45
12:27:59,6345.75
12:28:01,6345.75
12:28:04,6345.75
12:28:06,6345.75
12:28:08,6345.75
12:28:11,6345.75
12:28:13,6345.75
12:28:15,6345.75
12:28:18,6345.75
12:28:20,6345.75
12:28:22,6345.75
12:28:25,6345.75
12:28:27,6345.75
12:28:29,6345.75
12:28:32,6343.05
12:28:34,6343.05
12:28:36,6343.05
12:28:39,6343.05
12:28:41,6343.05
12:28:44,6343.05
12:28:46,6343.05
12:28:48,6343.05
12:28:51,6343.05
12:28:53,6343.05
12:28:56,6343.05
12:29:02,6340.3
12:29:08,6340.3
12:29:10,6340.3
12:29:19,6340.3
12:29:21,6340.3
12:29:24,6340.3
12:29:26,6340.3
12:29:29,6340.3
12:29:31,6340.3
12:29:34,6340.3
12:29:36,6340.3
12:29:38,6340.3
12:29:41,6340.3
12:29:43,6340.3
12:29:45,6339.0
12:29:47,6339.0
12:29:50,6339.0
12:29:52,6339.0
12:29:55,6339.0
12:29:57,6339.0
12:29:59,6339.0
12:30:02,6339.0
12:30:04,6339.0
12:30:06,6339.0
12:30:09,6339.0
12:30:11,6339.0
12:30:13,6339.0
12:30:16,6339.0
12:30:18,6339.0
12:30:20,6339.0
12:30:23,6339.0
12:30:25,6339.0
12:30:28,6339.0
12:30:30,6339.0
12:30:32,6339.0
12:30:34,6339.0
12:30:37,6339.0
12:30:39,6339.0
12:30:41,6339.0
12:30:44,6339.0
12:30:46,6339.0
12:30:49,6339.0
12:30:51,6339.0
12:30:53,6339.0
12:30:56,6339.0
12:30:58,6339.0
12:31:01,6339.0
12:31:03,6339.0
12:31:05,6339.0
12:31:08,6339.0
12:31:10,6330.1
12:31:12,6330.1
12:31:15,6330.1
12:31:17,6330.1
12:31:19,6330.1
12:31:22,6330.1
12:31:24,6329.35
12:31:27,6329.35
12:31:29,6329.35
12:31:31,6329.35
12:31:34,6329.35
12:31:36,6329.35
12:31:38,6329.35
12:31:41,6329.35
12:31:43,6329.35
12:31:45,6329.35
12:31:52,6329.35
12:31:54,6329.35
12:31:57,6329.35
12:31:59,6329.35
12:32:01,6329.35
12:32:04,6329.35
12:32:06,6329.35
12:32:09,6331.35
12:32:11,6331.35
12:32:13,6331.35
12:32:16,6331.35
12:32:18,6331.35
12:32:20,6331.35
12:32:23,6331.05
12:32:25,6331.05
12:32:27,6331.05
12:32:29,6331.05
12:32:32,6331.05
12:32:34,6331.05
12:32:37,6331.05
12:32:39,6331.05
12:32:41,6331.05
12:32:44,6331.05
12:32:46,6331.05
12:32:49,6329.65
12:32:51,6329.65
12:32:54,6329.65
12:32:56,6329.65
12:32:58,6329.65
12:33:01,6329.65
12:33:03,6329.65
12:33:10,6329.65
12:33:13,6329.65
12:33:16,6329.65
12:33:18,6329.65
12:33:21,6335.3
12:33:23,6335.3
12:33:25,6335.3
12:33:29,6335.3
12:33:31,6335.3
12:33:35,6335.3
12:33:40,6335.3
12:33:43,6335.3
12:33:45,6335.3
12:33:47,6335.3
12:33:50,6330.05
12:33:52,6330.05
12:33:55,6330.05
12:33:57,6330.05
12:33:59,6330.05
12:34:02,6330.05
12:34:05,6330.05
12:34:09,6330.05
12:34:12,6330.05
12:34:15,6330.05
12:34:17,6330.05
12:34:19,6330.05
12:34:22,6330.05
12:34:24,6330.05
12:34:27,6330.05
12:34:29,6330.05
12:34:31,6330.05
12:34:34,6330.05
12:34:36,6330.95
12:34:39,6330.95
12:34:41,6330.95
12:34:43,6330.95
12:34:45,6330.95
12:34:48,6330.95
12:34:50,6330.95
12:34:53,6330.95
12:34:55,6330.95
12:34:57,6330.95
12:35:00,6330.95
12:35:02,6330.95
12:35:05,6330.95
12:35:07,6330.95
12:35:09,6330.95
12:35:12,6330.95
12:35:17,6330.95
12:35:19,6336.4
12:35:22,6336.4
12:35:24,6336.4
12:35:27,6336.4
12:35:29,6336.4
12:35:39,6332.6
12:35:42,6332.6
12:35:44,6332.6
12:35:47,6332.6
12:35:49,6332.6
12:35:51,6332.6
12:35:55,6331.8
12:35:57,6331.8
12:36:00,6331.8
12:36:02,6331.8
12:36:05,6331.8
12:36:07,6331.8
12:36:10,6331.8
12:36:12,6331.8
12:36:15,6331.8
12:36:17,6331.8
12:36:19,6331.8
12:36:22,6331.8
12:36:24,6331.8
12:36:27,6331.8
12:36:29,6331.8
12:36:31,6331.8
12:36:34,6331.8
12:36:36,6331.8
12:36:39,6329.7
12:36:41,6329.7
12:36:44,6329.7
12:36:46,6329.7
12:36:48,6329.7
12:36:52,6329.7
12:37:00,6329.7
12:37:03,6329.7
12:37:05,6329.7
12:37:10,6324.0
12:37:12,6324.0
12:37:14,6324.0
12:37:19,6324.0
12:37:22,6324.0
12:37:24,6324.0
12:37:26,6324.0
12:37:29,6324.0
12:37:31,6324.0
12:37:33,6324.0
12:37:36,6324.0
12:37:38,6324.0
12:37:40,6316.05
12:37:43,6316.05
12:37:45,6316.05
12:37:47,6316.05
12:37:50,6316.05
12:37:52,6316.05
12:37:54,6316.05
12:37:56,6316.05
12:37:59,6316.05
12:38:01,6316.05
12:38:03,6316.05
12:38:06,6316.05
12:38:09,6315.5
12:38:12,6315.5
12:38:14,6315.5
12:38:17,6315.5
12:38:19,6315.5
12:38:21,6315.5
12:38:23,6315.5
12:38:37,6319.6
12:38:40,6319.6
12:38:42,6319.6
12:38:45,6319.6
12:38:47,6319.6
12:38:50,6319.6
12:38:52,6317.9
12:38:55,6317.9
12:38:59,6317.9
12:39:02,6317.9
12:39:04,6317.9
12:39:07,6317.9
12:39:10,6317.9
12:39:12,6317.9
12:39:14,6317.9
12:39:17,6317.9
12:39:19,6317.9
12:39:21,6317.9
12:39:24,6317.9
12:39:26,6317.9
12:39:29,6317.9
12:39:31,6317.9
12:39:33,6317.9
12:39:36,6314.45
12:39:38,6314.45
12:39:40,6314.45
12:39:42,6314.45
12:39:45,6314.45
12:39:47,6314.45
12:39:49,6313.0
12:39:52,6313.0
12:39:54,6313.0
12:39:56,6313.0
12:39:59,6313.0
12:40:01,6313.0
12:40:03,6313.0
12:40:05,6313.0
12:40:08,6313.0
12:40:10,6313.0
12:40:12,6313.0
12:40:16,6313.0
12:40:18,6313.0
12:40:20,6313.0
12:40:23,6313.0
12:40:26,6313.0
12:40:28,6313.0
12:40:30,6313.0
12:40:33,6315.0
12:40:36,6315.0
12:40:38,6315.0
12:40:41,6315.0
12:40:43,6315.0
12:40:46,6315.35
12:40:48,6315.35
12:40:51,6315.35
12:40:54,6315.35
12:40:56,6315.35
12:40:59,6315.35
12:41:01,6315.35
12:41:04,6315.35
12:41:12,6315.35
12:41:15,6315.35
12:41:17,6315.35
12:41:19,6315.35
12:41:22,6315.35
12:41:24,6315.35
12:41:26,6315.35
12:41:29,6315.35
12:41:31,6315.35
12:41:33,6315.35
12:41:36,6315.35
12:41:38,6315.35
12:41:40,6315.35
12:41:43,6319.95
12:41:45,6319.95
12:41:47,6319.95
12:41:49,6319.95
12:41:54,6319.95
12:41:57,6319.0
12:41:59,6319.0
12:42:01,6319.0
12:42:04,6319.0
12:42:06,6319.0
12:42:09,6319.0
12:42:12,6319.0
12:42:14,6319.0
12:42:16,6319.0
12:42:19,6319.0
12:42:21,6319.0
12:42:23,6319.0
12:42:26,6319.0
12:42:28,6319.0
12:42:31,6319.0
12:42:33,6319.0
12:42:35,6319.0
12:42:38,6319.0
12:42:40,6316.05
12:42:43,6316.05
12:42:45,6316.05
12:42:48,6316.05
12:42:50,6316.05
12:42:56,6317.65
12:43:01,6317.65
12:43:03,6317.65
12:43:06,6317.65
12:43:08,6317.65
12:43:10,6317.65
12:43:13,6317.65
12:43:16,6317.65
12:43:18,6317.65
12:43:21,6317.65
12:43:23,6317.65
12:43:26,6317.65
12:43:28,6317.65
12:43:30,6317.65
12:43:33,6317.65
12:43:35,6317.65
12:43:37,6320.0
12:43:40,6320.0
12:43:42,6320.0
12:43:45,6320.0
12:43:47,6320.0
12:43:50,6320.0
12:43:52,6320.0
12:43:55,6320.0
12:43:57,6320.0
12:43:59,6320.0
12:44:02,6320.0
12:44:04,6320.0
12:44:06,6317.55
12:44:09,6317.55
12:44:11,6317.55
12:44:13,6317.55
12:44:16,6317.55
12:44:18,6317.55
12:44:21,6317.55
12:44:23,6317.55
12:44:25,6317.55
12:44:28,6317.55
12:44:31,6317.55
12:44:33,6317.5
12:44:36,6317.5
12:44:38,6317.5
12:44:41,6317.5
12:44:43,6317.5
12:44:47,6317.5
12:44:49,6317.5
12:44:51,6317.5
12:44:54,6317.5
12:44:56,6317.5
12:44:58,6317.5
12:45:01,6317.5
12:45:03,6317.5
12:45:06,6317.5
12:45:08,6317.5
12:45:10,6317.5
12:45:13,6317.5
12:45:15,6317.5
12:45:18,6315.6
12:45:21,6315.6
12:45:26,6315.6
12:45:29,6315.6
12:45:31,6315.6
12:45:34,6315.6
12:45:38,6315.6
12:45:40,6315.6
12:45:42,6315.6
12:45:45,6315.6
12:45:47,6316.45
12:45:50,6316.45
12:45:52,6316.45
12:45:55,6316.45
12:45:58,6316.45
12:46:00,6320.7
12:46:03,6320.7
12:46:06,6320.7
12:46:08,6320.7
12:46:10,6320.7
12:46:13,6320.7
12:46:15,6320.7
12:46:17,6320.7
12:46:20,6320.7
12:46:22,6320.7
12:46:25,6320.7
12:46:27,6320.7
12:46:31,6323.2
12:46:33,6323.2
12:46:36,6323.2
12:46:38,6323.2
12:46:42,6323.2
12:46:44,6323.2
12:46:46,6323.2
12:46:49,6323.2
12:46:51,6323.2
12:46:56,6323.2
12:47:01,6323.2
12:47:03,6323.2
12:47:06,6323.2
12:47:08,6323.2
12:47:10,6323.2
12:47:13,6319.7
12:47:15,6319.7
12:47:17,6319.7
12:47:20,6319.7
12:47:22,6319.7
12:47:24,6319.7
12:47:27,6319.7
12:47:29,6319.7
12:47:31,6319.7
12:47:33,6319.7
12:47:36,6319.7
12:47:38,6319.7
12:47:41,6321.95
12:47:43,6321.95
12:47:45,6321.95
12:47:48,6321.95
12:47:50,6321.95
12:47:52,6321.95
12:47:54,6320.0
12:47:57,6320.0
12:47:59,6320.0
12:48:01,6320.0
12:48:04,6320.0
12:48:06,6320.0
12:48:08,6320.0
12:48:11,6320.0
12:48:13,6320.0
12:48:15,6320.0
12:48:17,6320.0
12:48:20,6320.0
12:48:22,6320.8
12:48:24,6320.8
12:48:27,6320.8
12:48:29,6320.8
12:48:31,6320.8
12:48:34,6320.8
12:48:36,6320.8
12:48:38,6320.8
12:48:41,6320.8
12:48:43,6320.8
12:48:45,6320.8
12:48:48,6320.8
12:48:50,6320.8
12:48:52,6320.8
12:48:55,6320.8
12:48:57,6320.8
12:49:00,6320.8
12:49:02,6320.8
12:49:06,6320.75
12:49:08,6320.75
12:49:10,6320.75
12:49:13,6320.75
12:49:15,6320.75
12:49:17,6320.75
12:49:20,6320.75
12:49:22,6320.75
12:49:24,6320.75
12:49:27,6320.75
12:49:29,6320.75
12:49:31,6320.75
12:49:34,6315.65
12:49:36,6315.65
12:49:38,6315.65
12:49:41,6315.65
12:49:43,6315.65
12:49:46,6315.65
12:49:50,6315.65
12:49:52,6315.65
12:49:54,6315.65
12:49:57,6315.65
12:49:59,6315.65
12:50:01,6315.35
12:50:04,6315.35
12:50:06,6315.35
12:50:08,6315.35
12:50:10,6315.35
12:50:13,6315.35
12:50:15,6315.35
12:50:18,6315.35
12:50:20,6315.35
12:50:22,6315.35
12:50:25,6315.35
12:50:27,6315.35
12:50:30,6316.65
12:50:32,6316.65
12:50:34,6316.65
12:50:36,6316.65
12:50:39,6316.65
12:50:41,6316.65
12:50:44,6316.65
12:50:46,6316.65
12:50:48,6316.65
12:50:51,6316.65
12:50:53,6316.65
12:50:55,6316.65
12:50:58,6316.0
12:51:00,6316.0
12:51:02,6316.0
12:51:05,6316.0
12:51:07,6316.0
12:51:09,6316.0
12:51:12,6316.0
12:51:15,6316.0
12:51:18,6316.0
12:51:20,6316.0
12:51:23,6316.0
12:51:25,6316.0
12:51:27,6316.0
12:51:30,6322.2
12:51:33,6322.2
12:51:35,6322.2
12:51:37,6322.2
12:51:41,6322.2
12:51:43,6322.2
12:51:46,6322.2
12:51:48,6322.2
12:51:50,6322.2
12:51:53,6322.2
12:51:58,6322.2
12:52:02,6319.1
12:52:04,6319.1
12:52:06,6319.1
12:52:09,6319.1
12:52:11,6319.1
12:52:14,6319.1
12:52:16,6319.1
12:52:18,6319.1
12:52:21,6319.1
12:52:23,6319.1
12:52:25,6319.1
12:52:28,6319.75
12:52:30,6319.75
12:52:32,6319.75
12:52:35,6319.75
12:52:38,6319.75
12:52:41,6319.75
12:52:43,6319.75
12:52:45,6319.75
12:52:48,6319.75
12:52:50,6319.75
12:52:52,6319.75
12:52:55,6319.75
12:52:58,6319.75
12:53:00,6319.75
12:53:03,6319.75
12:53:05,6319.75
12:53:08,6319.75
12:53:11,6317.9
12:53:13,6317.9
12:53:16,6317.9
12:53:18,6317.9
12:53:20,6317.9
12:53:26,6317.5
12:53:30,6317.5
12:53:33,6317.5
12:53:36,6317.5
12:53:38,6317.5
12:53:40,6317.5
12:53:43,6317.5
12:53:45,6317.5
12:53:48,6317.5
12:53:51,6317.5
12:53:53,6317.5
12:53:55,6317.5
12:53:58,6317.5
12:54:00,6317.5
12:54:03,6317.5
12:54:05,6317.5
12:54:07,6317.5
12:54:10,6317.0
12:54:12,6317.0
12:54:17,6317.0
12:54:21,6317.0
12:54:24,6316.75
12:54:26,6316.75
12:54:28,6316.75
12:54:31,6316.75
12:54:33,6316.75
12:54:35,6316.75
12:54:38,6316.75
12:54:40,6316.75
12:54:42,6316.75
12:54:45,6316.75
12:54:47,6316.75
12:54:50,6316.75
12:54:52,6316.75
12:54:55,6316.75
12:54:57,6316.75
12:54:59,6316.75
12:55:02,6316.75
12:55:05,6316.0
12:55:24,6316.0
12:55:27,6316.0
12:55:29,6316.0
12:55:32,6316.0
12:55:34,6316.0
12:55:39,6315.5
12:55:41,6315.5
12:55:43,6315.5
12:55:45,6315.5
12:55:48,6315.5
12:55:50,6315.5
12:55:52,6315.5
12:55:55,6315.5
12:55:57,6315.5
12:56:00,6315.5
12:56:02,6315.5
12:56:04,6318.8
12:56:07,6318.8
12:56:09,6318.8
12:56:11,6318.8
12:56:14,6318.8
12:56:16,6318.8
12:56:18,6318.8
12:56:20,6318.8
12:56:23,6318.8
12:56:25,6318.8
12:56:27,6318.8
12:56:30,6318.8
12:56:32,6318.7
12:56:34,6318.7
12:56:37,6318.7
12:56:39,6318.7
12:56:41,6318.7
12:56:44,6318.7
12:56:46,6318.7
12:56:48,6318.7
12:56:51,6318.7
12:56:53,6318.7
12:56:56,6318.7
12:57:01,6317.35
12:57:09,6317.35
12:57:18,6317.35
12:57:21,6317.35
12:57:23,6317.35
12:57:26,6317.35
12:57:28,6317.35
12:57:30,6317.35
12:57:35,6319.9
12:57:37,6319.9
12:57:40,6319.9
12:57:42,6319.9
12:57:47,6316.05
12:57:51,6316.05
12:57:54,6316.05
12:57:56,6316.05
12:57:59,6316.05
12:58:03,6316.05
12:58:05,6316.05
12:58:08,6316.05
12:58:10,6316.05
12:58:12,6316.05
12:58:15,6316.05
12:58:18,6316.05
12:58:21,6316.05
12:58:23,6316.05
12:58:25,6316.05
12:58:28,6316.05
12:58:31,6317.6
12:58:39,6317.6
12:58:41,6317.6
12:58:44,6317.6
12:58:46,6317.6
12:58:49,6317.6
12:58:51,6317.6
12:58:57,6317.6
12:59:05,6317.6
12:59:15,6316.0
12:59:18,6316.0
12:59:21,6316.0
12:59:23,6316.0
12:59:25,6316.0
12:59:27,6316.0
12:59:32,6316.0
12:59:35,6316.0
12:59:37,6316.0
12:59:39,6316.0
12:59:42,6316.0
12:59:44,6315.1
12:59:47,6315.1
12:59:52,6315.1
12:59:55,6315.1
12:59:58,6315.1
13:00:00,6318.55
13:00:03,6318.55
13:00:05,6318.55
13:00:08,6318.55
13:00:11,6318.55
13:00:14,6318.55
13:00:17,6318.55
13:00:20,6318.55
13:00:22,6318.55
13:00:25,6318.55
13:00:27,6318.15
13:00:29,6318.15
13:00:32,6318.15
13:00:34,6318.15
13:00:36,6318.15
13:00:39,6318.15
13:00:42,6318.15
13:00:44,6318.15
13:00:47,6318.15
13:00:49,6318.15
13:00:52,6318.15
13:00:54,6318.05
13:00:56,6318.05
13:00:59,6318.05
13:01:01,6318.05
13:01:04,6318.05
13:01:06,6318.05
13:01:08,6318.05
13:01:11,6318.05
13:01:13,6318.05
13:01:15,6318.05
13:01:18,6318.05
13:01:20,6318.05
13:01:22,6318.05
13:01:25,6318.05
13:01:27,6318.05
13:01:29,6318.05
13:01:32,6318.05
13:01:34,6318.05
13:01:36,6316.0
13:01:39,6316.0
13:01:41,6316.0
13:01:43,6316.0
13:01:45,6316.0
13:01:48,6316.0
13:01:50,6316.0
13:01:53,6316.0
13:01:55,6316.0
13:01:59,6316.0
13:02:02,6316.0
13:02:04,6316.5
13:02:07,6316.5
13:02:09,6316.5
13:02:11,6316.5
13:02:14,6316.5
13:02:16,6316.5
13:02:18,6316.5
13:02:21,6316.5
13:02:23,6316.5
13:02:25,6316.5
13:02:28,6316.5
13:02:30,6316.5
13:02:32,6316.4
13:02:35,6316.4
13:02:37,6316.4
13:02:39,6316.4
13:02:44,6316.4
13:02:46,6316.4
13:02:49,6316.4
13:02:51,6316.4
13:02:54,6316.4
13:02:57,6316.4
13:03:00,6318.6
13:03:02,6318.6
13:03:04,6318.6
13:03:07,6318.6
13:03:14,6318.6
13:03:16,6319.9
13:03:19,6319.9
13:03:21,6319.9
13:03:23,6319.9
13:03:26,6319.9
13:03:29,6319.9
13:03:32,6319.9
13:03:34,6319.9
13:03:36,6319.9
13:03:39,6319.9
13:03:41,6319.9
13:03:44,6319.9
13:03:46,6319.9
13:03:49,6319.9
13:03:51,6319.9
13:03:53,6319.9
13:03:56,6319.9
13:03:58,6319.9
13:04:00,6316.6
13:04:03,6316.6
13:04:05,6316.6
13:04:07,6316.6
13:04:10,6316.6
13:04:12,6316.6
13:04:15,6319.0
13:04:17,6319.0
13:04:19,6319.0
13:04:21,6319.0
13:04:24,6319.0
13:04:26,6319.0
13:04:28,6319.0
13:04:31,6319.0
13:04:33,6319.0
13:04:36,6319.0
13:04:38,6319.0
13:04:40,6319.0
13:04:42,6319.0
13:04:45,6319.0
13:04:47,6319.0
13:04:49,6319.0
13:04:52,6319.0
13:04:54,6319.0
13:04:56,6317.0
13:04:59,6317.0
13:05:01,6317.0
13:05:03,6317.0
13:05:06,6317.0
13:05:08,6317.0
13:05:11,6317.0
13:05:19,6317.0
13:05:24,6317.0
13:05:26,6318.9
13:05:29,6318.9
13:05:31,6318.9
13:05:33,6318.9
13:05:36,6318.9
13:05:38,6318.9
13:05:40,6318.9
13:05:43,6318.9
13:05:45,6318.9
13:05:47,6318.9
13:05:50,6318.9
13:05:52,6318.9
13:05:54,6318.9
13:05:57,6318.45
13:05:59,6318.45
13:06:01,6318.45
13:06:04,6318.45
13:06:06,6318.45
13:06:08,6318.45
13:06:11,6318.45
13:06:13,6318.45
13:06:16,6318.45
13:06:18,6318.45
13:06:20,6318.45
13:06:23,6318.45
13:06:25,6318.45
13:06:28,6318.45
13:06:30,6318.45
13:06:32,6318.45
13:06:35,6318.45
13:06:37,6318.45
13:06:40,6318.05
13:06:43,6318.05
13:06:46,6318.05
13:06:48,6318.05
13:06:50,6318.05
13:07:01,6315.5
13:07:10,6315.5
13:07:12,6315.5
13:07:15,6315.5
13:07:18,6317.5
13:07:20,6317.5
13:07:23,6317.5
13:07:25,6317.5
13:07:28,6317.5
13:07:30,6317.5
13:07:33,6317.5
13:07:36,6317.5
13:07:38,6317.5
13:07:40,6317.5
13:07:43,6317.5
13:07:45,6317.5
13:07:49,6317.7
13:07:51,6317.7
13:07:53,6317.7
13:07:56,6317.7
13:07:58,6317.7
13:08:01,6317.7
13:08:03,6317.7
13:08:06,6317.7
13:08:09,6317.7
13:08:12,6317.7
13:08:14,6317.7
13:08:16,6317.7
13:08:19,6317.7
13:08:21,6317.7
13:08:23,6317.7
13:08:26,6317.7
13:08:28,6317.7
13:08:31,6317.7
13:08:33,6317.7
13:08:36,6317.7
13:08:38,6317.7
13:08:41,6317.7
13:08:44,6317.7
13:08:46,6317.95
13:08:49,6317.95
13:08:51,6317.95
13:08:54,6317.95
13:09:20,6317.45
13:09:24,6317.45
13:09:30,6317.45
13:09:33,6317.45
13:09:35,6317.45
13:09:38,6317.45
13:09:41,6316.0
13:09:43,6316.0
13:09:46,6316.0
13:09:48,6316.0
13:09:51,6316.0
13:09:53,6316.0
13:09:56,6316.0
13:09:58,6316.0
13:10:01,6316.0
13:10:04,6316.0
13:10:06,6317.35
13:10:09,6317.35
13:10:11,6317.35
13:10:13,6317.35
13:10:16,6317.35
13:10:19,6317.35
13:10:21,6317.35
13:10:24,6317.35
13:10:27,6317.35
13:10:29,6317.35
13:10:31,6317.35
13:10:34,6319.35
13:10:37,6319.35
13:10:39,6319.35
13:10:42,6319.35
13:10:44,6319.35
13:10:47,6320.0
13:10:50,6320.0
13:10:52,6320.0
13:11:08,6320.0
13:11:17,6320.0
13:11:19,6320.0
13:11:26,6320.0
13:11:28,6320.0
13:11:37,6320.0
13:11:39,6320.0
13:11:41,6320.0
13:11:49,6320.0
13:11:52,6320.0
13:11:55,6321.55
13:11:57,6321.55
13:12:00,6321.55
13:12:02,6321.55
13:12:10,6321.55
13:12:13,6321.55
13:12:15,6321.55
13:12:18,6321.55
13:12:20,6321.55
13:12:22,6321.55
13:12:27,6321.55
13:12:30,6321.55
13:12:32,6321.55
13:12:34,6321.55
13:12:36,6321.55
13:12:39,6321.55
13:12:41,6321.55
13:12:44,6321.55
13:12:46,6321.55
13:12:48,6321.55
13:12:51,6321.55
13:12:53,6321.55
13:12:55,6321.55
13:12:58,6321.55
13:13:00,6321.55
13:13:02,6321.55
13:13:04,6321.55
13:13:07,6321.55
13:13:10,6322.05
13:13:12,6322.05
13:13:24,6322.05
13:13:26,6322.05
13:13:29,6322.05
13:13:31,6322.05
13:13:34,6322.05
13:13:36,6322.05
13:13:38,6322.05
13:13:40,6322.85
13:13:43,6322.85
13:13:45,6322.85
13:13:49,6322.85
13:13:51,6322.85
13:13:53,6322.85
13:13:55,6322.85
13:13:58,6322.85
13:14:01,6322.85
13:14:03,6322.85
13:14:06,6320.0
13:14:08,6320.0
13:14:11,6320.0
13:14:13,6320.0
13:14:15,6320.0
13:14:17,6320.0
13:14:20,6320.0
13:14:22,6321.75
13:14:24,6321.75
13:14:27,6321.75
13:14:29,6321.75
13:14:32,6321.75
13:14:34,6321.75
13:14:36,6321.75
13:14:39,6321.75
13:14:41,6321.75
13:14:43,6321.75
13:14:46,6321.75
13:14:48,6321.75
13:14:50,6319.35
13:14:52,6319.35
13:14:55,6319.35
13:14:57,6319.35
13:14:59,6319.35
13:15:02,6319.35
13:15:04,6319.35
13:15:08,6319.35
13:15:14,6319.35
13:15:16,6319.35
13:15:18,6319.35
13:15:20,6319.35
13:15:26,6319.35
13:15:29,6319.35
13:15:32,6321.9
13:15:34,6321.9
13:15:36,6321.9
13:15:39,6321.9
13:15:41,6321.9
13:15:45,6321.9
13:15:47,6321.9
13:15:50,6321.9
13:15:52,6321.9
13:16:01,6319.65
13:16:07,6319.65
13:16:09,6319.65
13:16:12,6319.65
13:16:14,6319.65
13:16:16,6319.65
13:16:18,6319.65
13:16:21,6319.65
13:16:24,6319.65
13:16:27,6319.65
13:16:29,6324.5
13:16:31,6324.5
13:16:33,6324.5
13:16:36,6324.5
13:16:38,6324.5
13:16:40,6324.5
13:16:43,6324.5
13:16:45,6324.5
13:16:47,6324.5
13:16:50,6324.5
13:16:52,6324.5
13:16:54,6324.5
13:16:57,6323.0
13:16:59,6323.0
13:17:01,6323.0
13:17:04,6323.0
13:17:06,6323.0
13:17:08,6323.0
13:17:23,6323.0
13:17:27,6323.0
13:17:29,6323.0
13:17:33,6323.0
13:17:37,6323.0
13:17:40,6323.0
13:17:42,6324.5
13:17:47,6324.5
13:17:49,6324.5
13:17:52,6324.5
13:17:56,6320.0
13:17:58,6320.0
13:18:00,6320.0
13:18:03,6320.0
13:18:05,6320.0
13:18:08,6320.0
13:18:11,6320.0
13:18:13,6320.0
13:18:17,6320.0
13:18:21,6320.0
13:18:23,6320.0
13:18:25,6320.0
13:18:28,6321.75
13:18:30,6321.75
13:18:33,6321.75
13:18:35,6321.75
13:18:38,6321.75
13:18:40,6321.75
13:18:43,6321.75
13:18:46,6321.75
13:18:49,6321.75
13:18:51,6321.75
13:18:53,6321.75
13:18:56,6321.75
13:18:59,6320.2
13:19:01,6320.2
13:19:04,6320.2
13:19:06,6320.2
13:19:08,6320.2
13:19:23,6320.2
13:19:26,6320.2
13:19:28,6320.2
13:19:30,6320.2
13:19:33,6320.2
13:19:35,6320.2
13:19:38,6316.7
13:19:41,6316.7
13:19:43,6316.7
13:19:46,6316.7
13:19:48,6316.7
13:19:51,6316.7
13:19:53,6316.7
13:19:56,6316.7
13:19:59,6316.7
13:20:02,6316.7
13:20:04,6316.7
13:20:06,6315.05
13:20:09,6315.05
13:20:11,6315.05
13:20:14,6315.05
13:20:16,6315.05
13:20:19,6316.7
13:20:22,6316.7
13:20:24,6316.7
13:20:26,6316.7
13:20:29,6316.7
13:20:31,6316.7
13:20:34,6316.7
13:20:36,6316.7
13:20:38,6316.7
13:20:41,6316.7
13:20:43,6316.7
13:20:46,6316.7
13:20:48,6316.7
13:20:50,6316.7
13:20:53,6316.7
13:20:55,6316.7
13:20:58,6316.7
13:21:00,6316.7
13:21:02,6316.7
13:21:05,6316.7
13:21:07,6316.7
13:21:13,6316.7
13:21:16,6316.7
13:21:18,6314.9
13:21:20,6314.9
13:21:23,6314.9
13:21:25,6314.9
13:21:35,6312.9
13:21:37,6312.9
13:21:39,6312.9
13:21:42,6312.9
13:21:44,6312.9
13:21:47,6312.9
13:21:49,6312.9
13:21:52,6312.9
13:21:54,6312.9
13:21:57,6312.9
13:21:59,6312.9
13:22:02,6312.75
13:22:05,6312.75
13:22:07,6312.75
13:22:10,6312.75
13:22:12,6312.75
13:22:15,6312.75
13:22:18,6314.4
13:22:20,6314.4
13:22:23,6314.4
13:22:25,6314.4
13:22:27,6314.4
13:22:31,6314.4
13:22:34,6314.4
13:22:36,6314.4
13:22:38,6314.4
13:22:41,6314.4
13:22:43,6314.4
13:22:45,6314.4
13:22:48,6314.4
13:22:50,6314.4
13:22:52,6314.4
13:22:54,6314.4
13:22:57,6314.4
13:22:59,6314.4
13:23:02,6312.5
13:23:04,6312.5
13:23:06,6312.5
13:23:09,6312.5
13:23:11,6312.5
13:23:14,6312.5
13:23:16,6312.5
13:23:18,6312.5
13:23:21,6312.5
13:23:23,6312.5
13:23:25,6312.5
13:23:28,6312.5
13:23:30,6312.5
13:23:32,6312.5
13:23:34,6312.5
13:23:37,6312.5
13:23:39,6312.5
13:23:42,6312.5
13:23:44,6312.5
13:23:46,6312.5
13:23:49,6312.5
13:23:51,6312.5
13:23:54,6312.5
13:23:56,6312.5
13:23:58,6312.5
13:24:01,6312.5
13:24:03,6312.5
13:24:06,6312.5
13:24:08,6312.5
13:24:10,6312.5
13:24:13,6312.5
13:24:15,6312.5
13:24:17,6312.5
13:24:20,6312.5
13:24:22,6312.5
13:24:24,6312.5
13:24:27,6312.5
13:24:29,6312.5
13:24:31,6312.5
13:24:34,6312.5
13:24:36,6312.5
13:24:38,6312.5
13:24:41,6312.0
13:24:43,6312.0
13:24:46,6312.0
13:24:48,6312.0
13:24:50,6312.0
13:24:53,6312.0
13:24:55,6312.0
13:24:59,6312.1
13:25:01,6312.1
13:25:03,6312.1
13:25:06,6312.1
13:25:08,6312.1
13:25:11,6312.1
13:25:15,6312.1
13:25:18,6312.1
13:25:21,6312.1
13:25:23,6312.1
13:25:25,6312.1
13:25:28,6312.1
13:25:30,6312.1
13:25:32,6312.1
13:25:35,6312.1
13:25:37,6312.1
13:25:39,6312.1
13:25:42,6314.45
13:25:44,6314.45
13:25:47,6314.45
13:25:49,6314.45
13:25:51,6314.45
13:25:54,6314.45
13:25:56,6314.45
13:25:58,6311.5
13:26:00,6311.5
13:26:03,6311.5
13:26:05,6311.5
13:26:07,6311.5
13:26:10,6311.5
13:26:12,6311.5
13:26:14,6311.5
13:26:17,6311.5
13:26:19,6311.5
13:26:21,6311.5
13:26:24,6311.5
13:26:26,6311.5
13:26:28,6311.5
13:26:31,6311.5
13:26:33,6311.5
13:26:35,6311.5
13:26:37,6311.5
13:26:40,6311.5
13:26:42,6311.5
13:26:44,6311.5
13:26:47,6311.5
13:26:49,6311.5
13:26:51,6311.5
13:26:53,6308.0
13:26:56,6308.0
13:26:58,6308.0
13:27:00,6308.0
13:27:03,6308.0
13:27:06,6308.0
13:27:13,6308.0
13:27:17,6308.0
13:27:19,6308.0
13:27:21,6308.0
13:27:23,6308.0
13:27:26,6308.0
13:27:29,6308.0
13:27:31,6308.0
13:27:33,6308.0
13:27:36,6308.0
13:27:38,6308.0
13:27:41,6308.0
13:27:43,6308.0
13:27:46,6308.0
13:27:48,6308.0
13:27:50,6308.0
13:27:53,6308.35
13:27:56,6308.35
13:27:59,6308.35
13:28:01,6308.35
13:28:04,6308.35
13:28:06,6308.35
13:28:08,6308.35
13:28:11,6308.35
13:28:13,6308.35
13:28:15,6308.35
13:28:18,6308.35
13:28:20,6307.2
13:28:22,6307.2
13:28:25,6307.2
13:28:27,6307.2
13:28:29,6307.2
13:28:32,6307.2
13:28:34,6307.2
13:28:36,6307.2
13:28:39,6307.2
13:28:41,6307.2
13:28:43,6307.2
13:28:46,6307.2
13:28:48,6310.45
13:28:50,6310.45
13:28:53,6310.45
13:28:55,6310.45
13:28:57,6310.45
13:28:59,6310.45
13:29:02,6310.45
13:29:04,6310.45
13:29:06,6310.45
13:29:09,6310.45
13:29:21,6310.45
13:29:27,6310.45
13:29:29,6310.45
13:29:31,6310.45
13:29:36,6306.0
13:29:38,6306.0
13:29:45,6306.0
13:29:47,6306.0
13:29:50,6306.0
13:29:52,6306.0
13:29:54,6306.0
13:29:56,6306.0
13:29:59,6306.0
13:30:01,6306.0
13:30:03,6306.0
13:30:26,6308.8
13:30:29,6308.8
13:30:31,6308.8
13:30:34,6308.8
13:30:36,6308.8
13:30:39,6308.8
13:30:41,6307.0
13:30:44,6307.0
13:30:46,6307.0
13:30:48,6307.0
13:30:51,6307.0
13:30:53,6307.0
13:30:55,6307.0
13:30:58,6307.0
13:31:00,6307.0
13:31:03,6307.0
13:31:05,6307.0
13:31:07,6307.0
13:31:18,6310.0
13:31:21,6310.0
13:31:23,6310.0
13:31:29,6307.6
13:31:31,6307.6
13:31:33,6307.6
13:31:36,6307.6
13:31:38,6307.6
13:31:40,6307.6
13:31:43,6307.6
13:31:45,6307.6
13:31:48,6307.6
13:31:50,6307.6
13:31:52,6307.6
13:31:55,6307.6
13:31:57,6307.6
13:31:59,6307.6
13:32:01,6307.6
13:32:04,6307.6
13:32:06,6307.6
13:32:08,6307.6
13:32:11,6307.6
13:32:13,6307.6
13:32:16,6307.6
13:32:19,6307.6
13:32:21,6307.6
13:32:24,6307.6
13:32:26,6307.6
13:32:28,6307.6
13:32:31,6307.6
13:32:33,6307.6
13:32:36,6307.6
13:32:38,6307.6
13:32:40,6307.5
13:32:43,6307.5
13:32:45,6307.5
13:32:47,6307.5
13:32:50,6307.5
13:32:52,6307.5
13:32:55,6307.5
13:32:57,6307.5
13:32:59,6307.5
13:33:02,6307.5
13:33:04,6307.5
13:33:07,6306.8
13:33:10,6306.8
13:33:13,6306.8
13:33:15,6306.8
13:33:17,6306.8
13:33:19,6306.8
13:33:22,6306.8
13:33:25,6306.8
13:33:27,6306.8
13:33:30,6306.8
13:33:32,6306.8
13:33:34,6306.8
13:33:37,6306.65
13:33:39,6306.65
13:33:41,6306.65
13:33:44,6306.65
13:33:46,6306.65
13:33:52,6304.35
13:33:57,6304.35
13:33:59,6304.35
13:34:01,6304.35
13:34:03,6304.35
13:34:06,6304.35
13:34:09,6304.35
13:34:11,6304.35
13:34:14,6304.35
13:34:16,6304.35
13:34:19,6304.35
13:34:22,6302.0
13:34:25,6302.0
13:34:27,6302.0
13:34:30,6302.0
13:34:32,6302.0
13:34:35,6302.0
13:34:37,6302.0
13:34:40,6302.0
13:34:42,6302.0
13:34:45,6302.0
13:34:47,6302.0
13:34:49,6302.0
13:34:52,6302.0
13:34:54,6302.0
13:34:57,6302.0
13:34:59,6302.0
13:35:01,6302.0
13:35:07,6303.65
13:35:19,6303.65
13:35:32,6304.75
13:35:35,6304.75
13:35:37,6304.75
13:35:40,6304.75
13:35:42,6304.75
13:35:45,6304.75
13:35:47,6304.75
13:35:51,6304.75
13:35:53,6304.75
13:35:59,6304.75
13:36:01,6304.75
13:36:03,6304.75
13:36:06,6304.75
13:36:08,6304.75
13:36:11,6304.75
13:36:13,6304.75
13:36:15,6302.0
13:36:18,6302.0
13:36:20,6302.0
13:36:22,6302.0
13:36:25,6302.0
13:36:27,6302.0
13:36:32,6302.0
13:36:34,6302.0
13:36:37,6302.0
13:36:39,6302.0
13:36:41,6302.0
13:36:44,6304.5
13:36:46,6304.5
13:36:49,6304.5
13:36:51,6304.5
13:36:53,6304.5
13:36:56,6304.5
13:36:58,6306.4
13:37:01,6306.4
13:37:03,6306.4
13:37:07,6306.4
13:37:16,6306.4
13:37:20,6306.4
13:37:22,6306.4
13:37:25,6306.4
13:37:27,6306.4
13:37:30,6306.0
13:37:33,6306.0
13:37:35,6306.0
13:37:38,6306.0
13:37:40,6306.0
13:37:42,6306.0
13:37:50,6306.0
13:37:53,6306.0
13:37:55,6306.0
13:37:58,6306.0
13:38:01,6306.0
13:38:03,6306.0
13:38:05,6306.0
13:38:08,6306.0
13:38:10,6306.0
13:38:13,6306.0
13:38:16,6306.0
13:38:18,6305.5
13:38:21,6305.5
13:38:23,6305.5
13:38:26,6305.5
13:38:28,6305.5
13:38:32,6304.95
13:38:34,6304.95
13:38:36,6304.95
13:38:39,6304.95
13:38:41,6304.95
13:38:44,6304.95
13:38:46,6304.95
13:38:48,6304.95
13:38:51,6304.95
13:38:53,6304.95
13:38:55,6304.95
13:38:58,6304.95
13:39:00,6304.95
13:39:02,6302.8
13:39:05,6302.8
13:39:07,6302.8
13:39:10,6302.8
13:39:12,6302.8
13:39:14,6302.8
13:39:17,6302.8
13:39:19,6302.8
13:39:22,6302.8
13:39:24,6302.8
13:39:26,6302.8
13:39:29,6305.45
13:39:31,6305.45
13:39:33,6305.45
13:39:37,6305.45
13:39:39,6305.45
13:39:45,6301.8
13:39:48,6301.8
13:39:50,6301.8
13:39:52,6301.8
13:39:55,6301.8
13:39:57,6301.8
13:40:00,6301.8
13:40:03,6301.8
13:40:05,6301.8
13:40:08,6301.8
13:40:11,6301.8
13:40:13,6301.8
13:40:16,6301.8
13:40:18,6301.8
13:40:20,6301.8
13:40:25,6301.8
13:40:27,6301.8
13:40:30,6301.35
13:40:32,6301.35
13:40:35,6301.35
13:40:37,6301.35
13:40:39,6301.35
13:40:42,6301.35
13:40:44,6301.35
13:40:47,6301.35
13:40:50,6301.35
13:40:52,6301.35
13:40:54,6301.35
13:40:58,6306.0
13:41:01,6306.0
13:41:03,6306.0
13:41:06,6306.0
13:41:09,6306.0
13:41:11,6306.0
13:41:14,6306.0
13:41:16,6306.0
13:41:19,6306.0
13:41:21,6306.0
13:41:24,6306.0
13:41:26,6306.0
13:41:28,6306.0
13:41:31,6306.1
13:41:34,6306.1
13:41:36,6306.1
13:41:38,6306.1
13:41:41,6306.1
13:41:43,6306.1
13:41:46,6306.1
13:41:49,6306.1
13:41:53,6306.1
13:41:56,6306.1
13:41:58,6306.1
13:42:01,6308.0
13:42:03,6308.0
13:42:06,6308.0
13:42:08,6308.0
13:42:12,6308.0
13:42:15,6308.0
13:42:17,6308.0
13:42:21,6308.0
13:42:23,6308.0
13:42:36,6309.75
13:42:40,6309.75
13:42:44,6309.75
13:42:46,6309.75
13:42:48,6309.75
13:42:51,6309.75
13:42:53,6309.75
13:42:56,6309.05
13:42:58,6309.05
13:43:00,6309.05
13:43:03,6309.05
13:43:05,6309.05
13:43:08,6309.05
13:43:10,6309.05
13:43:13,6309.05
13:43:15,6309.05
13:43:18,6309.05
13:43:20,6309.05
13:43:22,6309.05
13:43:27,6309.0
13:43:30,6309.0
13:43:32,6309.0
13:43:36,6309.0
13:43:38,6309.0
13:43:41,6309.0
13:43:43,6309.0
13:43:46,6309.0
13:43:48,6309.0
13:43:50,6309.0
13:43:53,6310.25
13:43:55,6310.25
13:43:58,6310.25
13:44:00,6310.25
13:44:03,6310.25
13:44:05,6310.25
13:44:08,6310.25
13:44:10,6310.25
13:44:12,6310.25
13:44:15,6310.25
13:44:17,6310.25
13:44:20,6310.25
13:44:44,6309.7
13:44:47,6309.7
13:44:50,6309.65
13:44:52,6309.65
13:44:55,6309.65
13:44:57,6309.65
13:45:00,6309.65
13:45:02,6309.65
13:45:04,6309.65
13:45:07,6309.65
13:45:10,6309.65
13:45:13,6309.65
13:45:21,6309.65
13:45:24,6309.65
13:45:26,6309.65
13:45:29,6309.65
13:45:31,6309.65
13:45:34,6309.65
13:45:36,6309.65
13:45:41,6309.7
13:45:46,6309.7
13:45:48,6309.7
13:45:50,6309.7
13:45:53,6309.7
13:45:55,6309.7
13:45:57,6309.7
13:46:00,6309.7
13:46:02,6309.7
13:46:04,6309.7
13:46:07,6309.7
13:46:09,6309.7
13:46:12,6309.7
13:46:14,6309.7
13:46:16,6309.7
13:46:19,6309.7
13:46:21,6309.7
13:46:24,6309.7
13:46:26,6308.1
13:46:29,6308.1
13:46:31,6308.1
13:46:35,6308.1
13:46:37,6308.1
13:46:40,6308.1
13:46:42,6308.1
13:46:44,6308.1
13:46:47,6308.1
13:46:49,6308.1
13:46:51,6308.1
13:46:54,6305.95
13:46:56,6305.95
13:46:59,6305.95
13:47:01,6305.95
13:47:03,6305.95
13:47:06,6305.95
13:47:08,6305.95
13:47:10,6305.95
13:47:13,6305.95
13:47:15,6305.95
13:47:17,6305.95
13:47:25,6305.95
13:47:27,6305.95
13:47:30,6305.95
13:47:32,6305.95
13:47:35,6305.95
13:47:37,6305.95
13:47:40,6305.0
13:47:45,6305.0
13:47:48,6305.0
13:47:51,6305.0
13:47:53,6305.0
13:47:55,6305.0
13:47:58,6305.0
13:48:00,6305.0
13:48:02,6305.0
13:48:05,6305.0
13:48:07,6305.0
13:48:10,6302.0
13:48:12,6302.0
13:48:14,6302.0
13:48:17,6302.0
13:48:19,6302.0
13:48:21,6302.0
13:48:24,6302.0
13:48:26,6302.0
13:48:29,6302.0
13:48:31,6302.0
13:48:34,6302.0
13:48:55,6300.0
13:48:58,6300.0
13:49:00,6300.0
13:49:02,6300.0
13:49:05,6300.0
13:49:07,6300.0
13:49:10,6300.05
13:49:13,6300.05
13:49:16,6300.05
13:49:18,6300.05
13:49:24,6300.05
13:49:29,6300.05
13:49:31,6300.05
13:49:33,6300.05
13:49:36,6300.05
13:49:43,6300.0
13:49:48,6300.0
13:49:50,6300.0
13:49:53,6300.0
13:49:55,6300.0
13:49:58,6300.0
13:50:00,6300.0
13:50:03,6300.0
13:50:06,6300.0
13:50:08,6300.0
13:50:11,6300.0
13:50:13,6300.95
13:50:16,6300.95
13:50:18,6300.95
13:50:21,6300.95
13:50:23,6300.95
13:50:26,6300.95
13:50:28,6300.95
13:50:31,6300.95
13:50:33,6300.95
13:50:36,6300.95
13:50:38,6300.95
13:50:42,6304.45
13:50:44,6304.45
13:50:47,6304.45
13:50:49,6304.45
13:50:51,6304.45
13:50:54,6304.45
13:50:56,6304.45
13:51:05,6303.35
13:51:12,6303.35
13:51:15,6303.35
13:51:17,6303.35
13:51:20,6303.35
13:51:22,6303.35
13:51:24,6303.35
13:51:30,6301.15
13:51:33,6301.15
13:51:36,6301.15
13:51:38,6301.15
13:51:42,6301.15
13:51:44,6301.15
13:51:46,6301.15
13:51:49,6301.15
13:51:51,6301.15
13:51:53,6301.15
13:51:56,6301.15
13:51:58,6301.15
13:52:01,6302.35
13:52:03,6302.35
13:52:05,6302.35
13:52:07,6302.35
13:52:10,6302.35
13:52:12,6302.35
13:52:14,6302.35
13:52:17,6302.35
13:52:19,6302.35
13:52:23,6302.35
13:52:27,6302.25
13:52:30,6302.25
13:52:33,6302.25
13:52:35,6302.25
13:52:37,6302.25
13:52:40,6302.25
13:52:42,6302.25
13:52:45,6302.25
13:52:47,6302.25
13:52:50,6302.25
13:52:52,6302.25
13:52:55,6302.25
13:52:58,6301.5
13:53:03,6301.5
13:53:17,6301.5
13:53:23,6301.5
13:53:26,6301.5
13:53:28,6301.5
13:53:31,6301.5
13:53:33,6302.25
13:53:36,6302.25
13:53:38,6302.25
13:53:40,6302.25
13:53:43,6302.25
13:53:45,6302.25
13:53:47,6302.25
13:53:50,6302.25
13:53:52,6302.25
13:53:55,6302.25
13:53:57,6302.25
13:54:00,6302.25
13:54:02,6302.25
13:54:04,6302.25
13:54:07,6302.25
13:54:09,6302.25
13:54:12,6302.25
13:54:14,6302.25
13:54:17,6305.4
13:54:20,6305.4
13:54:22,6305.4
13:54:25,6305.4
13:54:27,6305.4
13:54:29,6305.4
13:54:32,6305.4
13:54:34,6305.4
13:54:37,6305.4
13:54:39,6305.4
13:54:42,6305.4
13:54:44,6305.4
13:54:47,6304.75
13:54:50,6304.75
13:54:53,6304.75
13:54:55,6304.75
13:54:57,6304.75
13:55:00,6304.75
13:55:02,6304.75
13:55:09,6304.75
13:55:11,6304.75
13:55:13,6304.75
13:55:16,6302.75
13:55:19,6302.75
13:55:22,6302.75
13:55:24,6302.75
13:55:26,6302.75
13:55:30,6301.5
13:55:32,6301.5
13:55:34,6301.5
13:55:37,6301.5
13:55:40,6301.5
13:55:42,6301.5
13:55:45,6301.5
13:55:48,6301.5
13:55:51,6301.5
13:55:53,6301.5
13:55:55,6301.5
13:55:58,6301.5
13:56:00,6301.5
13:56:03,6301.5
13:56:05,6301.5
13:56:08,6301.5
13:56:10,6301.5
13:56:14,6302.0
13:56:16,6302.0
13:56:20,6302.0
13:56:22,6302.0
13:56:25,6302.0
13:56:27,6302.0
13:56:30,6302.0
13:56:32,6302.0
13:56:35,6302.0
13:56:38,6302.0
13:56:40,6302.0
13:56:42,6301.55
13:56:45,6301.55
13:56:47,6301.55
13:56:50,6301.55
13:56:53,6301.55
13:56:55,6302.5
13:56:58,6302.5
13:57:00,6302.5
13:57:02,6302.5
13:57:05,6302.5
13:57:08,6302.5
13:57:10,6302.5
13:57:13,6302.5
13:57:15,6302.5
13:57:17,6302.5
13:57:22,6302.5
13:57:26,6302.5
13:57:28,6302.5
13:57:30,6302.5
13:57:33,6302.5
13:57:35,6302.5
13:57:38,6301.25
13:57:40,6301.25
13:57:42,6301.25
13:57:45,6301.25
13:57:47,6301.25
13:57:49,6301.25
13:57:52,6301.25
13:57:54,6301.25
13:57:57,6301.25
13:57:59,6301.25
13:58:02,6301.25
13:58:04,6301.25
13:58:07,6301.25
13:58:09,6301.25
13:58:11,6301.25
13:58:14,6301.25
13:58:16,6301.25
13:58:18,6301.25
13:58:21,6302.5
13:58:23,6302.5
13:58:26,6302.5
13:58:28,6302.5
13:58:31,6302.5
13:58:33,6302.5
13:58:35,6302.5
13:58:38,6302.5
13:58:40,6302.5
13:58:43,6302.5
13:58:45,6302.5
13:58:48,6302.5
13:58:51,6302.5
13:58:53,6302.5
13:58:56,6302.5
13:58:58,6302.5
13:59:02,6302.5
13:59:04,6302.5
13:59:06,6302.5
13:59:08,6302.5
13:59:11,6302.5
13:59:16,6302.5
13:59:21,6301.2
13:59:24,6301.2
13:59:26,6301.2
13:59:29,6301.2
13:59:31,6301.2
13:59:34,6300.0
13:59:38,6300.0
13:59:40,6300.0
13:59:42,6300.0
13:59:45,6300.0
13:59:47,6300.0
13:59:50,6300.0
13:59:52,6300.0
13:59:55,6300.0
13:59:58,6300.0
14:00:00,6300.0
14:00:02,6300.0
14:00:04,6300.0
14:00:07,6300.0
14:00:11,6300.0
14:00:13,6300.0
14:00:15,6299.5
14:00:18,6299.5
14:00:20,6299.5
14:00:23,6299.5
14:00:25,6299.5
14:00:27,6299.5
14:00:30,6298.0
14:00:32,6298.0
14:00:34,6298.0
14:00:37,6298.0
14:00:39,6298.0
14:00:41,6298.0
14:00:44,6298.0
14:00:46,6298.0
14:00:49,6298.0
14:00:51,6298.0
14:00:57,6298.0
14:01:03,6294.7
14:01:05,6294.7
14:01:07,6294.7
14:01:10,6294.7
14:01:12,6294.7
14:01:22,6294.7
14:01:31,6294.7
14:01:33,6294.7
14:01:35,6294.7
14:01:39,6292.5
14:01:41,6292.5
14:01:43,6292.5
14:01:46,6292.5
14:01:48,6292.5
14:01:51,6292.5
14:01:53,6292.5
14:01:55,6291.15
14:01:58,6291.15
14:02:00,6291.15
14:02:02,6291.15
14:02:05,6291.15
14:02:07,6291.15
14:02:09,6291.15
14:02:12,6291.15
14:02:14,6291.15
14:02:16,6291.15
14:02:19,6291.15
14:02:21,6291.15
14:02:24,6291.15
14:02:27,6291.15
14:02:29,6291.15
14:02:32,6291.15
14:02:34,6291.15
14:02:36,6290.0
14:02:39,6290.0
14:02:41,6290.0
14:02:43,6290.0
14:02:46,6290.0
14:02:48,6290.0
14:02:51,6293.85
14:02:53,6293.85
14:02:55,6293.85
14:03:00,6293.85
14:03:02,6293.85
14:03:05,6293.85
14:03:07,6293.85
14:03:10,6293.85
14:03:13,6293.85
14:03:15,6293.85
14:03:18,6293.85
14:03:20,6293.85
14:03:22,6293.85
14:03:25,6293.85
14:03:27,6293.85
14:03:33,6293.85
14:03:35,6293.85
14:03:38,6293.85
14:03:40,6293.85
14:03:42,6293.85
14:03:45,6293.85
14:03:48,6293.85
14:03:50,6293.85
14:03:53,6293.85
14:03:55,6293.85
14:03:58,6293.85
14:04:00,6293.85
14:04:02,6293.85
14:04:05,6293.85
14:04:07,6293.85
14:04:10,6293.85
14:04:12,6293.85
14:04:14,6293.85
14:04:17,6293.85
14:04:19,6292.0
14:04:22,6292.0
14:04:24,6292.0
14:04:26,6292.0
14:04:29,6292.0
14:04:31,6292.0
14:04:33,6292.0
14:04:36,6292.0
14:04:38,6292.0
14:04:40,6292.0
14:04:43,6292.0
14:04:45,6292.0
14:04:48,6292.0
14:04:50,6292.0
14:04:52,6292.0
14:04:55,6292.0
14:04:57,6292.0
14:05:00,6292.0
14:05:02,6292.0
14:05:04,6292.0
14:05:07,6292.0
14:05:09,6292.0
14:05:11,6292.0
14:05:14,6292.0
14:05:16,6292.0
14:05:18,6292.0
14:05:21,6292.0
14:05:23,6292.0
14:05:26,6292.0
14:05:28,6292.0
14:05:30,6292.0
14:05:33,6292.0
14:05:35,6292.0
14:05:37,6292.0
14:05:40,6292.0
14:05:42,6292.45
14:05:45,6292.45
14:05:47,6292.45
14:05:49,6292.45
14:05:52,6292.45
14:05:54,6292.45
14:05:56,6293.0
14:05:59,6293.0
14:06:01,6293.0
14:06:04,6293.0
14:06:06,6293.0
14:06:08,6293.0
14:06:11,6293.0
14:06:13,6293.0
14:06:15,6293.0
14:06:18,6293.0
14:06:20,6293.0
14:06:22,6293.0
14:06:25,6292.0
14:06:27,6292.0
14:06:29,6292.0
14:06:32,6292.0
14:06:34,6292.0
14:06:36,6292.0
14:06:39,6292.0
14:06:41,6292.0
14:06:45,6292.0
14:06:48,6292.0
14:06:50,6292.0
14:06:52,6292.0
14:06:54,6292.0
14:06:57,6292.0
14:07:00,6292.0
14:07:02,6292.0
14:07:09,6294.1
14:07:12,6294.1
14:07:14,6294.1
14:07:19,6294.1
14:07:22,6292.0
14:07:25,6292.0
14:07:28,6292.0
14:07:30,6292.0
14:07:33,6292.0
14:07:35,6292.0
14:07:41,6292.0
14:07:45,6292.0
14:07:47,6292.0
14:07:49,6292.0
14:07:52,6292.0
14:07:54,6292.0
14:07:56,6292.0
14:07:59,6292.0
14:08:01,6292.0
14:08:04,6292.0
14:08:06,6292.0
14:08:09,6291.0
14:08:12,6291.0
14:08:15,6291.0
14:08:17,6291.0
14:08:20,6291.0
14:08:22,6291.0
14:08:25,6291.0
14:08:27,6291.0
14:08:30,6291.0
14:08:33,6291.0
14:08:35,6290.0
14:08:38,6290.0
14:08:40,6290.0
14:08:43,6290.0
14:08:45,6290.0
14:08:51,6290.0
14:08:54,6290.0
14:08:57,6290.0
14:08:59,6290.0
14:09:02,6290.0
14:09:05,6290.45
14:09:08,6290.45
14:09:10,6290.45
14:09:13,6290.45
14:09:15,6290.45
14:09:17,6290.45
14:09:21,6290.45
14:09:24,6290.45
14:09:27,6290.45
14:09:29,6290.45
14:09:32,6290.45
14:09:35,6290.45
14:09:38,6290.45
14:09:40,6290.45
14:09:43,6290.45
14:09:45,6290.45
14:09:48,6290.45
14:09:50,6289.0
14:09:54,6289.0
14:09:56,6289.0
14:09:58,6289.0
14:10:01,6289.0
14:10:03,6289.0
14:10:06,6289.0
14:10:08,6289.0
14:10:12,6289.0
14:10:14,6289.0
14:10:17,6286.0
14:10:19,6286.0
14:10:22,6286.0
14:10:24,6286.0
14:10:26,6286.0
14:10:29,6286.0
14:10:31,6286.8
14:10:34,6286.8
14:10:36,6286.8
14:10:39,6286.8
14:10:42,6286.8
14:10:44,6286.8
14:10:47,6286.8
14:10:49,6286.8
14:10:52,6286.8
14:10:55,6286.8
14:10:57,6286.8
14:11:00,6286.8
14:11:02,6286.8
14:11:05,6286.8
14:11:07,6286.8
14:11:10,6286.8
14:11:12,6286.8
14:11:18,6286.8
14:11:20,6286.8
14:11:26,6286.8
14:11:28,6286.8
14:11:31,6286.8
14:11:33,6286.8
14:11:36,6286.8
14:11:38,6286.8
14:11:41,6286.8
14:11:43,6286.8
14:11:46,6286.8
14:11:49,6291.0
14:11:51,6291.0
14:11:54,6291.0
14:11:57,6291.0
14:11:59,6291.0
14:12:02,6291.0
14:12:04,6291.0
14:12:07,6290.0
14:12:10,6290.0
14:12:12,6290.0
14:12:15,6290.0
14:12:17,6290.0
14:12:20,6290.0
14:12:22,6290.0
14:12:44,6290.7
14:12:49,6290.7
14:12:52,6290.7
14:12:55,6290.7
14:12:57,6290.7
14:12:59,6290.7
14:13:01,6290.7
14:13:05,6290.7
14:13:08,6290.7
14:13:10,6290.7
14:13:13,6289.4
14:13:15,6289.4
14:13:17,6289.4
14:13:23,6289.4
14:13:25,6289.4
14:13:28,6289.4
14:13:30,6289.4
14:13:36,6289.4
14:13:39,6289.4
14:13:41,6289.9
14:13:43,6289.9
14:13:46,6289.9
14:13:48,6289.9
14:13:51,6289.9
14:13:53,6289.9
14:13:56,6286.9
14:13:59,6286.9
14:14:01,6286.9
14:14:04,6286.9
14:14:07,6286.9
14:14:09,6286.9
14:14:12,6286.9
14:14:14,6286.9
14:14:16,6286.9
14:14:19,6286.9
14:14:21,6286.9
14:14:24,6286.9
14:14:26,6286.9
14:14:29,6286.9
14:14:31,6286.9
14:14:35,6286.9
14:14:38,6286.9
14:14:40,6286.75
14:14:42,6286.75
14:14:45,6286.75
14:14:47,6286.75
14:14:50,6286.75
14:14:52,6286.75
14:14:54,6286.75
14:14:57,6286.75
14:14:59,6286.75
14:15:02,6286.75
14:15:04,6286.75
14:15:06,6286.75
14:15:09,6277.0
14:15:12,6277.0
14:15:14,6277.0
14:15:21,6277.0
14:15:24,6277.0
14:15:26,6277.0
14:15:28,6277.0
14:15:31,6277.0
14:15:33,6277.0
14:15:36,6277.0
14:15:38,6277.0
14:15:41,6277.05
14:15:43,6277.05
14:15:46,6277.05
14:15:48,6277.05
14:17:53,6290.0
14:17:56,6290.0
14:17:59,6290.0
14:18:01,6290.0
14:18:03,6290.0
14:18:06,6290.0
14:18:09,6290.0
14:18:12,6290.0
14:18:14,6290.0
14:18:17,6290.0
14:18:19,6290.0
14:18:22,6292.0
14:18:24,6292.0
14:18:28,6292.0
14:18:30,6292.0
14:18:32,6292.0
14:18:35,6294.0
14:18:37,6294.0
14:18:39,6294.0
14:18:42,6294.0
14:18:44,6294.0
14:18:47,6294.0
14:18:49,6294.0
14:18:52,6294.0
14:18:54,6294.0
14:18:56,6294.0
14:18:59,6294.0
14:19:01,6294.0
14:19:04,6294.0
14:19:06,6295.95
14:19:08,6295.95
14:19:16,6295.95
14:19:25,6295.95
14:19:30,6295.95
14:19:32,6295.95
14:19:34,6295.95
14:19:37,6295.95
14:19:45,6298.7
14:19:51,6298.7
14:19:54,6298.7
14:19:56,6298.7
14:19:58,6298.7
14:20:01,6298.7
14:20:03,6298.7
14:20:06,6298.7
14:20:08,6298.7
14:20:11,6298.7
14:20:14,6297.3
14:20:17,6297.3
14:20:19,6297.3
14:20:22,6297.3
14:20:24,6297.3
14:20:26,6297.3
14:20:29,6297.3
14:20:31,6297.0
14:20:34,6297.0
14:20:36,6297.0
14:20:38,6297.0
14:20:41,6297.0
14:20:43,6297.0
14:20:46,6297.0
14:20:48,6297.0
14:20:50,6297.0
14:20:53,6297.0
14:20:55,6297.0
14:20:57,6297.0
14:21:00,6298.15
14:21:02,6298.15
14:21:06,6298.15
14:21:08,6298.15
14:21:10,6298.15
14:21:13,6298.15
14:21:16,6298.15
14:21:18,6298.15
14:21:21,6298.15
14:21:23,6298.15
14:21:26,6298.15
14:21:28,6298.15
14:21:30,6300.4
14:21:33,6300.4
14:21:35,6300.4
14:21:37,6300.4
14:21:40,6300.4
14:21:43,6300.4
14:21:46,6300.4
14:21:49,6300.4
14:21:51,6300.4
14:21:54,6300.4
14:21:57,6300.4
14:22:00,6301.7
14:22:03,6301.7
14:22:06,6301.7
14:22:08,6301.7
14:22:16,6301.7
14:22:20,6301.7
14:22:25,6300.8
14:22:27,6300.8
14:22:30,6300.8
14:22:32,6300.8
14:22:35,6300.8
14:22:37,6300.8
14:22:40,6300.8
14:22:43,6300.8
14:22:46,6300.8
14:22:48,6300.8
14:22:50,6300.8
14:22:54,6300.8
14:22:58,6300.8
14:23:00,6300.8
14:23:03,6300.8
14:23:05,6300.8
14:23:07,6300.65
14:23:10,6300.65
14:23:28,6301.85
14:23:31,6301.85
14:23:33,6301.85
14:23:38,6301.85
14:23:41,6301.85
14:23:43,6301.85
14:23:46,6301.85
14:23:50,6301.85
14:24:00,6302.75
14:24:03,6302.75
14:24:07,6302.75
14:24:17,6302.75
14:24:19,6302.75
14:24:22,6302.75
14:24:24,6302.75
14:24:27,6302.75
14:24:29,6302.75
14:24:32,6305.0
14:24:35,6305.0
14:24:38,6305.0
14:24:42,6305.0
14:25:02,6300.05
14:25:14,6300.05
14:25:17,6300.05
14:25:19,6300.05
14:25:22,6300.05
14:25:26,6300.05
14:25:31,6300.05
14:25:35,6300.05
14:25:48,6296.5
14:25:50,6296.5
14:25:53,6296.5
14:25:56,6296.5
14:25:58,6296.5
14:26:01,6296.5
14:26:04,6298.25
14:26:06,6298.25
14:26:09,6298.25
14:26:11,6298.25
14:26:13,6298.25
14:26:16,6298.25
14:26:19,6298.25
14:26:21,6298.25
14:26:26,6298.25
14:26:30,6296.5
14:26:39,6296.5
14:26:45,6296.5
14:26:47,6296.5
14:26:50,6296.5
14:26:52,6296.5
14:26:55,6296.5
14:26:57,6296.5
14:27:00,6296.3
14:27:02,6296.3
14:27:12,6296.3
14:27:27,6298.0
14:27:30,6298.0
14:27:32,6298.0
14:27:36,6298.0
14:27:38,6298.0
14:27:41,6298.0
14:27:44,6298.0
14:27:46,6298.0
14:27:50,6298.0
14:27:52,6298.0
14:27:56,6298.0
14:27:59,6298.0
14:28:02,6298.0
14:28:04,6298.0
14:28:08,6298.0
14:28:13,6299.75
14:28:15,6299.75
14:28:18,6299.75
14:28:21,6299.75
14:28:23,6299.75
14:28:26,6299.75
14:28:28,6298.0
14:28:31,6298.0
14:28:33,6298.0
14:28:36,6298.0
14:28:38,6298.0
14:28:40,6298.0
14:28:43,6298.0
14:28:45,6298.0
14:28:48,6298.0
14:28:52,6298.0
14:28:57,6298.0
14:29:00,6298.0
14:29:05,6298.0
14:29:10,6298.0
14:29:15,6297.0
14:29:17,6297.0
14:29:21,6297.0
14:29:24,6297.0
14:29:27,6297.0
14:29:37,6299.85
14:29:40,6299.85
14:29:42,6299.85
14:29:44,6299.85
14:29:47,6299.85
14:29:52,6299.85
14:29:56,6299.85
14:29:58,6299.85
14:30:01,6299.85
14:30:03,6299.85
14:30:06,6299.85
14:30:09,6299.85
14:30:12,6299.85
14:30:14,6299.85
14:30:16,6299.85
14:30:19,6299.85
14:30:21,6300.1
14:30:24,6300.1
14:30:26,6300.1
14:30:37,6300.0
14:30:40,6300.0
14:30:42,6300.0
14:30:45,6300.0
14:30:47,6300.0
14:30:50,6300.0
14:30:52,6300.0
14:30:55,6300.0
14:30:58,6300.0
14:31:00,6300.0
14:31:02,6300.0
14:31:09,6300.35
14:31:18,6300.35
14:31:26,6302.0
14:31:28,6302.0
14:31:31,6302.0
14:31:36,6302.0
14:31:38,6302.0
14:31:40,6302.0
14:31:43,6302.0
14:31:45,6302.0
14:31:49,6302.0
14:31:52,6302.0
14:31:58,6302.0
14:32:00,6302.0
14:32:03,6302.0
14:32:05,6302.0
14:32:07,6302.0
14:32:10,6302.0
14:32:16,6302.0
14:32:20,6302.0
14:32:26,6302.0
14:32:34,6306.1
14:32:44,6306.1
14:32:47,6306.1
14:32:51,6306.0
14:32:53,6306.0
14:32:57,6306.0
14:33:00,6306.0
14:33:03,6306.0
14:33:06,6306.0
14:33:08,6306.0
14:33:11,6306.0
14:33:13,6306.0
14:33:16,6306.0
14:33:18,6306.0
14:33:25,6306.0
14:33:36,6306.0
14:33:45,6305.5
14:34:00,6303.65
14:34:03,6303.65
14:34:05,6303.65
14:34:07,6303.65
14:34:10,6303.65
14:34:12,6303.65
14:34:15,6303.65
14:34:17,6303.65
14:34:20,6303.65
14:34:23,6303.65
14:34:26,6303.65
