10:06:01,785.9
10:06:04,785.9
10:06:07,785.9
10:06:09,785.9
10:06:11,785.9
10:06:13,785.9
10:06:16,785.9
10:06:18,785.9
10:06:20,785.9
10:06:23,785.9
10:06:25,785.9
10:06:27,785.9
10:06:30,786.05
10:06:32,786.05
10:06:35,786.05
10:06:38,786.05
10:06:40,786.05
10:06:43,786.05
10:06:45,786.05
10:06:48,786.05
10:06:50,786.05
10:06:52,786.05
10:06:55,785.85
10:06:57,785.85
10:06:59,785.85
10:07:02,785.85
10:07:04,785.85
10:07:06,785.85
10:07:09,785.85
10:07:11,785.85
10:07:13,785.85
10:07:16,785.85
10:07:18,785.85
10:07:20,785.85
10:07:23,785.85
10:07:25,785.4
10:07:27,785.4
10:07:30,785.4
10:07:32,785.4
10:07:36,785.4
10:07:39,785.4
10:07:41,785.4
10:07:44,785.4
10:07:46,785.4
10:07:48,785.4
10:07:51,785.3
10:07:53,785.3
10:07:56,785.3
10:07:59,785.3
10:08:01,785.3
10:08:04,785.3
10:08:07,785.3
10:08:09,785.3
10:08:12,785.3
10:08:14,785.3
10:08:16,785.3
10:08:20,785.5
10:08:23,785.5
10:08:25,785.5
10:08:27,785.5
10:08:30,785.5
10:08:32,785.5
10:08:34,785.5
10:08:36,785.5
10:08:39,785.5
10:08:41,785.5
10:08:44,785.5
10:08:46,785.5
10:08:50,785.35
10:08:52,785.35
10:08:55,785.35
10:08:57,785.35
10:09:00,785.35
10:09:02,785.35
10:09:04,785.35
10:09:07,785.35
10:09:09,785.35
10:09:11,785.35
10:09:14,785.35
10:09:16,785.35
10:09:19,785.35
10:09:21,785.35
10:09:23,785.35
10:09:26,785.35
10:09:28,785.35
10:09:31,785.35
10:09:33,785.35
10:09:35,785.35
10:09:38,785.35
10:09:40,785.35
10:09:43,785.35
10:09:45,785.35
10:09:48,785.35
10:09:50,785.35
10:09:53,785.35
10:09:57,785.35
10:09:59,785.35
10:10:01,785.35
10:10:04,785.35
10:10:06,785.35
10:10:08,785.35
10:10:11,785.35
10:10:13,785.35
10:10:16,785.35
10:10:18,785.35
10:10:20,785.35
10:10:23,785.35
10:10:27,785.35
10:10:30,785.35
10:10:32,785.35
10:10:34,785.35
10:10:36,785.35
10:10:39,785.35
10:10:42,785.35
10:10:45,784.9
10:10:47,784.9
10:10:52,784.9
10:10:55,784.9
10:10:57,784.9
10:11:02,784.9
10:11:04,784.9
10:11:07,784.9
10:11:09,784.9
10:11:11,784.9
10:11:13,784.9
10:11:16,784.9
10:11:18,784.9
10:11:21,784.9
10:11:23,784.9
10:11:25,785.4
10:11:27,785.4
10:11:30,785.4
10:11:32,785.4
10:11:34,785.4
10:11:36,785.4
10:11:39,785.95
10:11:41,785.95
10:11:43,785.95
10:11:46,785.95
10:11:48,785.95
10:11:50,785.95
10:11:53,785.95
10:11:55,785.95
10:11:57,785.95
10:12:00,785.95
10:12:02,785.95
10:12:04,785.95
10:12:07,785.95
10:12:09,785.95
10:12:11,785.95
10:12:14,785.95
10:12:16,785.95
10:12:18,785.95
10:12:21,785.95
10:12:23,785.95
10:12:25,785.95
10:12:28,785.95
10:12:30,785.95
10:12:32,785.95
10:12:34,785.95
10:12:37,785.95
10:12:39,785.95
10:12:42,785.95
10:12:44,785.95
10:12:46,785.95
10:12:49,785.95
10:12:51,785.95
10:12:53,785.95
10:12:56,785.95
10:12:58,785.95
10:13:00,785.95
10:13:02,785.95
10:13:05,785.5
10:13:07,785.5
10:13:09,785.5
10:13:11,785.5
10:13:13,785.5
10:13:16,785.5
10:13:18,786.0
10:13:20,786.0
10:13:23,786.0
10:13:25,786.0
10:13:27,786.0
10:13:30,786.0
10:13:32,786.0
10:13:34,786.0
10:13:36,786.0
10:13:38,786.0
10:13:41,786.0
10:13:44,786.0
10:13:46,786.0
10:13:49,786.0
10:13:51,786.0
10:13:53,786.0
10:13:55,786.0
10:13:58,786.0
10:14:00,785.9
10:14:02,785.9
10:14:05,785.9
10:14:07,785.9
10:14:09,785.9
10:14:12,785.9
10:14:14,785.9
10:14:16,785.9
10:14:18,785.9
10:14:20,785.9
10:14:23,785.9
10:14:25,785.9
10:14:27,785.8
10:14:29,785.8
10:14:32,785.8
10:14:34,785.8
10:14:36,785.8
10:14:39,785.8
10:14:41,785.8
10:14:43,785.8
10:14:45,785.8
10:14:48,785.8
10:14:50,785.8
10:14:52,785.8
10:14:54,785.8
10:14:57,785.8
10:15:00,785.8
10:15:02,785.8
10:15:04,785.8
10:15:07,785.8
10:15:09,785.75
10:15:11,785.75
10:15:13,785.75
10:15:16,785.75
10:15:18,785.75
10:15:20,785.75
10:15:23,785.75
10:15:25,785.75
10:15:27,785.75
10:15:29,785.75
10:15:32,785.75
10:15:34,785.75
10:15:36,785.75
10:15:39,785.5
10:15:41,785.5
10:15:43,785.5
10:15:46,785.5
10:15:48,785.5
10:15:50,785.5
10:15:52,785.5
10:15:55,785.5
10:15:57,785.5
10:15:59,785.5
10:16:02,785.5
10:16:05,785.5
10:16:08,785.3
10:16:10,785.3
10:16:12,785.3
10:16:15,785.3
10:16:17,785.3
10:16:20,785.3
10:16:22,785.3
10:16:24,785.3
10:16:27,785.3
10:16:29,785.3
10:16:31,785.3
10:16:34,785.3
10:16:36,785.0
10:16:38,785.0
10:16:41,785.0
10:16:43,785.0
10:16:46,785.0
10:16:48,785.0
10:16:50,785.15
10:16:53,785.15
10:16:55,785.15
10:16:57,785.15
10:16:59,785.15
10:17:03,785.15
10:17:05,785.15
10:17:07,785.15
10:17:12,785.15
10:17:14,785.15
10:17:17,785.15
10:17:19,785.15
10:17:21,785.15
10:17:24,785.15
10:17:26,785.15
10:17:28,785.15
10:17:31,785.15
10:17:33,785.2
10:17:35,785.2
10:17:38,785.2
10:17:42,785.2
10:17:44,785.2
10:17:46,785.2
10:17:49,785.2
10:17:51,785.2
10:17:53,785.2
10:17:56,785.2
10:17:59,785.05
10:18:01,785.05
10:18:03,785.05
10:18:06,785.05
10:18:08,785.05
10:18:10,785.05
10:18:13,785.05
10:18:15,785.05
10:18:18,785.05
10:18:20,785.05
10:18:22,785.05
10:18:24,785.05
10:18:27,785.05
10:18:29,785.05
10:18:31,785.05
10:18:34,785.05
10:18:36,785.05
10:18:39,785.05
10:18:41,785.05
10:18:43,785.15
10:18:45,785.15
10:18:48,785.15
10:18:50,785.15
10:18:52,785.15
10:18:55,785.5
10:18:57,785.5
10:18:59,785.5
10:19:02,785.5
10:19:04,785.5
10:19:07,785.5
10:19:09,785.5
10:19:11,785.5
10:19:14,785.5
10:19:16,785.5
10:19:18,785.5
10:19:21,785.5
10:19:23,785.5
10:19:25,785.5
10:19:28,785.5
10:19:30,785.5
10:19:32,785.5
10:19:35,785.5
10:19:37,785.5
10:19:39,785.5
10:19:41,785.5
10:19:44,785.5
10:19:46,785.5
10:19:48,785.5
10:19:51,785.5
10:19:53,785.5
10:19:55,785.5
10:19:58,785.5
10:20:00,785.5
10:20:02,785.5
10:20:04,785.5
10:20:07,786.3
10:20:09,786.3
10:20:12,786.3
10:20:14,786.3
10:20:16,786.3
10:20:18,786.3
10:20:21,786.2
10:20:23,786.2
10:20:25,786.2
10:20:28,786.2
10:20:30,786.2
10:20:32,786.2
10:20:34,786.2
10:20:37,786.2
10:20:39,786.2
10:20:41,786.2
10:20:44,786.2
10:20:46,786.2
10:20:48,786.1
10:20:51,786.1
10:20:53,786.1
10:20:55,786.1
10:20:58,786.1
10:21:00,786.1
10:21:03,786.1
10:21:06,786.1
10:21:08,786.1
10:21:10,786.1
10:21:13,786.1
10:21:17,786.15
10:21:20,786.15
10:21:23,786.15
10:21:26,786.15
10:21:28,786.15
10:21:31,786.15
10:21:33,786.15
10:21:37,786.15
10:21:39,786.15
10:21:41,786.15
10:21:44,786.15
10:21:47,786.15
10:21:49,786.15
10:21:51,786.15
10:21:54,786.15
10:21:57,786.15
10:22:00,786.15
10:22:02,786.15
10:22:05,786.15
10:22:07,786.15
10:22:09,786.15
10:22:12,786.15
10:22:16,786.15
10:22:18,786.0
10:22:20,786.0
10:22:23,786.0
10:22:25,786.0
10:22:28,786.0
10:22:31,786.0
10:22:33,786.0
10:22:36,786.0
10:22:38,786.0
10:22:41,786.0
10:22:43,786.0
10:22:45,786.0
10:22:48,785.85
10:22:50,785.85
10:22:52,785.85
10:22:55,785.85
10:22:57,785.85
10:23:00,785.85
10:23:02,785.85
10:23:04,785.85
10:23:07,785.85
10:23:09,785.85
10:23:11,785.85
10:23:14,785.85
10:23:16,785.85
10:23:18,785.85
10:23:21,785.85
10:23:23,785.85
10:23:25,785.85
10:23:28,785.85
10:23:30,785.55
10:23:33,785.55
10:23:35,785.55
10:23:38,785.55
10:23:40,785.55
10:23:42,785.55
10:23:45,785.55
10:23:47,785.55
10:23:49,785.55
10:23:52,785.55
10:23:54,785.55
10:23:56,785.55
10:23:59,785.3
10:24:01,785.3
10:24:04,785.3
10:24:06,785.3
10:24:09,785.3
10:24:11,785.3
10:24:13,785.35
10:24:16,785.35
10:24:18,785.35
10:24:20,785.35
10:24:23,785.35
10:24:25,785.35
10:24:27,785.35
10:24:30,785.35
10:24:32,785.35
10:24:34,785.35
10:24:37,785.35
10:24:39,785.35
10:24:41,785.35
10:24:44,785.35
10:24:46,785.35
10:24:48,785.35
10:24:51,785.35
10:24:54,785.35
10:24:56,785.25
10:24:59,785.25
10:25:01,785.25
10:25:03,785.25
10:25:06,785.25
10:25:08,785.25
10:25:11,785.25
10:25:13,785.25
10:25:16,785.25
10:25:18,785.25
10:25:20,785.25
10:25:23,785.25
10:25:25,785.8
10:25:27,785.8
10:25:30,785.8
10:25:32,785.8
10:25:34,785.8
10:25:37,785.8
10:25:39,785.2
10:25:42,785.2
10:25:44,785.2
10:25:46,785.2
10:25:49,785.2
10:25:51,785.2
10:25:54,785.8
10:25:56,785.8
10:25:58,785.8
10:26:01,785.8
10:26:04,785.8
10:26:07,785.2
10:26:09,785.2
10:26:12,785.2
10:26:14,785.2
10:26:17,785.2
10:26:19,785.2
10:26:21,785.2
10:26:24,785.2
10:26:26,785.2
10:26:29,785.2
10:26:31,785.2
10:26:33,785.25
10:26:36,785.25
10:26:38,785.25
10:26:40,785.25
10:26:42,785.25
10:26:45,785.35
10:26:47,785.35
10:26:49,785.35
10:26:52,785.35
10:26:54,785.35
10:26:57,785.35
10:26:59,785.35
10:27:01,785.35
10:27:03,785.35
10:27:06,785.35
10:27:08,785.35
10:27:10,785.35
10:27:12,785.15
10:27:15,785.15
10:27:17,785.15
10:27:19,785.15
10:27:21,785.15
10:27:24,785.15
10:27:26,785.15
10:27:28,785.15
10:27:31,785.15
10:27:33,785.15
10:27:35,785.15
10:27:37,785.15
10:27:39,785.8
10:27:42,785.8
10:27:44,785.8
10:27:46,785.8
10:27:48,785.8
10:27:51,785.8
10:27:53,785.8
10:27:55,785.8
10:27:57,785.8
10:28:00,785.8
10:28:02,785.8
10:28:04,785.8
10:28:07,785.8
10:28:09,785.8
10:28:11,785.8
10:28:14,785.8
10:28:16,785.8
10:28:18,785.8
10:28:20,785.55
10:28:23,785.55
10:28:25,785.55
10:28:27,785.55
10:28:30,785.55
10:28:32,785.55
10:28:35,785.55
10:28:37,785.55
10:28:39,785.55
10:28:42,785.55
10:28:44,785.55
10:28:46,785.55
10:28:48,785.8
10:28:51,785.8
10:28:53,785.8
10:28:55,785.8
10:28:57,785.8
10:29:00,785.8
10:29:02,785.8
10:29:04,785.8
10:29:06,785.8
10:29:09,785.8
10:29:11,785.8
10:29:13,785.8
10:29:15,785.8
10:29:18,785.8
10:29:20,785.8
10:29:22,785.8
10:29:25,785.8
10:29:27,785.8
10:29:29,785.8
10:29:31,785.8
10:29:34,785.8
10:29:36,785.8
10:29:38,785.8
10:29:41,785.8
10:29:43,785.5
10:29:45,785.5
10:29:47,785.5
10:29:50,785.5
10:29:52,785.5
10:29:54,785.5
10:29:56,785.5
10:29:58,785.5
10:30:01,785.5
10:30:03,785.5
10:30:05,785.5
10:30:07,785.5
10:30:10,785.5
10:30:12,785.5
10:30:14,785.5
10:30:16,785.5
10:30:19,785.5
10:30:21,785.5
10:30:23,785.5
10:30:25,785.5
10:30:27,785.5
10:30:30,785.5
10:30:32,785.5
10:30:34,785.5
10:30:37,785.25
10:30:39,785.25
10:30:41,785.25
10:30:44,785.25
10:30:46,785.25
10:30:48,785.25
10:30:50,785.25
10:30:52,785.25
10:30:55,785.25
10:30:57,785.25
10:30:59,785.25
10:31:01,785.25
10:31:04,785.4
10:31:07,785.4
10:31:09,785.4
10:31:11,785.4
10:31:14,785.4
10:31:16,785.4
10:31:18,785.45
10:31:20,785.45
10:31:23,785.45
10:31:25,785.45
10:31:27,785.45
10:31:30,785.45
10:31:33,785.45
10:31:35,785.45
10:31:38,785.45
10:31:40,785.45
10:31:42,785.45
10:31:45,785.45
10:31:47,785.45
10:31:50,785.45
10:31:52,785.45
10:31:54,785.45
10:31:57,785.45
10:31:59,785.45
10:32:01,785.65
10:32:03,785.65
10:32:06,785.65
10:32:08,785.65
10:32:10,785.65
10:32:13,785.65
10:32:15,785.8
10:32:17,785.8
10:32:20,785.8
10:32:22,785.8
10:32:24,785.8
10:32:27,785.8
10:32:29,785.8
10:32:31,785.8
10:32:34,785.8
10:32:36,785.8
10:32:39,785.8
10:32:41,785.8
10:32:44,785.8
10:32:46,785.8
10:32:49,785.8
10:32:51,785.8
10:32:54,785.8
10:32:56,785.8
10:32:58,785.75
10:33:01,785.75
10:33:03,785.75
10:33:05,785.75
10:33:08,785.75
10:33:10,785.75
10:33:15,785.95
10:33:17,785.95
10:33:19,785.95
10:33:21,785.95
10:33:24,785.95
10:33:26,785.95
10:33:29,785.95
10:33:31,785.95
10:33:34,785.95
10:33:36,785.95
10:33:38,785.95
10:33:41,785.95
10:33:44,785.95
10:33:47,785.95
10:33:49,785.95
10:33:52,785.95
10:33:54,786.55
10:33:56,786.55
10:33:58,786.55
10:34:01,786.55
10:34:03,786.55
10:34:06,786.55
10:34:08,786.55
10:34:10,786.55
10:34:13,786.55
10:34:15,786.55
10:34:17,786.55
10:34:20,786.55
10:34:22,786.7
10:34:24,786.7
10:34:26,786.7
10:34:29,786.7
10:34:31,786.7
10:34:33,786.7
10:34:36,786.7
10:34:38,786.7
10:34:40,786.7
10:34:43,786.7
10:34:45,786.7
10:34:47,786.7
10:34:49,786.7
10:34:52,786.7
10:34:54,786.7
10:34:56,786.7
10:34:59,786.7
10:35:01,786.7
10:35:03,787.25
10:35:06,787.25
10:35:08,787.25
10:35:10,787.25
10:35:12,787.25
10:35:15,787.25
10:35:17,787.45
10:35:19,787.45
10:35:22,787.45
10:35:24,787.45
10:35:26,787.45
10:35:28,787.45
10:35:32,787.45
10:35:34,787.45
10:35:37,787.45
10:35:39,787.45
10:35:41,787.45
10:35:44,787.45
10:35:46,787.45
10:35:49,787.45
10:35:51,787.45
10:35:53,787.45
10:35:55,787.45
10:35:58,787.05
10:36:00,787.05
10:36:03,787.05
10:36:06,787.05
10:36:09,787.05
10:36:11,787.05
10:36:14,787.05
10:36:16,787.05
10:36:18,787.05
10:36:21,787.05
10:36:23,787.05
10:36:26,787.05
10:36:28,787.05
10:36:30,787.05
10:36:33,787.05
10:36:35,787.05
10:36:37,787.05
10:36:40,787.05
10:36:42,787.05
10:36:45,787.05
10:36:47,787.05
10:36:49,787.05
10:36:51,787.05
10:36:54,787.05
10:36:56,787.05
10:36:58,787.05
10:37:01,787.05
10:37:03,787.05
10:37:05,787.05
10:37:08,787.7
10:37:10,787.7
10:37:13,787.7
10:37:15,787.7
10:37:17,787.7
10:37:19,787.7
10:37:22,787.7
10:37:24,787.7
10:37:27,787.7
10:37:29,787.7
10:37:32,787.7
10:37:34,787.7
10:37:36,787.3
10:37:39,787.3
10:37:41,787.3
10:37:43,787.3
10:37:46,787.3
10:37:48,787.3
10:37:50,787.4
10:37:53,787.4
10:37:55,787.4
10:37:57,787.4
10:38:00,787.4
10:38:02,787.4
10:38:05,787.4
10:38:07,787.4
10:38:09,787.4
10:38:12,787.4
10:38:14,787.4
10:38:16,787.4
10:38:19,787.6
10:38:21,787.6
10:38:23,787.6
10:38:26,787.6
10:38:28,787.6
10:38:30,787.6
10:38:33,787.6
10:38:35,787.6
10:38:37,787.6
10:38:40,787.6
10:38:42,787.6
10:38:44,787.6
10:38:46,787.6
10:38:49,787.6
10:38:51,787.6
10:38:53,787.6
10:38:56,787.6
10:38:58,787.6
10:39:00,787.95
10:39:03,787.95
10:39:05,787.95
10:39:07,787.95
10:39:10,787.95
10:39:12,787.95
10:39:14,787.95
10:39:17,787.95
10:39:19,787.95
10:39:21,787.95
10:39:24,787.95
10:39:26,787.95
10:39:28,788.0
10:39:31,788.0
10:39:33,788.0
10:39:35,788.0
10:39:37,788.0
10:39:44,788.0
10:39:46,788.0
10:39:48,788.0
10:39:51,788.0
10:39:53,788.0
10:39:56,787.9
10:39:58,787.9
10:40:01,787.9
10:40:03,787.9
10:40:05,787.9
10:40:08,787.9
10:40:10,787.9
10:40:14,787.9
10:40:16,787.9
10:40:19,787.9
10:40:21,787.9
10:40:23,787.9
10:40:26,787.9
10:40:28,787.9
10:40:30,787.9
10:40:33,787.9
10:40:35,787.5
10:40:38,787.5
10:40:40,787.5
10:40:45,787.5
10:40:47,787.5
10:40:50,787.5
10:40:52,787.5
10:40:54,787.5
10:40:57,787.5
10:41:00,787.5
10:41:03,787.65
10:41:06,787.65
10:41:08,787.65
10:41:11,787.65
10:41:13,787.65
10:41:15,787.65
10:41:18,787.65
10:41:21,787.65
10:41:23,787.65
10:41:26,787.65
10:41:28,787.65
10:41:31,787.65
10:41:33,787.2
10:41:37,787.2
10:41:39,787.2
10:41:42,787.2
10:41:45,787.2
10:41:47,787.2
10:41:49,787.2
10:41:53,787.2
10:41:56,787.0
10:41:59,787.0
10:42:01,787.0
10:42:04,787.0
10:42:06,787.0
10:42:09,787.0
10:42:11,787.0
10:42:14,787.0
10:42:17,787.0
10:42:20,787.0
10:42:24,787.5
10:42:27,787.5
10:42:30,787.5
10:42:32,787.5
10:42:35,787.5
10:42:37,787.5
10:42:39,786.9
10:42:42,786.9
10:42:44,786.9
10:42:46,786.9
10:42:49,786.9
10:42:51,786.9
10:42:53,787.5
10:42:56,787.5
10:42:58,787.5
10:43:00,787.5
10:43:02,787.5
10:43:05,787.5
10:43:07,786.9
10:43:09,786.9
10:43:12,786.9
10:43:14,786.9
10:43:16,786.9
10:43:19,786.9
10:43:21,787.0
10:43:24,787.0
10:43:26,787.0
10:43:28,787.0
10:43:31,787.0
10:43:33,787.0
10:43:35,787.0
10:43:38,787.0
10:43:40,787.0
10:43:43,787.0
10:43:45,787.0
10:43:48,787.0
10:43:50,787.05
10:43:53,787.05
10:43:55,787.05
10:43:59,787.05
10:44:01,787.05
10:44:04,787.05
10:44:06,787.05
10:44:09,787.05
10:44:11,787.05
10:44:13,787.05
10:44:16,787.05
10:44:18,787.35
10:44:20,787.35
10:44:23,787.35
10:44:25,787.35
10:44:27,787.35
10:44:29,787.35
10:44:32,787.35
10:44:34,787.35
10:44:36,787.35
10:44:39,787.35
10:44:41,787.35
10:44:43,787.35
10:44:46,787.35
10:44:48,787.35
10:44:50,787.35
10:44:53,787.35
10:44:55,787.35
10:44:57,787.35
10:45:00,787.1
10:45:02,787.1
10:45:04,787.1
10:45:07,787.1
10:45:09,787.1
10:45:11,787.1
10:45:13,786.6
10:45:16,786.6
10:45:18,786.6
10:45:21,786.6
10:45:23,786.6
10:45:25,786.6
10:45:28,786.6
10:45:30,786.6
10:45:33,786.6
10:45:35,786.6
10:45:37,786.6
10:45:40,786.6
10:45:42,786.6
10:45:45,786.6
10:45:47,786.6
10:45:50,786.6
10:45:52,786.6
10:45:55,786.45
10:45:57,786.45
10:46:01,786.45
10:46:03,786.45
10:46:05,786.45
10:46:09,786.45
10:46:11,786.45
10:46:14,786.45
10:46:16,786.45
10:46:18,786.45
10:46:21,786.45
10:46:24,786.45
10:46:26,786.45
10:46:29,786.45
10:46:31,786.45
10:46:33,786.45
10:46:36,786.45
10:46:38,786.4
10:46:40,786.4
10:46:43,786.4
10:46:45,786.4
10:46:47,786.4
10:46:50,786.4
10:46:52,786.4
10:46:54,786.4
10:46:56,786.4
10:46:59,786.4
10:47:01,786.4
10:47:03,786.4
10:47:05,786.25
10:47:08,786.25
10:47:10,786.25
10:47:12,786.25
10:47:15,786.25
10:47:17,786.25
10:47:19,786.3
10:47:21,786.3
10:47:24,786.3
10:47:26,786.3
10:47:28,786.3
10:47:31,786.3
10:47:34,786.3
10:47:37,786.3
10:47:40,786.3
10:47:42,786.3
10:47:45,786.3
10:47:47,786.3
10:47:50,786.3
10:47:52,786.3
10:47:54,786.3
10:47:57,786.3
10:47:59,786.3
10:48:01,786.45
10:48:03,786.45
10:48:06,786.45
10:48:08,786.45
10:48:10,786.45
10:48:12,786.45
10:48:15,786.85
10:48:17,786.85
10:48:19,786.85
10:48:22,786.85
10:48:24,786.85
10:48:27,786.85
10:48:30,786.85
10:48:33,786.85
10:48:35,786.85
10:48:37,786.85
10:48:39,786.85
10:48:42,786.85
10:48:44,786.85
10:48:50,786.85
10:48:52,786.85
10:48:55,786.85
10:48:57,786.7
10:48:59,786.7
10:49:02,786.7
10:49:04,786.7
10:49:06,786.7
10:49:09,786.7
10:49:11,786.6
10:49:13,786.6
10:49:16,786.6
10:49:18,786.6
10:49:20,786.6
10:49:23,786.6
10:49:25,786.6
10:49:27,786.6
10:49:29,786.6
10:49:32,786.6
10:49:34,786.6
10:49:37,786.6
10:49:39,786.6
10:49:41,786.6
10:49:44,786.6
10:49:46,786.6
10:49:48,786.6
10:49:51,786.6
10:49:53,786.4
10:49:55,786.4
10:49:58,786.4
10:50:00,786.4
10:50:02,786.4
10:50:05,786.4
10:50:07,786.4
10:50:09,786.4
10:50:11,786.4
10:50:14,786.4
10:50:16,786.4
10:50:18,786.4
10:50:20,786.4
10:50:23,786.4
10:50:25,786.4
10:50:28,786.4
10:50:30,786.4
10:50:33,786.4
10:50:35,786.4
10:50:37,786.4
10:50:39,786.4
10:50:42,786.4
10:50:44,786.4
10:50:46,786.4
10:50:49,786.05
10:50:51,786.05
10:50:53,786.05
10:50:55,786.05
10:50:58,786.05
10:51:00,786.05
10:51:02,786.05
10:51:04,786.05
10:51:09,786.05
10:51:11,786.05
10:51:14,786.05
10:51:16,786.05
10:51:18,786.05
10:51:21,786.05
10:51:23,786.05
10:51:26,786.05
10:51:29,786.15
10:51:31,786.15
10:51:34,786.15
10:51:36,786.15
10:51:39,786.15
10:51:41,786.15
10:51:44,786.05
10:51:47,786.05
10:51:49,786.05
10:51:52,786.05
10:51:54,786.05
10:51:56,786.05
10:51:59,786.05
10:52:01,786.05
10:52:04,786.05
10:52:06,786.05
10:52:08,786.05
10:52:11,786.05
10:52:13,786.05
10:52:17,786.05
10:52:20,786.05
10:52:22,786.05
10:52:25,786.05
10:52:27,786.15
10:52:29,786.15
10:52:32,786.15
10:52:34,786.15
10:52:36,786.15
10:52:39,786.15
10:52:41,786.15
10:52:43,786.15
10:52:45,786.15
10:52:48,786.15
10:52:50,786.15
10:52:53,786.15
10:52:55,786.1
10:52:58,786.1
10:53:00,786.1
10:53:02,786.1
10:53:04,786.1
10:53:07,786.1
10:53:10,786.1
10:53:12,786.1
10:53:15,786.1
10:53:17,786.1
10:53:20,786.1
10:53:22,785.75
10:53:24,785.75
10:53:28,785.75
10:53:31,785.75
10:53:33,785.75
10:53:35,785.75
10:53:38,785.75
10:53:40,785.75
10:53:42,785.75
10:53:44,785.75
10:53:47,785.75
10:53:49,785.75
10:53:51,785.7
10:53:54,785.7
10:53:56,785.7
10:53:59,785.7
10:54:01,785.7
10:54:03,785.7
10:54:06,785.7
10:54:08,785.7
10:54:10,785.7
10:54:13,785.7
10:54:15,785.7
10:54:20,785.5
10:54:23,785.5
10:54:25,785.5
10:54:28,785.5
10:54:30,785.5
10:54:33,785.5
10:54:35,785.5
10:54:38,785.5
10:54:41,785.5
10:54:43,785.5
10:54:45,785.5
10:54:50,785.8
10:54:52,785.8
10:54:55,785.8
10:54:57,785.8
10:55:00,785.8
10:55:02,785.8
10:55:04,785.8
10:55:07,785.8
10:55:10,785.8
10:55:12,785.8
10:55:15,785.8
10:55:17,785.8
10:55:19,785.8
10:55:22,785.8
10:55:25,785.8
10:55:27,785.8
10:55:30,785.8
10:55:32,785.8
10:55:35,785.95
10:55:38,785.95
10:55:40,785.95
10:55:43,785.95
10:55:45,785.95
10:55:48,785.95
10:55:50,785.8
10:55:53,785.8
10:55:56,785.8
10:55:58,785.8
10:56:02,785.8
10:56:04,785.8
10:56:07,785.8
10:56:10,785.8
10:56:13,785.8
10:56:15,785.8
10:56:17,785.7
10:56:20,785.7
10:56:22,785.7
10:56:25,785.7
10:56:27,785.7
10:56:31,785.7
10:56:33,785.7
10:56:36,785.7
10:56:38,785.7
10:56:40,785.7
10:56:43,785.7
10:56:47,785.7
10:56:52,785.7
10:56:55,785.7
10:56:58,785.7
10:57:01,785.5
10:57:03,785.5
10:57:09,785.5
10:57:11,785.5
10:57:15,785.5
10:57:17,785.5
10:57:20,785.5
10:57:23,785.5
10:57:26,785.9
10:57:28,785.9
10:57:31,785.9
10:57:33,785.9
10:57:35,785.9
10:57:38,785.9
10:57:40,785.9
10:57:42,785.9
10:57:45,785.9
10:57:47,785.9
10:57:50,785.9
10:57:52,785.9
10:57:54,785.9
10:57:57,785.9
10:57:59,785.9
10:58:02,785.9
10:58:05,785.9
10:58:07,785.2
10:58:11,785.2
10:58:14,785.2
10:58:16,785.2
10:58:19,785.2
10:58:21,785.0
10:58:24,785.0
10:58:26,785.0
10:58:29,785.0
10:58:31,785.0
10:58:34,785.0
10:58:36,785.0
10:58:39,785.0
10:58:41,785.0
10:58:44,785.0
10:58:47,785.0
10:58:49,785.1
10:58:52,785.1
10:58:54,785.1
10:58:57,785.1
10:59:01,785.1
10:59:03,785.1
10:59:06,785.1
10:59:08,785.1
10:59:11,785.1
10:59:13,785.1
10:59:20,785.1
10:59:22,785.1
10:59:25,785.1
10:59:27,785.1
10:59:29,785.1
10:59:33,785.1
10:59:35,785.2
10:59:38,785.2
10:59:40,785.2
10:59:43,785.2
10:59:45,785.2
10:59:47,785.2
10:59:50,785.15
10:59:52,785.15
10:59:54,785.15
10:59:57,785.15
10:59:59,785.15
11:00:01,785.15
11:00:04,785.15
11:00:06,785.15
11:00:09,785.15
11:00:11,785.15
11:00:14,785.15
11:00:18,785.15
11:00:21,785.15
11:00:23,785.15
11:00:25,785.15
11:00:28,785.15
11:00:30,785.0
11:00:33,785.0
11:00:35,785.0
11:00:38,785.0
11:00:40,785.0
11:00:42,785.0
11:00:45,785.0
11:00:48,785.0
11:00:50,785.0
11:00:52,785.0
11:00:54,785.0
11:00:57,785.0
11:00:59,785.0
11:01:02,785.0
11:01:04,785.0
11:01:06,785.0
11:01:09,785.0
11:01:13,784.7
11:01:17,784.7
11:01:21,784.7
11:01:23,784.7
11:01:26,784.7
11:01:30,784.95
11:01:32,784.95
11:01:35,784.95
11:01:38,784.95
11:01:40,784.95
11:01:42,784.95
11:01:45,784.95
11:01:47,784.95
11:01:49,784.9
11:01:52,784.9
11:01:54,784.9
11:01:57,784.9
11:01:59,784.9
11:02:01,784.9
11:02:03,784.9
11:02:06,784.9
11:02:08,784.9
11:02:10,784.9
11:02:13,784.9
11:02:15,784.9
11:02:17,784.9
11:02:20,784.9
11:02:22,784.9
11:02:24,784.9
11:02:27,784.9
11:02:29,784.9
11:02:32,784.9
11:02:34,784.35
11:02:36,784.35
11:02:39,784.35
11:02:41,784.35
11:02:43,784.35
11:02:46,784.35
11:02:48,784.35
11:02:50,784.35
11:02:53,784.35
11:02:55,784.35
11:02:58,784.35
11:03:02,784.75
11:03:05,784.75
11:03:07,784.75
11:03:10,784.75
11:03:12,784.75
11:03:14,784.75
11:03:17,784.55
11:03:19,784.55
11:03:22,784.55
11:03:24,784.55
11:03:26,784.55
11:03:29,784.55
11:03:31,784.55
11:03:33,784.55
11:03:36,784.55
11:03:38,784.55
11:03:41,784.55
11:03:43,784.55
11:03:45,784.55
11:03:48,784.55
11:03:51,784.55
11:03:53,784.55
11:03:55,784.55
11:03:58,784.55
11:04:00,784.55
11:04:03,784.3
11:04:06,784.3
11:04:08,784.3
11:04:11,784.3
11:04:13,784.3
11:04:16,784.3
11:04:19,784.3
11:04:21,784.3
11:04:23,784.3
11:04:26,784.3
11:04:28,784.3
11:04:31,784.3
11:04:33,784.3
11:04:35,784.3
11:04:38,784.3
11:04:40,784.3
11:04:42,784.65
11:04:45,784.65
11:04:47,784.65
11:04:50,784.65
11:04:52,784.65
11:04:54,784.65
11:04:57,784.65
11:04:59,784.7
11:05:01,784.7
11:05:04,784.7
11:05:06,784.7
11:05:08,784.7
11:05:11,784.7
11:05:13,785.05
11:05:15,785.05
11:05:19,785.05
11:05:21,785.05
11:05:24,785.05
11:05:26,785.05
11:05:29,785.05
11:05:32,785.05
11:05:34,785.05
11:05:36,785.05
11:05:39,785.05
11:05:41,785.05
11:05:43,785.05
11:05:46,785.05
11:05:48,785.05
11:05:50,785.05
11:05:53,785.05
11:05:55,785.05
11:05:57,785.05
11:06:00,785.05
11:06:02,785.05
11:06:05,785.05
11:06:07,785.25
11:06:10,785.25
11:06:13,785.25
11:06:15,785.25
11:06:18,785.25
11:06:20,785.15
11:06:22,785.15
11:06:24,785.15
11:06:27,785.15
11:06:29,785.15
11:06:32,785.15
11:06:34,785.15
11:06:36,785.15
11:06:38,785.15
11:06:40,785.15
11:06:43,785.15
11:06:48,785.4
11:06:50,785.4
11:06:52,785.4
11:06:55,785.4
11:06:57,785.4
11:06:59,785.4
11:07:01,785.4
11:07:04,785.4
11:07:06,785.4
11:07:08,785.4
11:07:10,785.4
11:07:13,785.4
11:07:15,785.4
11:07:17,785.4
11:07:20,785.4
11:07:22,785.4
11:07:24,785.4
11:07:27,785.4
11:07:29,785.4
11:07:31,785.2
11:07:33,785.2
11:07:36,785.2
11:07:38,785.2
11:07:40,785.2
11:07:43,785.2
11:07:45,785.8
11:07:47,785.8
11:07:50,785.8
11:07:52,785.8
11:07:54,785.8
11:07:56,785.8
11:07:58,785.8
11:08:01,785.8
11:08:03,785.8
11:08:05,785.8
11:08:08,785.8
11:08:10,785.8
11:08:12,785.8
11:08:15,785.8
11:08:17,785.8
11:08:19,785.8
11:08:22,785.8
11:08:24,785.8
11:08:26,785.8
11:08:28,785.8
11:08:31,785.8
11:08:33,785.8
11:08:35,785.8
11:08:38,785.8
11:08:40,785.95
11:08:42,785.95
11:08:45,785.95
11:08:47,785.95
11:08:49,785.95
11:08:52,785.95
11:08:54,785.75
11:08:56,785.75
11:08:59,785.75
11:09:01,785.75
11:09:03,785.75
11:09:05,785.75
11:09:09,785.75
11:09:11,785.75
11:09:14,785.75
11:09:18,785.75
11:09:20,785.75
11:09:22,785.75
11:09:25,785.75
11:09:27,785.75
11:09:29,785.75
11:09:31,785.75
11:09:34,786.0
11:09:36,786.0
11:09:39,786.0
11:09:41,786.0
11:09:43,786.0
11:09:45,786.0
11:09:48,786.0
11:09:50,786.0
11:09:52,786.0
11:09:54,786.0
11:09:57,786.0
11:09:59,786.0
11:10:01,786.0
11:10:03,786.25
11:10:06,786.25
11:10:08,786.25
11:10:10,786.25
11:10:12,786.25
11:10:15,786.25
11:10:17,786.25
11:10:19,786.25
11:10:21,786.25
11:10:24,786.25
11:10:26,786.25
11:10:28,786.25
11:10:30,786.5
11:10:32,786.5
11:10:35,786.5
11:10:37,786.5
11:10:39,786.5
11:10:42,786.5
11:10:44,786.5
11:10:46,786.5
11:10:48,786.5
11:10:51,786.5
11:10:53,786.5
11:10:55,786.5
11:10:57,786.5
11:11:00,786.5
11:11:02,786.5
11:11:04,786.5
11:11:06,786.5
11:11:09,786.5
11:11:11,786.5
11:11:14,786.5
11:11:16,786.5
11:11:18,786.5
11:11:20,786.5
11:11:23,786.5
11:11:25,786.5
11:11:27,786.5
11:11:29,786.5
11:11:32,786.5
11:11:34,786.5
11:11:36,786.5
11:11:38,786.5
11:11:41,786.5
11:11:43,786.5
11:11:45,786.5
11:11:48,786.5
11:11:50,786.5
11:11:52,786.75
11:11:55,786.75
11:11:57,786.75
11:11:59,786.75
11:12:01,786.75
11:12:04,786.75
11:12:06,786.2
11:12:08,786.2
11:12:11,786.2
11:12:13,786.2
11:12:15,786.2
11:12:17,786.2
11:12:20,786.2
11:12:22,786.2
11:12:24,786.2
11:12:26,786.2
11:12:28,786.2
11:12:31,786.2
11:12:33,786.5
11:12:35,786.5
11:12:38,786.5
11:12:40,786.5
11:12:42,786.5
11:12:45,786.5
11:12:47,786.5
11:12:49,786.5
11:12:53,786.5
11:12:55,786.5
11:12:57,786.5
11:12:59,786.5
11:13:01,786.2
11:13:04,786.2
11:13:06,786.2
11:13:08,786.2
11:13:11,786.2
11:13:13,786.2
11:13:15,786.25
11:13:18,786.25
11:13:20,786.25
11:13:23,786.25
11:13:25,786.25
11:13:27,786.25
11:13:29,786.25
11:13:32,786.25
11:13:34,786.25
11:13:36,786.25
11:13:38,786.25
11:13:41,786.25
11:13:43,785.95
11:13:45,785.95
11:13:48,785.95
11:13:50,785.95
11:13:52,785.95
11:13:55,785.95
11:13:57,785.95
11:14:00,785.95
11:14:02,785.95
11:14:04,785.95
11:14:06,785.95
11:14:09,785.95
11:14:11,785.95
11:14:13,785.95
11:14:15,785.95
11:14:18,785.95
11:14:20,785.95
11:14:22,785.95
11:14:24,785.95
11:14:26,785.9
11:14:29,785.9
11:14:31,785.9
11:14:33,785.9
11:14:35,785.9
11:14:38,785.9
11:14:40,785.9
11:14:43,785.9
11:14:45,785.9
11:14:47,785.9
11:14:49,785.9
11:14:52,785.9
11:14:54,786.0
11:14:56,786.0
11:14:58,786.0
11:15:01,786.0
11:15:03,786.0
11:15:05,786.0
11:15:08,786.0
11:15:10,786.0
11:15:12,786.0
11:15:15,786.0
11:15:17,786.0
11:15:19,786.0
11:15:22,786.0
11:15:24,786.0
11:15:26,786.0
11:15:28,786.0
11:15:31,786.0
11:15:33,786.0
11:15:35,786.15
11:15:37,786.15
11:15:40,786.15
11:15:42,786.15
11:15:44,786.15
11:15:47,786.15
11:15:49,786.25
11:15:52,786.25
11:15:54,786.25
11:15:56,786.25
11:15:59,786.25
11:16:01,786.25
11:16:03,786.25
11:16:06,786.25
11:16:08,786.25
11:16:10,786.25
11:16:22,786.25
11:16:25,786.25
11:16:28,786.25
11:16:30,786.25
11:16:32,786.25
11:16:35,786.25
11:16:38,785.65
11:16:43,785.65
11:16:45,785.65
11:16:48,785.65
11:16:50,785.6
11:16:53,785.6
11:16:55,785.6
11:16:58,785.6
11:17:00,785.6
11:17:02,785.6
11:17:05,785.6
11:17:08,785.6
11:17:10,785.6
11:17:14,785.6
11:17:19,785.35
11:17:21,785.35
11:17:24,785.35
11:17:26,785.35
11:17:28,785.35
11:17:31,785.35
11:17:33,785.35
11:17:36,785.35
11:17:38,785.35
11:17:40,785.35
11:17:43,785.35
11:17:45,785.35
11:17:48,785.2
11:17:51,785.2
11:17:53,785.2
11:17:56,785.2
11:17:58,785.2
11:18:01,785.2
11:18:04,785.2
11:18:06,785.2
11:18:08,785.2
11:18:11,785.2
11:18:13,785.2
11:18:16,785.5
11:18:19,785.5
11:18:21,785.5
11:18:26,785.5
11:18:30,785.5
11:18:32,785.5
11:18:34,785.5
11:18:37,785.5
11:18:39,785.5
11:18:41,785.5
11:18:44,785.5
11:18:46,785.5
11:18:48,785.5
11:18:51,785.5
11:18:53,785.5
11:18:56,785.5
11:18:58,785.5
11:19:02,785.65
11:19:04,785.65
11:19:06,785.65
11:19:09,785.65
11:19:11,785.65
11:19:14,785.35
11:19:17,785.35
11:19:19,785.35
11:19:22,785.35
11:19:24,785.35
11:19:27,785.35
11:19:29,785.35
11:19:32,785.35
11:19:34,785.35
11:19:37,785.35
11:19:40,785.35
11:19:42,785.35
11:19:45,785.35
11:19:47,785.35
11:19:50,785.35
11:19:53,785.35
11:19:55,785.35
11:19:57,785.35
11:20:00,785.35
11:20:03,785.35
11:20:06,785.35
11:20:08,785.35
11:20:11,785.35
11:20:13,785.35
11:20:15,785.35
11:20:18,785.35
11:20:21,785.35
11:20:23,785.35
11:20:26,785.35
11:20:28,785.35
11:20:32,785.35
11:20:34,785.35
11:20:37,785.15
11:20:40,785.15
11:20:42,785.15
11:20:45,785.15
11:20:48,785.15
11:20:50,785.15
11:20:52,784.9
11:20:55,784.9
11:20:57,784.9
11:21:00,784.9
11:21:02,784.9
11:21:09,784.9
11:21:11,784.9
11:21:15,784.9
11:21:17,784.9
11:21:20,784.9
11:21:23,784.9
11:21:26,784.9
11:21:28,784.9
11:21:31,784.9
11:21:34,784.9
11:21:37,784.9
11:21:39,784.8
11:21:42,784.8
11:21:44,784.8
11:21:46,784.8
11:21:49,784.8
11:21:52,784.8
11:21:54,784.8
11:21:56,784.8
11:21:59,784.8
11:22:01,784.8
11:22:06,784.8
11:22:08,784.75
11:22:10,784.75
11:22:12,784.75
11:22:15,784.75
11:22:17,784.75
11:22:20,784.75
11:22:22,784.8
11:22:25,784.8
11:22:28,784.8
11:22:30,784.8
11:22:33,784.8
11:22:35,784.8
11:22:37,784.8
11:22:40,784.8
11:22:42,784.8
11:22:44,784.8
11:22:47,784.8
11:22:49,784.75
11:22:51,784.75
11:22:54,784.75
11:22:56,784.75
11:22:58,784.75
11:23:02,784.75
11:23:04,784.75
11:23:07,784.75
11:23:09,784.75
11:23:11,784.75
11:23:14,784.75
11:23:16,784.75
11:23:19,784.75
11:23:21,784.75
11:23:23,784.75
11:23:27,784.75
11:23:29,784.75
11:23:31,784.75
11:23:34,784.6
11:23:36,784.6
11:23:38,784.6
11:23:41,784.6
11:23:43,784.6
11:23:45,784.6
11:23:48,784.65
11:23:50,784.65
11:23:52,784.65
11:23:55,784.65
11:23:57,784.65
11:23:59,784.65
11:24:02,784.65
11:24:04,784.65
11:24:06,784.65
11:24:09,784.65
11:24:11,784.65
11:24:13,784.65
11:24:16,784.75
11:24:18,784.75
11:24:20,784.75
11:24:23,784.75
11:24:25,784.75
11:24:27,784.75
11:24:30,784.75
11:24:32,784.75
11:24:34,784.75
11:24:37,784.75
11:24:39,784.75
11:24:41,784.75
11:24:44,784.75
11:24:46,784.75
11:24:48,784.75
11:24:51,784.75
11:24:53,784.75
11:24:55,784.75
11:24:58,785.4
11:25:00,785.4
11:25:02,785.4
11:25:05,785.4
11:25:07,785.4
11:25:09,785.4
11:25:12,785.4
11:25:14,785.4
11:25:16,785.4
11:25:19,785.4
11:25:22,785.4
11:25:24,785.4
11:25:26,785.4
11:25:29,785.4
11:25:31,785.4
11:25:33,785.4
11:25:36,785.4
11:25:38,785.4
11:25:40,785.2
11:25:43,785.2
11:25:45,785.2
11:25:48,785.2
11:25:50,785.2
11:25:52,785.2
11:25:55,785.2
11:25:57,785.2
11:25:59,785.2
11:26:02,785.2
11:26:04,785.2
11:26:06,785.2
11:26:09,785.2
11:26:11,785.2
11:26:15,785.2
11:26:18,785.2
11:26:20,785.2
11:26:22,785.2
11:26:25,785.2
11:26:27,785.2
11:26:29,785.2
11:26:31,785.2
11:26:34,785.2
11:26:36,785.35
11:26:38,785.35
11:26:41,785.35
11:26:43,785.35
11:26:45,785.35
11:26:47,785.35
11:26:50,785.35
11:26:52,785.35
11:26:54,785.35
11:26:56,785.35
11:26:59,785.35
11:27:01,785.35
11:27:03,784.95
11:27:05,784.95
11:27:08,784.95
11:27:10,784.95
11:27:12,784.95
11:27:15,784.95
11:27:17,784.95
11:27:19,784.95
11:27:21,784.95
11:27:24,784.95
11:27:26,784.95
11:27:29,784.95
11:27:31,785.5
11:27:33,785.5
11:27:35,785.5
11:27:38,785.5
11:27:40,785.5
11:27:42,785.5
11:27:45,785.5
11:27:47,785.5
11:27:49,785.5
11:27:51,785.5
11:27:54,785.5
11:27:56,785.5
11:27:59,785.3
11:28:01,785.3
11:28:03,785.3
11:28:06,785.3
11:28:08,785.3
11:28:10,785.3
11:28:12,785.3
11:28:15,785.3
11:28:17,785.3
11:28:19,785.3
11:28:22,785.3
11:28:24,785.3
11:28:26,785.45
11:28:29,785.45
11:28:31,785.45
11:28:33,785.45
11:28:35,785.45
11:28:38,785.45
11:28:40,785.45
11:28:43,785.45
11:28:45,785.45
11:28:47,785.45
11:28:49,785.45
11:28:52,785.45
11:28:54,785.45
11:28:56,785.45
11:28:59,785.45
11:29:01,785.45
11:29:03,785.45
11:29:06,785.45
11:29:08,785.45
11:29:10,785.3
11:29:13,785.3
11:29:15,785.3
11:29:17,785.3
11:29:20,785.3
11:29:23,785.3
11:29:25,785.3
11:29:28,785.3
11:29:30,785.3
11:29:32,785.3
11:29:34,785.3
11:29:37,785.3
11:29:39,785.3
11:29:41,785.3
11:29:44,785.3
11:29:46,785.3
11:29:49,785.3
11:29:51,785.3
11:29:53,785.3
11:29:56,785.3
11:29:58,785.3
11:30:00,785.3
11:30:02,785.3
11:30:05,785.3
11:30:07,784.95
11:30:10,784.95
11:30:12,784.95
11:30:14,784.95
11:30:17,784.95
11:30:19,784.95
11:30:21,784.95
11:30:24,784.95
11:30:26,784.95
11:30:28,784.95
11:30:31,784.95
11:30:33,784.95
11:30:35,785.1
11:30:38,785.1
11:30:40,785.1
11:30:42,785.1
11:30:45,785.1
11:30:47,785.1
11:30:49,785.1
11:30:52,785.1
11:30:54,785.1
11:30:57,785.1
11:30:59,785.1
11:31:01,785.1
11:31:04,785.05
11:31:06,785.05
11:31:09,785.05
11:31:11,785.05
11:31:28,784.95
11:31:32,784.95
11:31:34,784.95
11:31:36,784.95
11:31:39,784.95
11:31:41,784.95
11:31:43,785.1
11:31:46,785.1
11:31:49,785.1
11:31:51,785.1
11:31:53,785.1
11:31:56,785.1
11:31:58,785.1
11:32:00,785.1
11:32:03,785.1
11:32:05,785.1
11:32:08,785.1
11:32:10,785.1
11:32:12,785.1
11:32:15,785.1
11:32:18,785.1
11:32:20,785.1
11:32:22,785.1
11:32:25,785.1
11:32:28,785.1
11:32:35,785.1
11:32:37,785.1
11:32:40,785.0
11:32:42,785.0
11:32:44,785.0
11:32:47,785.0
11:32:54,785.0
11:32:57,785.0
11:32:59,785.0
11:33:02,785.0
11:33:04,785.0
11:33:06,785.0
11:33:11,784.85
11:33:19,784.85
11:33:21,784.85
11:33:23,784.85
11:33:26,784.85
11:33:28,784.85
11:33:30,784.85
11:33:33,784.85
11:33:35,784.85
11:33:37,784.85
11:33:39,784.85
11:33:42,784.85
11:33:44,784.85
11:33:47,784.85
11:33:49,784.85
11:33:51,784.85
11:33:53,784.85
11:33:56,784.85
11:33:58,784.85
11:34:01,784.85
11:34:03,784.85
11:34:07,784.85
11:34:09,785.3
11:34:11,785.3
11:34:14,785.3
11:34:16,785.3
11:34:19,785.3
11:34:22,785.2
11:34:24,785.2
11:34:27,785.2
11:34:30,785.2
11:34:32,785.2
11:34:34,785.2
11:34:36,785.2
11:34:39,785.2
11:34:41,785.2
11:34:43,785.2
11:34:46,785.2
11:34:48,785.2
11:34:50,785.2
11:34:52,785.2
11:34:55,785.2
11:34:57,785.2
11:34:59,785.65
11:35:02,785.65
11:35:04,785.65
11:35:06,785.65
11:35:09,785.65
11:35:14,785.65
11:35:16,785.65
11:35:19,785.65
11:35:21,785.65
11:35:25,785.65
11:35:27,785.65
11:35:29,785.65
11:35:32,785.65
11:35:34,785.65
11:35:36,785.65
11:35:38,785.65
11:35:41,785.65
11:35:43,785.25
11:35:45,785.25
11:35:47,785.25
11:35:50,785.25
11:35:52,785.25
11:35:54,785.25
11:35:57,785.5
11:36:00,785.5
11:36:02,785.5
11:36:04,785.5
11:36:07,785.5
11:36:09,785.5
11:36:11,785.5
11:36:14,785.5
11:36:16,785.5
11:36:18,785.5
11:36:23,785.5
11:36:25,785.5
11:36:28,785.15
11:36:30,785.15
11:36:32,785.15
11:36:35,785.15
11:36:37,785.15
11:36:39,785.15
11:36:42,785.15
11:36:44,785.15
11:36:48,785.15
11:36:50,785.15
11:36:53,785.15
11:36:55,785.15
11:36:57,785.15
11:37:00,785.15
11:37:02,785.15
11:37:04,785.15
11:37:07,785.15
11:37:09,785.2
11:37:11,785.2
11:37:14,785.2
11:37:16,785.2
11:37:18,785.2
11:37:21,785.2
11:37:23,785.2
11:37:25,785.2
11:37:27,785.2
11:37:30,785.2
11:37:35,785.2
11:37:37,784.9
11:37:39,784.9
11:37:41,784.9
11:37:44,784.9
11:37:46,784.9
11:37:49,784.9
11:37:51,785.45
11:37:53,785.45
11:37:56,785.45
11:37:58,785.45
11:38:01,785.45
11:38:03,785.45
11:38:05,785.45
11:38:08,785.45
11:38:10,785.45
11:38:13,785.45
11:38:15,785.45
11:38:17,785.45
11:38:20,785.45
11:38:22,785.45
11:38:24,785.45
11:38:27,785.45
11:38:29,785.45
11:38:32,785.45
11:38:34,785.45
11:38:36,785.45
11:38:39,785.45
11:38:41,785.45
11:38:44,785.45
11:38:46,785.45
11:38:48,785.45
11:38:51,785.45
11:38:53,785.45
11:38:55,785.45
11:38:58,785.45
11:39:00,785.45
11:39:03,785.05
11:39:05,785.05
11:39:08,785.05
11:39:10,785.05
11:39:12,785.05
11:39:15,784.1
11:39:17,784.1
11:39:19,784.1
11:39:22,784.1
11:39:24,784.1
11:39:26,784.1
11:39:29,784.1
11:39:31,784.1
11:39:33,784.1
11:39:36,784.1
11:39:38,784.1
11:39:41,784.1
11:39:43,784.1
11:39:45,784.1
11:39:48,784.1
11:39:50,784.1
11:39:52,784.1
11:39:55,784.1
11:39:57,784.1
11:39:59,782.8
11:40:02,782.8
11:40:04,782.8
11:40:07,782.8
11:40:09,782.8
11:40:11,782.8
11:40:14,782.8
11:40:16,782.8
11:40:18,782.8
11:40:21,782.8
11:40:23,782.8
11:40:26,782.8
11:40:29,782.8
11:40:31,782.8
11:40:33,782.8
11:40:36,782.8
11:40:38,782.8
11:40:41,782.8
11:40:43,782.8
11:40:46,782.8
11:40:48,782.8
11:40:50,782.8
11:40:53,782.8
11:40:55,782.8
11:41:01,783.5
11:41:04,783.5
11:41:06,783.5
11:41:09,783.5
11:41:11,783.5
11:41:14,783.5
11:41:16,783.5
11:41:18,783.5
11:41:22,783.5
11:41:24,783.5
11:41:27,783.2
11:41:31,783.2
11:41:34,783.2
11:41:36,783.2
11:41:38,783.2
11:41:41,783.2
11:41:43,783.2
11:41:46,783.2
11:41:48,783.2
11:41:50,783.2
11:41:52,783.2
11:41:55,783.2
11:41:57,782.95
11:41:59,782.95
11:42:01,782.95
11:42:04,782.95
11:42:06,782.95
11:42:08,782.95
11:42:11,782.95
11:42:13,782.95
11:42:15,782.95
11:42:18,782.95
11:42:20,782.95
11:42:22,782.95
11:42:25,782.95
11:42:27,782.95
11:42:30,782.95
11:42:32,782.95
11:42:34,782.95
11:42:36,782.95
11:42:39,782.95
11:42:53,783.35
11:42:58,783.45
11:43:01,783.45
11:43:03,783.45
11:43:05,783.45
11:43:07,783.45
11:43:10,783.45
11:43:13,783.45
11:43:15,783.45
11:43:17,783.45
11:43:19,783.45
11:43:22,783.45
11:43:24,783.45
11:43:27,784.0
11:43:29,784.0
11:43:31,784.0
11:43:34,784.0
11:43:36,784.0
11:43:38,784.0
11:43:42,784.0
11:43:44,784.0
11:43:46,784.0
11:43:49,784.0
11:43:51,784.0
11:43:54,783.9
11:43:56,783.9
11:43:58,783.9
11:44:00,783.9
11:44:03,783.9
11:44:05,783.9
11:44:07,783.9
11:44:10,783.9
11:44:12,783.9
11:44:14,783.9
11:44:17,783.9
11:44:19,783.9
11:44:21,783.9
11:44:24,784.0
11:44:26,784.0
11:44:28,784.0
11:44:30,784.0
11:44:33,784.0
11:44:35,784.0
11:44:37,783.9
11:44:40,783.9
11:44:42,783.9
11:44:44,783.9
11:44:48,783.9
11:44:51,783.65
11:44:53,783.65
11:44:56,783.65
11:44:58,783.65
11:45:00,783.65
11:45:04,783.65
11:45:09,783.65
11:45:12,783.65
11:45:14,783.65
11:45:16,783.65
11:45:19,783.65
11:45:21,783.65
11:45:24,783.65
11:45:26,783.65
11:45:29,783.65
11:45:31,783.65
11:45:33,783.65
11:45:35,783.9
11:45:38,783.9
11:45:40,783.9
11:45:43,783.9
11:45:45,783.9
11:45:47,783.9
11:45:49,783.9
11:45:52,783.9
11:45:54,783.9
11:45:56,783.9
11:45:59,783.9
11:46:01,783.9
11:46:03,783.35
11:46:06,783.35
11:46:08,783.35
11:46:11,783.35
11:46:13,783.35
11:46:15,783.35
11:46:17,783.3
11:46:20,783.3
11:46:25,783.3
11:46:28,783.3
11:46:30,783.3
11:46:32,783.3
11:46:35,783.3
11:46:37,783.3
11:46:40,783.3
11:46:50,783.15
11:46:52,783.15
11:46:55,783.15
11:46:57,783.15
11:46:59,783.15
11:47:01,783.15
11:47:06,783.15
11:47:11,783.15
11:47:14,783.15
11:47:16,783.15
11:47:18,783.15
11:47:23,782.75
11:47:27,782.75
11:47:30,782.75
11:47:32,782.75
11:47:34,782.75
11:47:37,782.75
11:47:40,782.75
11:47:42,782.75
11:47:45,782.75
11:47:47,782.75
11:47:50,782.75
11:47:52,782.75
11:47:55,782.75
11:47:57,782.75
11:47:59,782.75
11:48:02,782.75
11:48:04,782.75
11:48:06,782.75
11:48:09,782.95
11:48:11,782.95
11:48:13,782.95
11:48:16,782.95
11:48:18,782.95
11:48:20,782.95
11:48:23,782.7
11:48:25,782.7
11:48:28,782.7
11:48:31,782.7
11:48:33,782.7
11:48:35,782.7
11:48:38,782.7
11:48:41,782.7
11:48:43,782.7
11:48:45,782.7
11:48:48,782.7
11:48:50,782.7
11:48:54,782.8
11:48:56,782.8
11:48:59,782.8
11:49:01,782.8
11:49:03,782.8
11:49:06,782.8
11:49:08,782.8
11:49:10,782.8
11:49:13,782.8
11:49:15,782.8
11:49:17,782.8
11:49:20,782.8
11:49:23,783.5
11:49:25,783.5
11:49:28,783.5
11:49:31,783.5
11:49:33,783.5
11:49:36,783.5
11:49:38,783.5
11:49:40,783.5
11:49:43,783.5
11:49:46,783.5
11:49:48,783.5
11:49:51,783.5
11:49:53,783.5
11:49:56,783.5
11:49:58,783.5
11:50:00,783.5
11:50:03,783.5
11:50:05,783.5
11:50:07,783.0
11:50:10,783.0
11:50:12,783.0
11:50:14,783.0
11:50:17,783.0
11:50:19,783.0
11:50:21,782.75
11:50:24,782.75
11:50:26,782.75
11:50:28,782.75
11:50:31,782.75
11:50:33,782.75
11:50:36,782.75
11:50:38,782.75
11:50:40,782.75
11:50:43,782.75
11:50:45,782.75
11:50:50,783.2
11:50:52,783.2
11:50:54,783.2
11:50:57,783.2
11:50:59,783.2
11:51:01,783.2
11:51:04,783.2
11:51:07,783.2
11:51:09,783.2
11:51:11,783.2
11:51:14,783.2
11:51:16,783.2
11:51:18,783.2
11:51:20,783.2
11:51:28,783.2
11:51:31,783.2
11:51:34,783.25
11:51:37,783.25
11:51:39,783.25
11:51:43,783.25
11:51:47,783.25
11:51:50,783.25
11:51:52,783.25
11:51:54,783.25
11:51:57,783.25
11:52:00,783.25
11:52:02,783.4
11:52:05,783.4
11:52:07,783.4
11:52:10,783.4
11:52:12,783.4
11:52:15,783.4
11:52:18,783.4
11:52:20,783.4
11:52:23,783.4
11:52:25,783.4
11:52:28,783.4
11:52:30,783.4
11:52:33,783.4
11:52:35,783.4
11:52:38,783.4
11:52:41,783.4
11:52:43,783.45
11:52:46,783.45
11:52:49,783.45
11:52:51,783.45
11:52:53,783.45
11:52:56,783.2
11:52:59,783.2
11:53:01,783.2
11:53:04,783.2
11:53:06,783.2
11:53:09,783.2
11:53:11,783.2
11:53:14,783.2
11:53:18,783.2
11:53:21,783.2
11:53:23,783.2
11:53:26,783.2
11:53:32,783.2
11:53:34,783.2
11:53:37,783.2
11:53:39,783.0
11:53:41,783.0
11:53:44,783.0
11:53:47,783.0
11:53:49,783.0
11:53:52,783.0
11:53:54,783.0
11:53:57,783.0
11:54:00,783.0
11:54:03,783.0
11:54:05,783.0
11:54:08,783.0
11:54:10,783.0
11:54:12,783.0
11:54:18,783.0
11:54:21,783.0
11:54:23,783.0
11:54:25,783.0
11:54:28,783.0
11:54:30,783.0
11:54:33,782.8
11:54:36,782.8
11:54:38,782.8
11:54:41,782.8
11:54:43,782.8
11:54:46,782.8
11:54:48,782.8
11:54:54,782.8
11:54:56,782.8
11:55:05,782.65
11:55:07,782.65
11:55:10,782.65
11:55:12,782.65
11:55:15,782.65
11:55:20,782.65
11:55:23,782.65
11:55:25,782.2
11:55:28,782.2
11:55:31,782.2
11:55:33,782.2
11:55:36,782.2
11:55:38,782.2
11:55:40,782.2
11:55:44,782.2
11:55:46,782.2
11:55:49,782.2
11:55:52,782.2
11:55:59,782.55
11:56:03,782.55
11:56:05,782.55
11:56:08,782.55
11:56:10,782.55
11:56:13,782.55
11:56:15,782.55
11:56:18,782.55
11:56:20,782.55
11:56:23,782.55
11:56:25,782.55
11:56:27,782.55
11:56:31,782.75
11:56:34,782.75
11:56:36,782.75
11:56:39,782.75
11:56:42,782.75
11:56:44,782.75
11:56:46,782.75
11:56:48,782.75
11:56:51,782.75
11:56:53,782.75
11:56:55,782.75
11:56:57,782.75
11:57:00,782.6
11:57:02,782.6
11:57:04,782.6
11:57:07,782.6
11:57:09,782.6
11:57:11,782.6
11:57:14,782.6
11:57:16,782.6
11:57:18,782.6
11:57:20,782.6
11:57:23,782.6
11:57:25,782.6
11:57:28,782.6
11:57:30,782.6
11:57:32,782.6
11:57:35,782.6
11:57:37,782.6
11:57:39,782.6
11:57:41,782.6
11:57:44,782.9
11:57:46,782.9
11:57:48,782.9
11:57:51,782.9
11:57:53,782.9
11:57:55,782.9
11:57:58,782.9
11:58:00,782.9
11:58:02,782.9
11:58:05,782.9
11:58:07,782.9
11:58:09,782.9
11:58:12,782.9
11:58:14,782.9
11:58:16,782.9
11:58:18,782.9
11:58:21,782.9
11:58:23,782.9
11:58:25,782.9
11:58:28,782.9
11:58:30,782.9
11:58:32,782.9
11:58:35,782.9
11:58:37,782.9
11:58:39,782.95
11:58:42,782.95
11:58:44,782.95
11:58:46,782.95
11:58:49,782.95
11:58:51,782.95
11:58:54,783.05
11:58:56,783.05
11:58:58,783.05
11:59:01,783.05
11:59:04,783.05
11:59:06,783.05
11:59:08,783.05
11:59:11,783.05
11:59:13,783.05
11:59:15,783.05
11:59:18,783.05
11:59:20,783.05
11:59:22,783.05
11:59:25,783.05
11:59:27,783.05
11:59:30,783.05
11:59:32,783.05
11:59:35,783.0
11:59:37,783.0
11:59:39,783.0
11:59:42,783.0
11:59:44,783.0
11:59:47,783.0
11:59:49,783.0
11:59:52,783.0
11:59:54,783.0
11:59:56,783.0
12:00:06,783.15
12:00:08,783.15
12:00:10,783.15
12:00:13,783.15
12:00:15,783.15
12:00:17,783.15
12:00:20,783.15
12:00:23,783.15
12:00:25,783.15
12:00:28,783.15
12:00:30,783.15
12:00:32,783.15
12:00:35,783.15
12:00:37,783.0
12:00:39,783.0
12:00:41,783.0
12:00:44,783.0
12:00:46,783.0
12:00:49,783.0
12:00:51,783.0
12:00:53,783.0
12:00:56,783.0
12:00:58,783.0
12:01:00,783.0
12:01:03,783.0
12:01:05,783.0
12:01:07,783.0
12:01:10,783.0
12:01:12,783.0
12:01:14,783.0
12:01:16,783.0
12:01:19,783.0
12:01:21,783.0
12:01:24,783.0
12:01:26,783.0
12:01:28,783.0
12:01:35,782.4
12:01:38,782.4
12:01:40,782.4
12:01:43,782.4
12:01:45,782.4
12:01:48,782.4
12:01:50,782.4
12:01:52,782.5
12:01:55,782.5
12:01:57,782.5
12:02:00,782.5
12:02:02,782.5
12:02:05,782.5
12:02:07,782.5
12:02:11,782.5
12:02:14,782.5
12:02:16,782.5
12:02:19,782.5
12:02:21,782.5
12:02:23,782.5
12:02:27,782.5
12:02:29,782.5
12:02:31,782.5
12:02:35,782.05
12:02:37,782.05
12:02:39,782.05
12:02:42,782.05
12:02:44,782.05
12:02:47,782.05
12:02:49,782.05
12:02:52,782.5
12:02:54,782.5
12:02:56,782.5
12:02:59,782.5
12:03:01,782.5
12:03:03,782.5
12:03:06,782.5
12:03:08,782.5
12:03:10,782.5
12:03:13,782.5
12:03:15,782.5
12:03:18,782.5
12:03:20,782.5
12:03:22,782.5
12:03:25,782.5
12:03:27,782.5
12:03:30,782.5
12:03:32,782.5
12:03:35,782.8
12:03:38,782.8
12:03:40,782.8
12:03:43,782.8
12:03:45,782.8
12:03:48,782.8
12:03:50,782.8
12:03:53,782.8
12:03:55,782.8
12:03:58,782.8
12:04:00,782.8
12:04:03,782.75
12:04:05,782.75
12:04:07,782.75
12:04:10,782.75
12:04:12,782.75
12:04:16,782.75
12:04:18,782.75
12:04:21,782.75
12:04:23,782.75
12:04:25,782.75
12:04:28,782.75
12:04:30,782.75
12:04:32,782.8
12:04:35,782.8
12:04:37,782.8
12:04:39,782.8
12:04:42,782.8
12:04:44,782.8
12:04:47,782.8
12:04:49,782.8
12:04:51,782.8
12:04:54,782.8
12:04:56,782.8
12:04:58,782.8
12:05:01,782.75
12:05:03,782.75
12:05:06,782.75
12:05:08,782.75
12:05:10,782.75
12:05:13,782.75
12:05:15,782.75
12:05:17,782.75
12:05:21,782.75
12:05:23,782.75
12:05:27,782.75
12:05:29,782.6
12:05:31,782.6
12:05:34,782.6
12:05:37,782.6
12:05:39,782.6
12:05:42,782.6
12:05:45,782.6
12:05:47,782.6
12:05:50,782.6
12:06:00,782.6
12:06:03,782.6
12:06:05,782.6
12:06:07,782.6
12:06:10,782.6
12:06:12,782.6
12:06:18,782.9
12:06:21,782.9
12:06:23,782.9
12:06:25,782.9
12:06:28,782.9
12:06:30,782.9
12:06:39,783.05
12:06:41,783.05
12:06:43,783.05
12:06:46,783.05
12:06:48,783.05
12:06:51,783.05
12:06:53,783.05
12:06:55,783.05
12:06:58,783.05
12:07:00,782.8
12:07:02,782.8
12:07:05,782.8
12:07:07,782.8
12:07:12,782.8
12:07:15,782.8
12:07:17,782.8
12:07:20,782.8
12:07:22,782.8
12:07:24,782.8
12:07:28,782.8
12:07:30,782.8
12:07:33,782.8
12:07:35,782.8
12:07:38,782.8
12:07:41,782.8
12:07:43,783.0
12:07:46,783.0
12:07:48,783.0
12:07:50,783.0
12:07:53,783.0
12:07:55,783.0
12:07:58,783.05
12:08:01,783.05
12:08:03,783.05
12:08:09,783.05
12:08:12,783.05
12:08:14,783.05
12:08:17,783.05
12:08:19,783.05
12:08:21,783.05
12:08:24,783.05
12:08:26,782.9
12:08:29,782.9
12:08:31,782.9
12:08:33,782.9
12:08:36,782.9
12:08:38,782.9
12:08:40,782.9
12:08:43,782.9
12:08:45,782.9
12:08:47,782.9
12:08:50,782.9
12:08:52,782.9
12:08:55,782.9
12:08:57,782.9
12:08:59,782.9
12:09:02,782.9
12:09:04,782.9
12:09:07,782.9
12:09:09,782.75
12:09:11,782.75
12:09:14,782.75
12:09:16,782.75
12:09:19,782.75
12:09:21,782.75
12:09:23,782.95
12:09:27,782.95
12:09:29,782.95
12:09:32,782.95
12:09:34,782.95
12:09:36,782.95
12:09:39,782.95
12:09:41,782.95
12:09:43,782.95
12:09:46,782.95
12:09:49,782.95
12:09:51,782.95
12:09:54,782.95
12:09:56,782.95
12:09:59,782.95
12:10:05,782.95
12:10:07,782.95
12:10:09,782.8
12:10:12,782.8
12:10:14,782.8
12:10:16,782.8
12:10:19,782.8
12:10:21,782.8
12:10:24,782.8
12:10:26,782.8
12:10:28,782.8
12:10:30,782.8
12:10:33,782.8
12:10:35,782.8
12:10:38,782.65
12:10:40,782.65
12:10:42,782.65
12:10:45,782.65
12:10:47,782.65
12:10:50,782.05
12:10:54,782.05
12:10:56,782.05
12:10:58,782.05
12:11:01,782.05
12:11:03,782.05
12:11:05,782.05
12:11:08,782.05
12:11:10,782.05
12:11:12,782.05
12:11:15,782.05
12:11:17,782.05
12:11:19,782.05
12:11:22,782.05
12:11:24,782.05
12:11:26,782.05
12:11:30,782.05
12:11:33,782.1
12:11:35,782.1
12:11:38,782.1
12:11:41,782.1
12:11:43,782.1
12:11:45,782.1
12:11:48,782.1
12:11:50,782.1
12:11:53,782.1
12:11:55,782.1
12:11:57,782.1
12:12:00,782.05
12:12:02,782.05
12:12:04,782.05
12:12:07,782.05
12:12:09,782.05
12:12:13,782.05
12:12:15,782.05
12:12:17,782.05
12:12:20,782.05
12:12:22,782.05
12:12:25,782.05
12:12:28,782.05
12:12:31,782.05
12:12:33,782.05
12:12:36,782.05
12:12:38,782.05
12:12:40,782.05
12:12:42,782.05
12:12:45,782.05
12:12:47,782.05
12:12:49,782.05
12:12:52,782.05
12:12:54,781.6
12:12:56,781.6
12:12:59,781.6
12:13:01,781.6
12:13:03,781.6
12:13:06,781.6
12:13:08,781.6
12:13:10,781.6
12:13:13,781.6
12:13:15,781.6
12:13:18,781.6
12:13:20,781.6
12:13:22,782.4
12:13:25,782.4
12:13:27,782.4
12:13:29,782.4
12:13:32,782.4
12:13:34,782.4
12:13:36,782.4
12:13:38,782.4
12:13:41,782.4
12:13:43,782.4
12:13:45,782.4
12:13:48,782.4
12:13:50,782.4
12:13:52,782.1
12:13:55,782.1
12:13:57,782.1
12:13:59,782.1
12:14:02,782.1
12:14:04,782.1
12:14:06,782.1
12:14:09,782.1
12:14:11,782.1
12:14:14,782.1
12:14:16,782.1
12:14:19,782.1
12:14:21,782.1
12:14:23,782.1
12:14:26,782.1
12:14:28,782.1
12:14:31,782.1
12:14:33,782.1
12:14:35,782.2
12:14:38,782.2
12:14:40,782.2
12:14:43,782.2
12:14:45,782.2
12:14:47,782.2
12:14:50,782.2
12:14:52,782.2
12:14:54,782.2
12:14:57,782.2
12:14:59,782.2
12:15:01,782.2
12:15:04,782.2
12:15:06,782.2
12:15:08,782.2
12:15:11,782.2
12:15:13,782.2
12:15:16,782.2
12:15:18,782.2
12:15:22,782.45
12:15:26,782.45
12:15:28,782.45
12:15:31,782.45
12:15:33,782.45
12:15:35,782.45
12:15:38,782.45
12:15:40,782.45
12:15:42,782.45
12:15:45,782.45
12:15:47,782.45
12:15:50,782.45
12:15:52,782.45
12:15:54,782.75
12:15:57,782.75
12:15:59,782.75
12:16:01,782.75
12:16:04,782.75
12:16:06,782.75
12:16:09,782.75
12:16:14,782.75
12:16:16,782.75
12:16:18,782.75
12:16:20,782.75
12:16:23,782.75
12:16:25,782.75
12:16:27,782.75
12:16:30,782.75
12:16:32,782.75
12:16:35,782.7
12:16:37,782.7
12:16:41,782.7
12:16:43,782.7
12:16:46,782.7
12:16:48,782.7
12:16:51,782.7
12:16:54,782.7
12:16:58,782.7
12:17:00,782.7
12:17:02,782.7
12:17:05,782.65
12:17:07,782.65
12:17:10,782.65
12:17:12,782.65
12:17:15,782.65
12:17:18,782.65
12:17:20,782.65
12:17:23,782.65
12:17:25,782.65
12:17:28,782.65
12:17:30,782.4
12:17:32,782.4
12:17:35,782.4
12:17:37,782.4
12:17:40,782.4
12:17:42,782.4
12:17:45,782.4
12:17:47,782.4
12:17:50,782.4
12:17:52,782.4
12:17:55,782.4
12:17:58,782.7
12:18:00,782.7
12:18:03,782.7
12:18:06,782.7
12:18:08,782.7
12:18:11,782.7
12:18:13,782.7
12:18:15,782.7
12:18:19,782.7
12:18:21,782.7
12:18:24,782.7
12:18:26,782.7
12:18:29,782.7
12:18:32,782.7
12:18:34,782.7
12:18:37,782.7
12:18:39,782.65
12:18:42,782.65
12:18:44,782.65
12:18:47,782.65
12:18:49,782.65
12:18:55,782.65
12:18:58,782.65
12:19:00,782.65
12:19:02,782.65
12:19:05,782.65
12:19:07,782.65
12:19:11,782.65
12:19:14,782.65
12:19:16,782.65
12:19:18,782.65
12:19:21,782.65
12:19:23,782.65
12:19:25,782.65
12:19:28,782.65
12:19:31,782.65
12:19:38,782.65
12:19:40,782.65
12:19:42,782.65
12:19:45,782.65
12:19:47,782.65
12:19:49,782.65
12:19:52,782.65
12:19:54,782.65
12:19:57,782.3
12:19:59,782.3
12:20:01,782.3
12:20:04,782.3
12:20:06,782.3
12:20:08,782.3
12:20:11,782.3
12:20:13,782.3
12:20:16,782.3
12:20:18,782.3
12:20:20,782.3
12:20:23,782.3
12:20:25,782.3
12:20:28,782.45
12:20:30,782.45
12:20:33,782.45
12:20:35,782.45
12:20:38,782.45
12:20:41,782.45
12:20:43,782.45
12:20:46,782.45
12:20:49,782.45
12:20:51,782.45
12:20:54,782.45
12:20:56,782.45
12:20:58,782.45
12:21:07,782.45
12:21:11,782.6
12:21:13,782.6
12:21:15,782.6
12:21:18,782.6
12:21:22,782.6
12:21:25,782.6
12:21:27,782.6
12:21:29,782.6
12:21:32,782.6
12:21:34,782.6
12:21:47,782.6
12:21:49,782.6
12:21:52,782.6
12:21:54,782.6
12:21:57,782.6
12:21:59,782.6
12:22:02,782.6
12:22:04,782.25
12:22:07,782.25
12:22:10,782.25
12:22:12,782.25
12:22:15,782.25
12:22:17,782.25
12:22:20,782.25
12:22:22,782.25
12:22:25,782.25
12:22:27,782.25
12:22:31,782.45
12:22:33,782.45
12:22:36,782.45
12:22:38,782.45
12:22:41,782.45
12:22:44,782.45
12:22:47,782.45
12:22:49,782.45
12:22:52,782.45
12:22:54,782.45
12:22:57,782.45
12:22:59,782.45
12:23:02,782.45
12:23:06,782.45
12:23:09,782.45
12:23:11,782.45
12:23:13,782.7
12:23:16,782.7
12:23:20,782.7
12:23:22,782.7
12:23:25,782.7
12:23:27,782.7
12:23:29,782.7
12:23:32,782.7
12:23:34,782.7
12:23:37,782.7
12:23:39,782.7
12:23:42,782.8
12:23:46,782.8
12:23:48,782.8
12:23:51,782.8
12:23:53,782.8
12:23:55,782.8
12:23:58,782.8
12:24:00,782.8
12:24:02,782.8
12:24:05,782.8
12:24:07,782.8
12:24:10,782.85
12:24:12,782.85
12:24:15,782.85
12:24:17,782.85
12:24:19,782.85
12:24:22,782.85
12:24:26,782.85
12:24:28,782.85
12:24:30,782.85
12:24:33,782.85
12:24:35,782.85
12:24:38,783.0
12:24:40,783.0
12:24:43,783.0
12:24:46,783.0
12:24:48,783.0
12:24:51,783.0
12:24:54,783.0
12:24:56,783.0
12:24:59,783.0
12:25:03,783.0
12:25:09,783.0
12:25:11,783.0
12:25:14,783.0
12:25:16,783.0
12:25:18,783.25
12:25:21,783.25
12:25:26,783.25
12:25:28,783.25
12:25:31,783.25
12:25:33,783.25
12:25:35,783.25
12:25:38,783.25
12:25:40,783.25
12:25:42,783.25
12:25:45,783.25
12:25:48,783.25
12:25:50,783.25
12:25:53,783.25
12:25:55,783.25
12:25:58,783.25
12:26:00,783.1
12:26:03,783.1
12:26:06,783.1
12:26:08,783.1
12:26:11,783.1
12:26:13,783.1
12:26:15,783.1
12:26:18,783.1
12:26:22,783.1
12:26:24,783.1
12:26:26,783.1
12:26:29,783.1
12:26:31,783.1
12:26:33,783.1
12:26:36,783.1
12:26:38,783.1
12:26:41,783.35
12:26:43,783.35
12:26:46,783.35
12:26:48,783.35
12:26:51,783.35
12:26:53,783.45
12:26:56,783.45
12:26:58,783.45
12:27:00,783.45
12:27:03,783.45
12:27:05,783.45
12:27:07,783.45
12:27:10,783.45
12:27:12,783.45
12:27:14,783.45
12:27:17,783.45
12:27:19,783.45
12:27:22,783.45
12:27:24,783.45
12:27:26,783.45
12:27:29,783.45
12:27:31,783.45
12:27:33,783.45
12:27:38,783.45
12:27:40,783.45
12:27:42,783.45
12:27:45,783.45
12:27:47,783.45
12:27:49,783.45
12:27:52,783.45
12:27:54,783.45
12:27:56,783.45
12:27:59,783.45
12:28:01,783.45
12:28:03,783.45
12:28:06,783.45
12:28:08,783.45
12:28:10,783.45
12:28:13,783.45
12:28:15,783.45
12:28:17,783.45
12:28:20,783.45
12:28:22,783.45
12:28:24,783.45
12:28:27,783.45
12:28:29,783.45
12:28:31,783.5
12:28:34,783.5
12:28:36,783.5
12:28:38,783.5
12:28:41,783.5
12:28:43,783.5
12:28:46,783.35
12:28:48,783.35
12:28:50,783.35
12:28:53,783.35
12:28:55,783.35
12:29:00,783.35
12:29:07,783.35
12:29:10,783.35
12:29:19,783.35
12:29:21,783.35
12:29:23,783.35
12:29:26,783.35
12:29:29,783.35
12:29:31,783.35
12:29:33,783.35
12:29:36,783.35
12:29:38,783.35
12:29:40,783.35
12:29:43,783.35
12:29:45,783.05
12:29:47,783.05
12:29:50,783.05
12:29:52,783.05
12:29:55,783.05
12:29:57,783.05
12:29:59,783.0
12:30:01,783.0
12:30:04,783.0
12:30:06,783.0
12:30:08,783.0
12:30:11,783.0
12:30:13,783.0
12:30:15,783.0
12:30:18,783.0
12:30:20,783.0
12:30:23,783.0
12:30:25,783.0
12:30:27,783.0
12:30:30,783.0
12:30:32,783.0
12:30:34,782.7
12:30:36,782.7
12:30:39,782.7
12:30:41,782.7
12:30:44,782.7
12:30:46,782.7
12:30:48,782.7
12:30:51,782.7
12:30:53,782.7
12:30:55,782.7
12:30:58,782.7
12:31:00,782.7
12:31:03,782.75
12:31:05,782.75
12:31:07,782.75
12:31:10,782.75
12:31:12,782.75
12:31:14,782.75
12:31:17,782.75
12:31:19,782.75
12:31:22,782.75
12:31:24,782.75
12:31:26,782.75
12:31:29,782.75
12:31:31,782.75
12:31:33,782.6
12:31:36,782.6
12:31:38,782.6
12:31:40,782.6
12:31:43,782.6
12:31:45,782.6
12:31:52,782.6
12:31:54,782.6
12:31:56,782.6
12:31:59,782.6
12:32:01,782.75
12:32:03,782.75
12:32:06,782.75
12:32:08,782.75
12:32:11,782.75
12:32:13,782.75
12:32:15,782.75
12:32:18,782.75
12:32:20,782.75
12:32:22,782.75
12:32:25,782.75
12:32:27,783.1
12:32:29,783.1
12:32:31,783.1
12:32:34,783.1
12:32:36,783.1
12:32:39,783.1
12:32:41,783.1
12:32:43,783.1
12:32:46,783.1
12:32:48,783.1
12:32:51,783.1
12:32:53,783.1
12:32:56,783.1
12:32:58,783.1
12:33:01,783.1
12:33:03,783.1
12:33:10,782.95
12:33:13,782.95
12:33:15,782.95
12:33:18,782.95
12:33:20,782.95
12:33:23,782.95
12:33:25,782.95
12:33:28,782.95
12:33:31,782.95
12:33:34,782.95
12:33:40,783.25
12:33:42,783.25
12:33:44,783.25
12:33:47,783.25
12:33:49,783.25
12:33:52,783.25
12:33:54,783.25
12:33:57,783.25
12:33:59,783.25
12:34:02,783.25
12:34:04,783.25
12:34:09,783.25
12:34:12,783.2
12:34:14,783.2
12:34:17,783.2
12:34:19,783.2
12:34:22,783.2
12:34:24,783.2
12:34:26,783.2
12:34:29,783.2
12:34:31,783.2
12:34:33,783.2
12:34:36,783.2
12:34:38,783.35
12:34:40,783.35
12:34:43,783.35
12:34:45,783.35
12:34:47,783.35
12:34:50,783.35
12:34:52,783.65
12:34:55,783.65
12:34:57,783.65
12:35:00,783.65
12:35:02,783.65
12:35:05,783.65
12:35:07,783.65
12:35:09,783.65
12:35:12,783.65
12:35:17,783.65
12:35:19,783.65
12:35:21,783.65
12:35:24,783.65
12:35:26,783.65
12:35:29,783.65
12:35:35,783.4
12:35:41,783.4
12:35:44,783.4
12:35:46,783.4
12:35:49,783.4
12:35:51,783.4
12:35:53,783.4
12:35:57,783.4
12:36:00,783.4
12:36:02,783.4
12:36:04,783.25
12:36:07,783.25
12:36:09,783.25
12:36:12,783.25
12:36:14,783.25
12:36:17,783.25
12:36:19,783.25
12:36:22,783.25
12:36:24,783.25
12:36:26,783.25
12:36:29,783.25
12:36:31,783.25
12:36:33,783.25
12:36:36,783.25
12:36:38,783.25
12:36:41,783.25
12:36:43,783.25
12:36:46,783.25
12:36:48,783.1
12:36:51,783.1
12:36:59,783.1
12:37:02,783.1
12:37:05,783.1
12:37:07,783.1
12:37:12,783.1
12:37:14,783.1
12:37:19,783.05
12:37:21,783.05
12:37:24,783.05
12:37:26,783.05
12:37:28,783.05
12:37:31,783.05
12:37:33,783.05
12:37:35,783.05
12:37:38,783.05
12:37:40,783.05
12:37:42,783.05
12:37:45,783.05
12:37:47,783.0
12:37:49,783.0
12:37:52,783.0
12:37:54,783.0
12:37:56,783.0
12:37:58,783.0
12:38:01,783.0
12:38:03,783.0
12:38:05,783.0
12:38:08,783.0
12:38:11,783.0
12:38:14,783.1
12:38:16,783.1
12:38:19,783.1
12:38:21,783.1
12:38:23,783.1
12:38:36,783.1
12:38:39,783.1
12:38:42,783.1
12:38:44,783.1
12:38:47,783.1
12:38:49,783.1
12:38:52,783.1
12:38:54,783.1
12:38:59,783.1
12:39:01,783.1
12:39:04,783.1
12:39:07,783.0
12:39:09,783.0
12:39:11,783.0
12:39:14,783.0
12:39:16,783.0
12:39:19,783.0
12:39:21,783.0
12:39:23,783.0
12:39:26,783.0
12:39:28,783.0
12:39:31,783.0
12:39:33,783.0
12:39:35,783.0
12:39:38,783.0
12:39:40,783.0
12:39:42,783.0
12:39:45,783.0
12:39:47,783.0
12:39:49,783.0
12:39:51,783.0
12:39:54,783.0
12:39:56,783.0
12:39:58,783.0
12:40:00,783.0
12:40:03,783.0
12:40:05,783.0
12:40:07,783.0
12:40:10,783.0
12:40:12,783.0
12:40:14,783.0
12:40:18,783.05
12:40:20,783.05
12:40:22,783.05
12:40:25,783.05
12:40:28,783.05
12:40:30,782.9
12:40:32,782.9
12:40:36,782.9
12:40:38,782.9
12:40:40,782.9
12:40:43,782.9
12:40:45,782.9
12:40:48,782.9
12:40:51,782.9
12:40:53,782.9
12:40:56,782.9
12:40:59,782.75
12:41:01,782.75
12:41:03,782.75
12:41:12,782.75
12:41:14,782.75
12:41:17,782.75
12:41:19,782.75
12:41:21,782.75
12:41:24,782.75
12:41:26,782.75
12:41:28,782.75
12:41:31,782.75
12:41:33,782.75
12:41:35,782.75
12:41:38,782.75
12:41:40,782.75
12:41:42,782.65
12:41:45,782.65
12:41:47,782.65
12:41:49,782.65
12:41:54,782.65
12:41:56,782.65
12:41:59,782.55
12:42:01,782.55
12:42:03,782.55
12:42:06,782.55
12:42:09,782.55
12:42:11,782.55
12:42:14,782.55
12:42:16,782.55
12:42:18,782.55
12:42:21,782.55
12:42:23,782.55
12:42:26,782.55
12:42:28,782.55
12:42:30,782.55
12:42:33,782.55
12:42:35,782.55
12:42:37,782.55
12:42:40,782.9
12:42:42,782.9
12:42:45,782.9
12:42:47,782.9
12:42:50,782.9
12:42:55,782.95
12:43:00,782.95
12:43:03,782.95
12:43:05,782.95
12:43:08,782.95
12:43:10,782.95
12:43:13,782.95
12:43:15,782.95
12:43:18,782.95
12:43:20,782.95
12:43:23,782.95
12:43:25,782.95
12:43:28,782.95
12:43:30,782.95
12:43:32,782.95
12:43:35,782.95
12:43:37,782.95
12:43:40,782.95
12:43:42,782.95
12:43:44,782.95
12:43:47,782.95
12:43:49,782.95
12:43:52,782.95
12:43:54,782.95
12:43:57,782.8
12:43:59,782.8
12:44:01,782.8
12:44:04,782.8
12:44:06,782.8
12:44:08,782.8
12:44:11,782.8
12:44:13,782.8
12:44:15,782.8
12:44:18,782.8
12:44:20,782.8
12:44:23,782.8
12:44:25,782.5
12:44:28,782.5
12:44:31,782.5
12:44:33,782.5
12:44:35,782.5
12:44:38,782.5
12:44:41,782.5
12:44:43,782.5
12:44:45,782.5
12:44:49,782.5
12:44:51,782.5
12:44:53,782.5
12:44:56,782.5
12:44:58,782.5
12:45:00,782.5
12:45:03,782.5
12:45:05,782.5
12:45:08,782.65
12:45:10,782.65
12:45:13,782.65
12:45:15,782.65
12:45:17,782.65
12:45:21,782.65
12:45:26,782.65
12:45:29,782.65
12:45:31,782.65
12:45:33,782.65
12:45:37,782.85
12:45:40,782.85
12:45:42,782.85
12:45:45,782.85
12:45:47,782.85
12:45:49,782.85
12:45:52,782.85
12:45:55,782.85
12:45:58,782.85
12:46:00,782.85
12:46:02,782.85
12:46:05,782.85
12:46:08,782.95
12:46:10,782.95
12:46:12,782.95
12:46:15,782.95
12:46:17,782.95
12:46:19,782.95
12:46:22,782.95
12:46:25,782.95
12:46:27,782.95
12:46:31,782.95
12:46:33,782.95
12:46:35,782.95
12:46:38,783.0
12:46:41,783.0
12:46:44,783.0
12:46:46,783.0
12:46:48,783.0
12:46:51,783.0
12:46:56,783.0
12:46:58,783.0
12:47:03,783.0
12:47:05,783.0
12:47:08,783.0
12:47:10,783.0
12:47:12,783.0
12:47:15,783.0
12:47:17,783.0
12:47:19,783.0
12:47:22,783.0
12:47:24,783.0
12:47:26,783.0
12:47:28,783.0
12:47:31,783.0
12:47:33,783.0
12:47:35,783.05
12:47:38,783.05
12:47:40,783.05
12:47:43,783.05
12:47:45,783.05
12:47:47,783.05
12:47:49,783.05
12:47:52,783.05
12:47:54,783.05
12:47:56,783.05
12:47:59,783.05
12:48:01,783.05
12:48:03,783.05
12:48:06,783.05
12:48:08,783.05
12:48:10,783.05
12:48:13,783.05
12:48:15,783.05
12:48:17,783.0
12:48:19,783.0
12:48:22,783.0
12:48:24,783.0
12:48:26,783.0
12:48:29,783.0
12:48:31,782.85
12:48:33,782.85
12:48:36,782.85
12:48:38,782.85
12:48:40,782.85
12:48:43,782.85
12:48:45,782.85
12:48:47,782.85
12:48:50,782.85
12:48:52,782.85
12:48:54,782.85
12:48:57,782.85
12:48:59,783.0
12:49:02,783.0
12:49:05,783.0
12:49:08,783.0
12:49:10,783.0
12:49:12,783.0
12:49:15,783.0
12:49:17,783.0
12:49:19,783.0
12:49:22,783.0
12:49:24,783.0
12:49:26,783.0
12:49:29,783.0
12:49:31,783.0
12:49:33,783.0
12:49:36,783.0
12:49:38,783.0
12:49:40,783.0
12:49:43,783.15
12:49:45,783.15
12:49:49,783.15
12:49:52,783.15
12:49:54,783.15
12:49:56,782.95
12:49:59,782.95
12:50:01,782.95
12:50:03,782.95
12:50:05,782.95
12:50:08,782.95
12:50:10,782.95
12:50:12,782.95
12:50:15,782.95
12:50:17,782.95
12:50:20,782.95
12:50:22,782.95
12:50:25,782.95
12:50:27,782.95
12:50:29,782.95
12:50:32,782.95
12:50:34,782.95
12:50:36,782.95
12:50:39,782.8
12:50:41,782.8
12:50:43,782.8
12:50:46,782.8
12:50:48,782.8
12:50:50,782.8
12:50:53,782.8
12:50:55,782.8
12:50:57,782.8
12:51:00,782.8
12:51:02,782.8
12:51:04,782.8
12:51:07,783.1
12:51:09,783.1
12:51:12,783.1
12:51:15,783.1
12:51:17,783.1
12:51:20,783.05
12:51:22,783.05
12:51:25,783.05
12:51:27,783.05
12:51:30,783.05
12:51:32,783.05
12:51:35,783.05
12:51:37,783.05
12:51:40,783.05
12:51:43,783.05
12:51:45,783.05
12:51:48,783.05
12:51:50,783.05
12:51:52,783.05
12:51:58,783.05
12:52:01,783.05
12:52:04,782.6
12:52:06,782.6
12:52:08,782.6
12:52:11,782.6
12:52:13,782.6
12:52:16,782.6
12:52:18,782.4
12:52:20,782.4
12:52:23,782.4
12:52:25,782.4
12:52:27,782.4
12:52:30,782.4
12:52:32,782.4
12:52:34,782.4
12:52:37,782.4
12:52:40,782.4
12:52:43,782.4
12:52:45,782.4
12:52:47,782.4
12:52:50,782.4
12:52:52,782.4
12:52:55,782.4
12:52:57,782.4
12:53:00,782.4
12:53:02,782.4
12:53:05,782.4
12:53:07,782.4
12:53:10,782.4
12:53:13,782.4
12:53:15,782.4
12:53:18,782.4
12:53:20,782.4
12:53:22,782.4
12:53:30,782.25
12:53:33,782.25
12:53:35,782.25
12:53:38,782.25
12:53:40,782.25
12:53:42,782.25
12:53:45,782.25
12:53:48,782.25
12:53:50,782.25
12:53:53,782.25
12:53:55,782.25
12:53:57,782.25
12:54:00,782.15
12:54:02,782.15
12:54:05,782.15
12:54:07,782.15
12:54:09,782.15
12:54:12,782.15
12:54:16,782.15
12:54:21,782.15
12:54:23,782.15
12:54:26,782.15
12:54:28,782.15
12:54:30,782.15
12:54:33,782.35
12:54:35,782.35
12:54:37,782.35
12:54:40,782.35
12:54:42,782.35
12:54:44,782.35
12:54:47,782.35
12:54:49,782.35
12:54:52,782.35
12:54:54,782.35
12:54:57,782.35
12:54:59,782.35
12:55:01,782.1
12:55:04,782.1
12:55:24,782.05
12:55:27,782.05
12:55:29,782.05
12:55:31,782.05
12:55:34,782.05
12:55:38,782.05
12:55:41,782.05
12:55:43,782.05
12:55:45,782.05
12:55:47,782.05
12:55:50,782.05
12:55:52,782.05
12:55:54,782.05
12:55:57,782.05
12:55:59,782.05
12:56:02,782.05
12:56:04,782.05
12:56:06,782.05
12:56:09,782.25
12:56:11,782.25
12:56:13,782.25
12:56:16,782.25
12:56:18,782.25
12:56:20,782.25
12:56:22,782.25
12:56:25,782.25
12:56:27,782.25
12:56:29,782.25
12:56:32,782.25
12:56:34,782.25
12:56:36,782.4
12:56:39,782.4
12:56:41,782.4
12:56:43,782.4
12:56:46,782.4
12:56:48,782.4
12:56:51,782.4
12:56:53,782.4
12:56:55,782.4
12:57:00,782.4
12:57:08,782.65
12:57:18,782.65
12:57:20,782.65
12:57:23,782.65
12:57:25,782.65
12:57:28,782.65
12:57:30,782.65
12:57:35,782.65
12:57:37,782.6
12:57:39,782.6
12:57:42,782.6
12:57:47,782.6
12:57:51,782.8
12:57:54,782.8
12:57:56,782.8
12:57:58,782.8
12:58:02,782.8
12:58:05,782.8
12:58:07,782.8
12:58:10,782.8
12:58:12,782.8
12:58:14,782.8
12:58:18,782.8
12:58:20,782.8
12:58:23,782.65
12:58:25,782.65
12:58:28,782.65
12:58:30,782.65
12:58:39,782.65
12:58:41,782.65
12:58:43,782.65
12:58:46,782.65
12:58:48,782.65
12:58:51,782.65
12:58:56,782.1
12:59:05,782.1
12:59:15,782.1
12:59:18,782.1
12:59:20,782.1
12:59:22,782.1
12:59:25,782.1
12:59:27,782.1
12:59:31,782.1
12:59:34,782.1
12:59:37,782.1
12:59:39,782.1
12:59:41,782.1
12:59:44,782.1
12:59:46,782.5
12:59:52,782.5
12:59:55,782.5
12:59:57,782.5
13:00:00,782.25
13:00:02,782.25
13:00:05,782.25
13:00:07,782.25
13:00:11,782.25
13:00:13,782.25
13:00:17,782.25
13:00:19,782.25
13:00:22,782.25
13:00:24,782.25
13:00:27,782.25
13:00:29,782.25
13:00:31,782.25
13:00:34,782.25
13:00:36,782.25
13:00:38,782.25
13:00:41,782.25
13:00:44,782.3
13:00:47,782.3
13:00:49,782.3
13:00:51,782.3
13:00:54,782.3
13:00:56,782.3
13:00:58,782.7
13:01:01,782.7
13:01:03,782.7
13:01:06,782.7
13:01:08,782.7
13:01:10,782.7
13:01:13,782.7
13:01:15,782.7
13:01:17,782.7
13:01:20,782.7
13:01:22,782.7
13:01:24,782.7
13:01:27,782.5
13:01:29,782.5
13:01:31,782.5
13:01:34,782.5
13:01:36,782.5
13:01:38,782.5
13:01:41,782.5
13:01:43,782.5
13:01:45,782.5
13:01:47,782.5
13:01:50,782.5
13:01:52,782.5
13:01:55,782.5
13:01:58,782.5
13:02:02,782.5
13:02:04,782.5
13:02:06,782.5
13:02:09,782.7
13:02:11,782.7
13:02:13,782.7
13:02:16,782.7
13:02:18,782.7
13:02:20,782.7
13:02:23,782.7
13:02:25,782.7
13:02:27,782.7
13:02:30,782.75
13:02:32,782.75
13:02:34,782.75
13:02:37,782.75
13:02:39,782.75
13:02:44,782.75
13:02:46,782.75
13:02:49,782.75
13:02:51,782.75
13:02:54,782.75
13:02:57,782.75
13:02:59,782.75
13:03:02,782.75
13:03:04,782.75
13:03:06,782.75
13:03:13,782.85
13:03:16,782.85
13:03:18,782.85
13:03:21,782.85
13:03:23,782.85
13:03:25,782.85
13:03:29,783.2
13:03:32,783.2
13:03:34,783.2
13:03:36,783.2
13:03:38,783.2
13:03:41,783.2
13:03:43,783.2
13:03:46,783.2
13:03:48,783.2
13:03:51,783.2
13:03:53,783.2
13:03:55,783.2
13:03:58,783.2
13:04:00,783.15
13:04:02,783.15
13:04:05,783.15
13:04:07,783.15
13:04:10,783.15
13:04:12,783.15
13:04:14,783.15
13:04:17,783.15
13:04:19,783.15
13:04:21,783.15
13:04:23,783.15
13:04:26,783.15
13:04:28,783.0
13:04:31,783.0
13:04:33,783.0
13:04:35,783.0
13:04:38,783.0
13:04:40,783.0
13:04:42,783.0
13:04:44,783.0
13:04:47,783.0
13:04:49,783.0
13:04:51,783.0
13:04:54,783.0
13:04:56,783.0
13:04:58,783.0
13:05:01,783.0
13:05:03,783.0
13:05:05,783.0
13:05:08,783.0
13:05:11,783.0
13:05:19,783.0
13:05:24,783.0
13:05:26,783.1
13:05:28,783.1
13:05:31,783.1
13:05:33,783.1
13:05:35,783.1
13:05:38,783.1
13:05:40,783.1
13:05:42,783.1
13:05:45,783.1
13:05:47,783.1
13:05:49,783.1
13:05:52,783.1
13:05:54,783.1
13:05:56,783.1
13:05:59,783.1
13:06:01,783.1
13:06:03,783.1
13:06:06,783.1
13:06:08,783.0
13:06:11,783.0
13:06:13,783.0
13:06:15,783.0
13:06:18,783.0
13:06:20,783.0
13:06:23,783.0
13:06:25,783.0
13:06:27,783.0
13:06:30,783.0
13:06:32,783.0
13:06:35,783.0
13:06:37,783.0
13:06:40,783.0
13:06:43,783.0
13:06:45,783.0
13:06:48,783.0
13:06:50,783.0
13:06:52,783.0
13:07:09,783.0
13:07:12,783.0
13:07:14,783.0
13:07:17,783.0
13:07:20,783.0
13:07:22,783.0
13:07:25,783.0
13:07:27,783.0
13:07:30,783.0
13:07:32,783.0
13:07:35,783.0
13:07:38,783.0
13:07:40,782.85
13:07:42,782.85
13:07:45,782.85
13:07:48,782.85
13:07:51,782.85
13:07:53,782.85
13:07:56,783.1
13:07:58,783.1
13:08:01,783.1
13:08:03,783.1
13:08:05,783.1
13:08:09,783.1
13:08:11,783.1
13:08:14,783.1
13:08:16,783.1
13:08:18,783.1
13:08:21,783.1
13:08:23,783.1
13:08:25,783.1
13:08:28,783.1
13:08:30,783.1
13:08:33,783.1
13:08:35,783.1
13:08:38,783.1
13:08:41,782.65
13:08:43,782.65
13:08:46,782.65
13:08:48,782.65
13:08:51,782.65
13:08:53,782.8
13:09:20,782.8
13:09:23,782.8
13:09:30,782.6
13:09:32,782.6
13:09:35,782.6
13:09:38,782.6
13:09:40,782.6
13:09:43,782.6
13:09:45,782.6
13:09:48,782.5
13:09:50,782.5
13:09:53,782.5
13:09:55,782.5
13:09:58,782.5
13:10:00,782.5
13:10:03,782.5
13:10:06,782.5
13:10:08,782.5
13:10:11,782.5
13:10:13,782.5
13:10:15,782.5
13:10:18,782.5
13:10:21,782.5
13:10:24,782.5
13:10:26,782.5
13:10:29,782.75
13:10:31,782.75
13:10:34,782.75
13:10:37,782.75
13:10:39,782.75
13:10:42,782.75
13:10:44,782.75
13:10:46,782.75
13:10:49,782.75
13:10:52,782.75
13:11:07,782.8
13:11:17,782.8
13:11:19,782.8
13:11:22,782.45
13:11:28,782.45
13:11:36,782.45
13:11:39,782.45
13:11:41,782.45
13:11:48,782.45
13:11:52,782.85
13:11:55,782.85
13:11:57,782.85
13:11:59,782.85
13:12:02,782.85
13:12:09,782.85
13:12:13,782.85
13:12:15,782.85
13:12:17,782.85
13:12:19,782.85
13:12:22,782.85
13:12:24,782.85
13:12:29,782.85
13:12:32,782.85
13:12:34,782.85
13:12:36,782.85
13:12:38,783.0
13:12:41,783.0
13:12:43,783.0
13:12:46,783.0
13:12:48,783.0
13:12:50,783.0
13:12:53,783.0
13:12:55,783.0
13:12:57,783.0
13:13:00,783.0
13:13:02,783.0
13:13:04,783.0
13:13:06,782.8
13:13:09,782.8
13:13:12,782.8
13:13:24,782.8
13:13:26,782.8
13:13:28,782.8
13:13:31,782.8
13:13:33,782.8
13:13:36,782.8
13:13:38,782.8
13:13:40,782.8
13:13:43,782.8
13:13:45,782.8
13:13:48,782.8
13:13:51,782.8
13:13:53,782.8
13:13:55,782.75
13:13:57,782.75
13:14:01,782.75
13:14:03,782.75
13:14:05,782.75
13:14:08,782.75
13:14:10,782.75
13:14:13,782.75
13:14:15,782.75
13:14:17,782.75
13:14:19,782.75
13:14:22,782.65
13:14:24,782.65
13:14:26,782.65
13:14:29,782.65
13:14:31,782.65
13:14:34,782.65
13:14:36,782.65
13:14:38,782.65
13:14:40,782.65
13:14:43,782.65
13:14:45,782.65
13:14:48,782.65
13:14:50,782.65
13:14:52,782.35
13:14:54,782.35
13:14:57,782.35
13:14:59,782.35
13:15:01,782.35
13:15:04,782.35
13:15:08,782.35
13:15:13,782.35
13:15:15,782.35
13:15:18,782.35
13:15:20,782.35
13:15:26,782.3
13:15:29,782.3
13:15:31,782.3
13:15:34,782.3
13:15:36,782.3
13:15:38,782.3
13:15:41,782.3
13:15:44,782.3
13:15:47,782.3
13:15:49,782.3
13:15:52,782.3
13:16:00,782.3
13:16:07,782.3
13:16:09,782.3
13:16:11,782.3
13:16:14,782.3
13:16:16,781.15
13:16:18,781.15
13:16:20,781.15
13:16:24,780.8
13:16:26,780.8
13:16:28,780.8
13:16:31,780.8
13:16:33,780.8
13:16:35,780.8
13:16:38,780.8
13:16:40,780.8
13:16:42,780.8
13:16:45,780.8
13:16:47,780.8
13:16:49,780.8
13:16:52,780.8
13:16:54,780.8
13:16:56,780.8
13:16:59,780.8
13:17:01,780.8
13:17:03,780.8
13:17:06,780.8
13:17:08,780.7
13:17:21,780.7
13:17:26,780.7
13:17:29,780.7
13:17:33,780.7
13:17:37,780.65
13:17:39,780.65
13:17:42,780.65
13:17:47,780.65
13:17:49,780.65
13:17:52,780.35
13:17:55,780.35
13:17:58,780.35
13:18:00,780.35
13:18:02,780.35
13:18:05,780.35
13:18:07,780.35
13:18:10,780.35
13:18:13,780.35
13:18:16,780.35
13:18:20,780.35
13:18:23,780.35
13:18:25,780.35
13:18:27,780.35
13:18:30,780.35
13:18:32,780.35
13:18:35,780.5
13:18:37,780.5
13:18:40,780.5
13:18:42,780.5
13:18:45,780.5
13:18:48,780.5
13:18:51,780.35
13:18:53,780.35
13:18:56,780.35
13:18:58,780.35
13:19:01,780.35
13:19:03,780.35
13:19:06,780.35
13:19:08,780.35
13:19:19,780.3
13:19:25,780.3
13:19:28,780.3
13:19:30,780.3
13:19:32,780.3
13:19:35,780.3
13:19:37,780.3
13:19:40,780.3
13:19:43,780.3
13:19:45,780.3
13:19:48,780.3
13:19:50,780.3
13:19:53,780.3
13:19:55,780.3
13:19:59,780.3
13:20:01,780.3
13:20:04,780.25
13:20:06,780.25
13:20:08,780.25
13:20:11,780.25
13:20:13,780.25
13:20:16,780.2
13:20:18,780.2
13:20:21,780.2
13:20:24,780.2
13:20:26,780.2
13:20:28,780.2
13:20:31,780.2
13:20:33,780.2
13:20:36,780.2
13:20:38,780.2
13:20:41,780.2
13:20:43,780.2
13:20:45,780.2
13:20:48,780.2
13:20:50,780.2
13:20:52,780.2
13:20:55,780.2
13:20:57,780.2
13:21:00,780.2
13:21:02,780.2
13:21:04,780.2
13:21:07,780.2
13:21:13,780.2
13:21:15,780.2
13:21:18,780.2
13:21:20,780.2
13:21:22,780.2
13:21:25,780.2
13:21:34,780.15
13:21:37,780.15
13:21:39,780.15
13:21:41,780.15
13:21:44,780.15
13:21:46,780.15
13:21:49,780.15
13:21:51,780.15
13:21:54,780.15
13:21:57,780.15
13:21:59,780.15
13:22:02,780.15
13:22:04,780.25
13:22:07,780.25
13:22:09,780.25
13:22:12,780.25
13:22:15,780.25
13:22:18,780.25
13:22:20,780.25
13:22:22,780.25
13:22:25,780.25
13:22:27,780.25
13:22:30,780.35
13:22:33,780.35
13:22:36,780.35
13:22:38,780.35
13:22:40,780.35
13:22:43,780.35
13:22:45,780.35
13:22:47,780.35
13:22:50,780.35
13:22:52,780.35
13:22:54,780.35
13:22:56,780.35
13:22:59,780.35
13:23:01,780.35
13:23:04,780.35
13:23:06,780.35
13:23:08,780.35
13:23:11,780.35
13:23:13,780.35
13:23:16,780.35
13:23:18,780.35
13:23:21,780.35
13:23:23,780.35
13:23:25,780.35
13:23:27,780.35
13:23:30,780.35
13:23:32,780.35
13:23:34,780.35
13:23:36,780.35
13:23:39,780.35
13:23:41,780.2
13:23:44,780.2
13:23:46,780.2
13:23:48,780.2
13:23:51,780.2
13:23:53,780.2
13:23:56,780.2
13:23:58,780.2
13:24:01,780.2
13:24:03,780.2
13:24:05,780.2
13:24:08,780.2
13:24:10,780.2
13:24:12,780.2
13:24:15,780.2
13:24:17,780.45
13:24:19,780.45
13:24:22,780.45
13:24:24,780.45
13:24:26,780.45
13:24:29,780.45
13:24:31,780.15
13:24:33,780.15
13:24:36,780.15
13:24:38,780.15
13:24:40,780.15
13:24:43,780.15
13:24:45,780.15
13:24:48,780.15
13:24:50,780.15
13:24:52,780.15
13:24:55,780.15
13:24:58,780.05
13:25:01,780.05
13:25:03,780.05
13:25:05,780.05
13:25:08,780.05
13:25:10,780.05
13:25:14,780.05
13:25:18,780.05
13:25:20,780.05
13:25:23,780.05
13:25:25,780.05
13:25:28,780.05
13:25:30,780.4
13:25:32,780.4
13:25:34,780.4
13:25:37,780.4
13:25:39,780.4
13:25:41,780.4
13:25:44,780.4
13:25:46,780.4
13:25:49,780.4
13:25:51,780.4
13:25:53,780.4
13:25:55,780.4
13:25:58,780.2
13:26:00,780.2
13:26:02,780.2
13:26:05,780.2
13:26:07,780.2
13:26:09,780.2
13:26:12,780.2
13:26:14,780.2
13:26:16,780.2
13:26:19,780.2
13:26:21,780.2
13:26:23,780.2
13:26:26,780.2
13:26:28,780.2
13:26:30,780.2
13:26:32,780.2
13:26:35,780.2
13:26:37,780.2
13:26:39,780.2
13:26:42,779.85
13:26:44,779.85
13:26:46,779.85
13:26:48,779.85
13:26:51,779.85
13:26:53,779.85
13:26:55,779.85
13:26:58,779.85
13:27:00,779.85
13:27:02,779.85
13:27:06,779.85
13:27:13,779.65
13:27:16,779.65
13:27:19,779.65
13:27:21,779.65
13:27:23,779.65
13:27:25,779.65
13:27:28,779.65
13:27:31,779.65
13:27:33,779.65
13:27:35,779.65
13:27:38,779.65
13:27:41,779.65
13:27:43,779.65
13:27:45,779.65
13:27:48,779.65
13:27:50,779.65
13:27:52,779.65
13:27:56,780.3
13:27:59,780.3
13:28:01,780.3
13:28:03,780.3
13:28:06,780.3
13:28:08,780.3
13:28:10,780.3
13:28:13,780.3
13:28:15,780.3
13:28:17,780.3
13:28:20,780.3
13:28:22,780.3
13:28:24,780.3
13:28:27,780.3
13:28:29,780.3
13:28:31,780.3
13:28:34,780.3
13:28:36,780.3
13:28:38,780.3
13:28:41,779.75
13:28:43,779.75
13:28:45,779.75
13:28:48,779.75
13:28:50,779.75
13:28:52,779.75
13:28:55,780.2
13:28:57,780.2
13:28:59,780.2
13:29:01,780.2
13:29:04,780.2
13:29:06,780.2
13:29:09,780.2
13:29:17,780.2
13:29:26,780.0
13:29:29,780.0
13:29:31,780.0
13:29:35,780.0
13:29:38,780.0
13:29:45,780.0
13:29:47,780.0
13:29:49,780.0
13:29:52,780.0
13:29:54,780.0
13:29:56,780.0
13:29:58,780.0
13:30:01,780.0
13:30:03,780.0
13:30:25,780.35
13:30:29,780.35
13:30:31,780.35
13:30:33,780.35
13:30:36,780.35
13:30:39,780.35
13:30:41,780.35
13:30:43,780.35
13:30:46,780.2
13:30:48,780.2
13:30:50,780.2
13:30:53,780.2
13:30:55,780.2
13:30:57,780.2
13:31:00,780.2
13:31:02,780.2
13:31:05,780.2
13:31:07,780.2
13:31:18,780.2
13:31:20,780.2
13:31:23,780.2
13:31:29,780.2
13:31:31,780.2
13:31:33,780.15
13:31:35,780.15
13:31:38,780.15
13:31:40,780.15
13:31:42,780.15
13:31:45,780.15
13:31:47,780.15
13:31:50,780.15
13:31:52,780.15
13:31:54,780.15
13:31:56,780.15
13:31:59,780.15
13:32:01,780.15
13:32:03,780.15
13:32:06,780.15
13:32:08,780.15
13:32:10,780.15
13:32:13,780.15
13:32:16,779.9
13:32:18,779.9
13:32:21,779.9
13:32:23,779.9
13:32:26,779.9
13:32:28,779.5
13:32:30,779.5
13:32:33,779.5
13:32:35,779.5
13:32:38,779.5
13:32:40,779.5
13:32:42,779.5
13:32:45,779.5
13:32:47,779.5
13:32:49,779.5
13:32:52,779.5
13:32:54,779.5
13:32:57,779.5
13:32:59,779.5
13:33:01,779.5
13:33:04,779.5
13:33:06,779.5
13:33:10,779.65
13:33:12,779.65
13:33:15,779.65
13:33:17,779.65
13:33:19,779.65
13:33:21,779.65
13:33:25,779.65
13:33:27,779.65
13:33:29,779.65
13:33:32,779.65
13:33:34,779.65
13:33:36,779.65
13:33:39,779.65
13:33:41,779.7
13:33:44,779.7
13:33:46,779.7
13:33:51,779.7
13:33:56,779.7
13:33:58,779.7
13:34:01,779.7
13:34:03,779.7
13:34:06,779.7
13:34:08,779.7
13:34:11,779.7
13:34:13,779.7
13:34:16,779.7
13:34:18,779.7
13:34:21,779.7
13:34:25,779.7
13:34:27,779.6
13:34:29,779.6
13:34:32,779.6
13:34:34,779.6
13:34:37,779.6
13:34:39,779.6
13:34:42,779.6
13:34:44,779.6
13:34:47,779.6
13:34:49,779.6
13:34:51,779.6
13:34:54,779.5
13:34:56,779.5
13:34:59,779.5
13:35:01,779.5
13:35:03,779.5
13:35:19,779.5
13:35:29,779.5
13:35:34,779.5
13:35:37,779.5
13:35:40,779.5
13:35:42,779.5
13:35:44,779.5
13:35:47,779.5
13:35:50,779.5
13:35:53,778.65
13:35:58,778.65
13:36:01,778.65
13:36:03,778.65
13:36:05,778.65
13:36:08,778.75
13:36:10,778.75
13:36:13,778.75
13:36:15,778.75
13:36:17,778.75
13:36:20,778.75
13:36:22,778.75
13:36:24,778.75
13:36:27,778.75
13:36:31,778.75
13:36:34,778.75
13:36:36,779.0
13:36:39,779.0
13:36:41,779.0
13:36:43,779.0
13:36:46,779.0
13:36:48,779.0
13:36:51,779.0
13:36:53,779.0
13:36:55,779.0
13:36:58,779.0
13:37:00,779.0
13:37:03,779.0
13:37:07,779.4
13:37:15,779.4
13:37:20,779.4
13:37:22,779.4
13:37:24,779.4
13:37:27,779.4
13:37:30,779.4
13:37:32,779.4
13:37:35,779.6
13:37:37,779.6
13:37:40,779.6
13:37:42,779.6
13:37:47,779.6
13:37:53,779.6
13:37:55,779.6
13:37:58,779.6
13:38:00,779.6
13:38:03,779.6
13:38:05,779.7
13:38:08,779.7
13:38:10,779.7
13:38:13,779.7
13:38:16,779.7
13:38:18,779.7
13:38:20,779.7
13:38:23,779.7
13:38:25,779.7
13:38:28,779.7
13:38:31,779.7
13:38:34,779.7
13:38:36,779.7
13:38:38,779.7
13:38:41,779.7
13:38:43,779.7
13:38:46,779.65
13:38:48,779.65
13:38:50,779.65
13:38:53,779.65
13:38:55,779.65
13:38:57,779.65
13:39:00,779.75
13:39:02,779.75
13:39:04,779.75
13:39:07,779.75
13:39:09,779.75
13:39:12,779.75
13:39:14,779.75
13:39:16,779.75
13:39:19,779.75
13:39:21,779.75
13:39:24,779.75
13:39:26,779.75
13:39:28,779.75
13:39:31,779.75
13:39:33,779.75
13:39:36,779.75
13:39:39,779.75
13:39:44,779.6
13:39:47,779.6
13:39:50,779.6
13:39:52,779.6
13:39:54,779.6
13:39:57,779.6
13:39:59,779.6
13:40:02,779.6
13:40:05,779.6
13:40:07,779.6
13:40:10,779.25
13:40:13,779.25
13:40:15,779.25
13:40:18,779.25
13:40:20,779.25
13:40:25,779.7
13:40:27,779.7
13:40:30,779.7
13:40:32,779.7
13:40:34,779.7
13:40:37,779.7
13:40:39,779.7
13:40:42,779.7
13:40:44,779.7
13:40:46,779.7
13:40:49,779.7
13:40:52,779.7
13:40:54,779.2
13:40:56,779.2
13:41:00,779.2
13:41:03,779.2
13:41:06,779.2
13:41:09,779.2
13:41:11,779.2
13:41:13,779.2
13:41:16,779.2
13:41:19,779.2
13:41:21,779.2
13:41:23,779.2
13:41:26,779.2
13:41:28,779.2
13:41:30,779.2
13:41:33,779.2
13:41:36,779.2
13:41:38,779.2
13:41:40,779.65
13:41:43,779.65
13:41:45,779.65
13:41:48,779.65
13:41:53,779.65
13:41:56,779.65
13:41:58,779.65
13:42:00,779.65
13:42:03,779.65
13:42:05,779.65
13:42:08,779.65
13:42:12,779.65
13:42:14,779.65
13:42:17,779.65
13:42:20,779.65
13:42:23,779.65
13:42:35,779.65
13:42:40,779.65
13:42:43,779.8
13:42:46,779.8
13:42:48,779.8
13:42:51,779.8
13:42:53,779.8
13:42:55,779.8
13:42:58,779.45
13:43:00,779.45
13:43:03,779.45
13:43:05,779.45
13:43:07,779.45
13:43:10,779.45
13:43:12,779.45
13:43:15,779.45
13:43:17,779.45
13:43:20,779.45
13:43:22,779.45
13:43:27,779.45
13:43:29,779.45
13:43:32,779.45
13:43:36,779.45
13:43:38,779.45
13:43:40,779.25
13:43:43,779.25
13:43:45,779.25
13:43:48,779.25
13:43:50,779.25
13:43:53,779.1
13:43:55,779.1
13:43:57,779.1
13:44:00,779.1
13:44:02,779.1
13:44:05,779.1
13:44:07,779.1
13:44:10,779.1
13:44:12,779.1
13:44:15,779.1
13:44:17,779.1
13:44:19,779.1
13:44:44,779.15
13:44:47,779.15
13:44:49,779.15
13:44:52,779.15
13:44:54,779.15
13:44:57,779.15
13:44:59,779.15
13:45:02,779.15
13:45:04,779.35
13:45:06,779.35
13:45:09,779.35
13:45:12,779.35
13:45:21,779.35
13:45:23,779.35
13:45:26,779.35
13:45:28,779.35
13:45:31,779.35
13:45:33,779.35
13:45:36,779.35
13:45:38,779.35
13:45:45,779.35
13:45:48,779.35
13:45:50,779.35
13:45:52,779.05
13:45:55,779.05
13:45:57,779.05
13:45:59,779.05
13:46:02,779.05
13:46:04,779.05
13:46:06,779.05
13:46:09,779.05
13:46:11,778.7
13:46:14,778.7
13:46:16,778.7
13:46:19,778.7
13:46:21,778.7
13:46:23,778.7
13:46:26,778.7
13:46:29,778.7
13:46:31,778.7
13:46:34,778.7
13:46:37,778.7
13:46:39,778.45
13:46:42,778.45
13:46:44,778.45
13:46:46,778.45
13:46:49,778.45
13:46:51,778.45
13:46:53,778.45
13:46:56,778.45
13:46:58,778.45
13:47:01,778.45
13:47:03,778.45
13:47:05,778.45
13:47:08,778.1
13:47:10,778.1
13:47:12,778.1
13:47:15,778.1
13:47:17,778.1
13:47:22,778.1
13:47:27,778.1
13:47:29,778.1
13:47:32,778.1
13:47:34,778.1
13:47:37,775.9
13:47:39,775.9
13:47:45,775.9
13:47:48,775.9
13:47:50,775.9
13:47:53,775.9
13:47:55,775.9
13:47:57,775.9
13:48:00,775.9
13:48:02,775.9
13:48:05,777.0
13:48:07,777.0
13:48:09,777.0
13:48:12,777.0
13:48:14,777.0
13:48:16,777.0
13:48:19,777.0
13:48:21,777.0
13:48:24,777.0
13:48:26,777.0
13:48:28,777.0
13:48:31,777.0
13:48:33,777.35
13:48:55,777.35
13:48:57,777.35
13:49:00,777.35
13:49:02,777.35
13:49:05,776.95
13:49:07,776.95
13:49:10,776.95
13:49:13,776.95
13:49:15,776.95
13:49:18,776.95
13:49:24,776.95
13:49:28,776.95
13:49:31,776.95
13:49:33,776.95
13:49:35,776.95
13:49:42,776.95
13:49:48,777.25
13:49:50,777.25
13:49:52,777.25
13:49:55,777.25
13:49:57,777.25
13:50:00,777.25
13:50:03,777.4
13:50:05,777.4
13:50:08,777.4
13:50:10,777.4
13:50:13,777.4
13:50:16,777.4
13:50:18,777.4
13:50:20,777.4
13:50:23,777.4
13:50:25,777.4
13:50:28,777.4
13:50:31,777.9
13:50:33,777.9
13:50:35,777.9
13:50:38,777.9
13:50:41,777.9
13:50:44,777.9
13:50:46,777.9
13:50:49,777.9
13:50:51,777.9
13:50:53,777.9
13:50:56,777.9
13:51:05,777.85
13:51:12,777.85
13:51:14,777.85
13:51:17,777.85
13:51:19,777.85
13:51:22,777.85
13:51:24,777.85
13:51:27,777.85
13:51:33,777.85
13:51:35,778.2
13:51:38,778.2
13:51:41,778.2
13:51:44,778.2
13:51:46,778.2
13:51:48,778.2
13:51:51,778.2
13:51:53,778.2
13:51:56,778.2
13:51:58,778.2
13:52:00,778.2
13:52:03,778.2
13:52:05,778.05
13:52:07,778.05
13:52:09,778.05
13:52:12,778.05
13:52:14,778.05
13:52:17,778.05
13:52:19,778.05
13:52:23,778.05
13:52:27,778.05
13:52:30,778.05
13:52:32,778.15
13:52:35,778.15
13:52:37,778.15
13:52:39,778.15
13:52:42,778.15
13:52:44,778.15
13:52:47,778.15
13:52:50,778.15
13:52:52,778.15
13:52:54,778.15
13:52:57,778.15
13:53:03,777.9
13:53:14,777.9
13:53:23,777.65
13:53:25,777.65
13:53:28,777.65
13:53:31,777.65
13:53:33,777.65
13:53:35,777.65
13:53:38,777.65
13:53:40,777.65
13:53:42,777.65
13:53:45,777.65
13:53:47,777.65
13:53:49,777.65
13:53:52,777.5
13:53:54,777.5
13:53:57,777.5
13:53:59,777.5
13:54:02,777.5
13:54:04,777.5
13:54:06,777.5
13:54:09,777.5
13:54:11,777.5
13:54:14,777.5
13:54:16,777.5
13:54:19,777.5
13:54:22,777.5
13:54:24,777.5
13:54:27,777.5
13:54:29,777.5
13:54:31,777.5
13:54:34,776.5
13:54:37,776.5
13:54:39,776.5
13:54:42,776.5
13:54:44,776.5
13:54:46,776.5
13:54:50,776.5
13:54:52,776.5
13:54:55,776.5
13:54:57,776.5
13:54:59,776.5
13:55:02,776.95
13:55:08,776.95
13:55:11,776.95
13:55:13,776.95
13:55:15,776.95
13:55:19,776.95
13:55:21,776.95
13:55:24,776.95
13:55:26,776.95
13:55:28,777.25
13:55:32,777.25
13:55:34,777.25
13:55:37,777.25
13:55:39,777.25
13:55:42,777.25
13:55:44,777.25
13:55:48,777.25
13:55:50,777.25
13:55:53,777.25
13:55:55,777.25
13:55:57,777.25
13:56:00,777.25
13:56:03,777.25
13:56:05,777.25
13:56:07,777.25
13:56:10,777.15
13:56:12,777.15
13:56:16,777.15
13:56:20,777.15
13:56:22,777.15
13:56:24,777.15
13:56:27,777.15
13:56:29,777.15
13:56:32,777.15
13:56:34,777.15
13:56:37,777.4
13:56:40,777.4
13:56:42,777.4
13:56:45,777.4
13:56:47,777.4
13:56:50,777.4
13:56:52,777.4
13:56:55,777.4
13:56:57,777.4
13:57:00,777.4
13:57:02,777.4
13:57:05,777.35
13:57:07,777.35
13:57:10,777.35
13:57:12,777.35
13:57:15,777.35
13:57:17,777.35
13:57:22,777.3
13:57:25,777.3
13:57:28,777.3
13:57:30,777.3
13:57:32,777.3
13:57:35,777.3
13:57:37,777.3
13:57:40,777.3
13:57:42,777.3
13:57:44,777.3
13:57:47,777.3
13:57:49,777.3
13:57:52,777.3
13:57:54,777.3
13:57:57,777.3
13:57:59,777.3
13:58:01,777.3
13:58:04,777.3
13:58:06,777.25
13:58:09,777.25
13:58:11,777.25
13:58:13,777.25
13:58:16,777.25
13:58:18,777.25
13:58:20,777.25
13:58:23,777.25
13:58:25,777.25
13:58:28,777.25
13:58:30,777.25
13:58:33,777.25
13:58:35,777.25
13:58:38,777.25
13:58:40,777.25
13:58:42,777.25
13:58:45,777.25
13:58:47,777.25
13:58:51,776.6
13:58:53,776.6
13:58:55,776.6
13:58:58,776.6
13:59:01,776.6
13:59:03,776.6
13:59:06,776.6
13:59:08,776.6
13:59:10,776.6
13:59:16,776.65
13:59:21,776.65
13:59:23,776.65
13:59:26,776.65
13:59:28,776.65
13:59:31,776.65
13:59:34,776.65
13:59:37,776.65
13:59:40,776.65
13:59:42,776.65
13:59:44,776.4
13:59:47,776.4
13:59:49,776.4
13:59:52,776.4
13:59:54,776.4
13:59:57,776.45
13:59:59,776.45
14:00:02,776.45
14:00:04,776.45
14:00:07,776.45
14:00:10,776.45
14:00:13,776.45
14:00:15,776.45
14:00:17,776.45
14:00:20,776.45
14:00:22,776.45
14:00:25,776.45
14:00:27,776.45
14:00:29,776.45
14:00:32,776.45
14:00:34,776.45
14:00:36,776.45
14:00:39,776.45
14:00:41,776.5
14:00:43,776.5
14:00:46,776.5
14:00:49,776.5
14:00:51,776.5
14:00:57,776.2
14:00:59,776.2
14:01:05,776.2
14:01:07,776.2
14:01:09,776.2
14:01:12,776.2
14:01:18,776.2
14:01:30,776.2
14:01:33,776.2
14:01:35,776.2
14:01:37,776.2
14:01:41,776.2
14:01:43,776.2
14:01:46,775.85
14:01:48,775.85
14:01:50,775.85
14:01:53,775.85
14:01:55,775.85
14:01:57,775.85
14:02:00,775.45
14:02:02,775.45
14:02:04,775.45
14:02:07,775.45
14:02:09,775.45
14:02:11,775.45
14:02:14,775.45
14:02:16,775.45
14:02:18,775.45
14:02:21,775.45
14:02:23,775.45
14:02:26,775.45
14:02:29,775.0
14:02:31,775.0
14:02:34,775.0
14:02:36,775.0
14:02:38,775.0
14:02:41,775.0
14:02:43,775.0
14:02:45,775.0
14:02:48,775.0
14:02:50,775.0
14:02:53,775.0
14:02:55,775.0
14:03:00,775.0
14:03:02,774.9
14:03:04,774.9
14:03:07,774.9
14:03:09,774.9
14:03:12,774.9
14:03:15,774.9
14:03:17,774.9
14:03:20,774.9
14:03:22,774.9
14:03:24,774.9
14:03:27,774.9
14:03:32,774.9
14:03:35,774.9
14:03:37,774.9
14:03:40,774.9
14:03:42,774.9
14:03:45,774.9
14:03:47,774.9
14:03:50,774.9
14:03:52,774.9
14:03:55,774.9
14:03:57,774.9
14:04:00,774.9
14:04:02,774.9
14:04:04,774.9
14:04:07,774.9
14:04:09,774.75
14:04:12,774.75
14:04:14,774.75
14:04:16,774.75
14:04:19,774.75
14:04:21,774.75
14:04:24,775.05
14:04:26,775.05
14:04:28,775.05
14:04:31,775.05
14:04:33,775.05
14:04:35,775.05
14:04:38,775.05
14:04:40,775.05
14:04:43,775.05
14:04:45,775.05
14:04:47,775.05
14:04:50,775.05
14:04:52,775.05
14:04:54,775.05
14:04:57,775.05
14:04:59,775.05
14:05:01,775.05
14:05:04,775.05
14:05:06,775.05
14:05:09,775.05
14:05:11,775.05
14:05:13,775.05
14:05:16,775.05
14:05:18,775.05
14:05:20,774.75
14:05:23,774.75
14:05:25,774.75
14:05:28,774.75
14:05:30,774.75
14:05:32,774.75
14:05:35,775.0
14:05:37,775.0
14:05:39,775.0
14:05:42,775.0
14:05:44,775.0
14:05:47,775.0
14:05:49,775.0
14:05:51,775.0
14:05:54,775.0
14:05:56,775.0
14:05:59,775.0
14:06:01,775.0
14:06:03,774.95
14:06:06,774.95
14:06:08,774.95
14:06:10,774.95
14:06:13,774.95
14:06:15,774.95
14:06:17,774.95
14:06:20,774.95
14:06:22,774.95
14:06:24,774.95
14:06:27,774.95
14:06:29,774.95
14:06:31,774.95
14:06:34,774.95
14:06:36,774.95
14:06:38,774.95
14:06:41,774.95
14:06:45,775.15
14:06:47,775.15
14:06:50,775.15
14:06:52,775.15
14:06:54,775.15
14:06:56,775.15
14:07:00,775.15
14:07:02,775.15
14:07:09,775.15
14:07:11,775.15
14:07:14,775.5
14:07:19,775.5
14:07:21,775.5
14:07:24,775.5
14:07:27,775.0
14:07:30,775.0
14:07:32,775.0
14:07:35,775.0
14:07:41,775.0
14:07:44,775.0
14:07:47,775.0
14:07:49,775.0
14:07:51,775.0
14:07:54,775.0
14:07:56,775.0
14:07:59,775.0
14:08:01,775.0
14:08:04,775.0
14:08:06,775.0
14:08:09,775.3
14:08:11,775.3
14:08:14,775.3
14:08:17,775.3
14:08:19,775.3
14:08:22,775.3
14:08:25,775.3
14:08:27,775.3
14:08:29,775.3
14:08:33,775.3
14:08:35,775.3
14:08:38,775.95
14:08:40,775.95
14:08:42,775.95
14:08:45,775.95
14:08:48,775.95
14:08:54,775.95
14:08:56,775.95
14:08:59,775.95
14:09:01,775.95
14:09:04,776.0
14:09:07,776.0
14:09:10,776.0
14:09:12,776.0
14:09:15,776.0
14:09:17,776.0
14:09:20,776.0
14:09:24,776.0
14:09:26,776.0
14:09:29,776.0
14:09:31,776.0
14:09:35,776.2
14:09:37,776.2
14:09:40,776.2
14:09:43,776.2
14:09:45,776.2
14:09:47,776.2
14:09:50,776.2
14:09:53,776.2
14:09:56,776.2
14:09:58,776.2
14:10:00,776.2
14:10:03,775.6
14:10:05,775.6
14:10:08,775.6
14:10:11,775.6
14:10:14,775.6
14:10:17,775.6
14:10:19,775.6
14:10:21,775.6
14:10:24,775.6
14:10:26,775.6
14:10:28,775.6
14:10:31,775.6
14:10:33,775.6
14:10:36,775.6
14:10:39,775.6
14:10:42,775.6
14:10:44,775.7
14:10:46,775.7
14:10:49,775.7
14:10:51,775.7
14:10:55,775.7
14:10:57,775.7
14:11:00,775.7
14:11:02,775.7
14:11:04,775.7
14:11:07,775.7
14:11:09,775.7
14:11:12,775.7
14:11:14,775.8
14:11:20,775.8
14:11:26,775.8
14:11:28,775.8
14:11:31,775.8
14:11:33,775.8
14:11:36,775.8
14:11:38,775.8
14:11:41,775.75
14:11:43,775.75
14:11:45,775.75
14:11:48,775.75
14:11:51,775.75
14:11:54,775.75
14:11:56,775.75
14:11:59,775.75
14:12:01,775.75
14:12:04,775.75
14:12:07,775.75
14:12:10,775.75
14:12:12,775.75
14:12:14,775.75
14:12:17,775.75
14:12:19,775.75
14:12:22,775.75
14:12:25,775.2
14:12:49,775.2
14:12:52,775.2
14:12:54,775.2
14:12:56,775.2
14:12:59,775.2
14:13:01,775.2
14:13:05,774.2
14:13:07,774.2
14:13:10,774.2
14:13:12,774.2
14:13:15,774.2
14:13:17,774.2
14:13:22,774.2
14:13:25,774.2
14:13:27,774.2
14:13:30,774.2
14:13:36,774.2
14:13:38,774.2
14:13:41,774.2
14:13:43,774.2
14:13:46,774.2
14:13:48,774.2
14:13:50,774.2
14:13:53,774.2
14:13:55,774.2
14:13:59,774.2
14:14:01,774.2
14:14:04,774.2
14:14:06,774.2
14:14:09,774.2
14:14:11,774.2
14:14:14,774.2
14:14:16,774.2
14:14:18,774.2
14:14:21,774.2
14:14:23,774.2
14:14:26,774.2
14:14:28,774.2
14:14:31,774.2
14:14:35,774.2
14:14:37,773.85
14:14:40,773.85
14:14:42,773.85
14:14:44,773.85
14:14:47,773.85
14:14:49,773.85
14:14:52,773.85
14:14:54,773.85
14:14:56,773.85
14:14:59,773.85
14:15:01,773.85
14:15:04,773.85
14:15:06,773.9
14:15:08,773.9
14:15:11,773.9
14:15:14,773.9
14:15:21,773.9
14:15:23,773.9
14:15:26,773.9
14:15:28,773.9
14:15:30,773.9
14:15:33,773.9
14:15:36,773.9
14:15:38,773.9
14:15:41,773.9
14:15:43,773.9
14:15:45,773.9
14:15:48,773.9
14:17:50,773.9
14:17:56,773.4
14:17:58,773.4
14:18:01,773.4
14:18:03,773.4
14:18:05,773.4
14:18:09,773.8
14:18:12,773.8
14:18:14,773.8
14:18:16,773.8
14:18:19,773.8
14:18:21,773.8
14:18:24,773.8
14:18:27,773.8
14:18:30,773.8
14:18:32,773.8
14:18:34,773.8
14:18:37,773.8
14:18:39,774.0
14:18:42,774.0
14:18:44,774.0
14:18:46,774.0
14:18:49,774.0
14:18:51,774.0
14:18:54,774.0
14:18:56,774.0
14:18:58,774.0
14:19:01,774.0
14:19:03,774.0
14:19:06,774.0
14:19:08,774.35
14:19:16,774.35
14:19:24,774.35
14:19:29,774.35
14:19:32,774.35
14:19:34,774.35
14:19:36,774.35
14:19:42,774.3
14:19:50,774.3
14:19:53,774.3
14:19:56,774.3
14:19:58,774.3
14:20:00,774.3
14:20:03,774.3
14:20:05,774.3
14:20:08,774.3
14:20:11,774.15
14:20:13,774.15
14:20:16,774.15
14:20:19,774.15
14:20:21,774.15
14:20:24,774.15
14:20:26,774.15
14:20:28,774.15
14:20:31,774.15
14:20:33,774.15
14:20:36,774.15
14:20:38,774.15
14:20:40,773.55
14:20:43,773.55
14:20:45,773.55
14:20:48,773.55
14:20:50,773.55
14:20:52,773.55
14:20:55,773.55
14:20:57,773.55
14:20:59,773.55
14:21:02,773.55
14:21:05,773.55
14:21:08,773.8
14:21:10,773.8
14:21:12,773.8
14:21:16,773.8
14:21:18,773.8
14:21:20,773.8
14:21:23,773.8
14:21:25,773.8
14:21:28,773.8
14:21:30,773.8
14:21:32,773.8
14:21:35,773.8
14:21:37,773.8
14:21:40,773.65
14:21:43,773.65
14:21:46,773.65
14:21:48,773.65
14:21:51,773.65
14:21:53,773.65
14:21:56,773.65
14:22:00,773.65
14:22:03,773.65
14:22:05,773.65
14:22:08,773.65
14:22:16,773.65
14:22:18,773.65
14:22:24,773.75
14:22:27,773.75
14:22:29,773.75
14:22:32,773.75
14:22:34,773.75
14:22:37,773.75
14:22:39,773.45
14:22:43,773.45
14:22:45,773.45
14:22:48,773.45
14:22:50,773.45
14:22:54,773.45
14:22:57,773.45
14:23:00,773.45
14:23:02,773.45
14:23:05,773.4
14:23:07,773.4
14:23:10,773.4
14:23:27,773.5
14:23:31,773.5
14:23:33,773.5
14:23:38,773.5
14:23:41,773.5
14:23:43,773.5
14:23:45,773.5
14:23:50,773.5
14:24:00,773.9
14:24:02,773.9
14:24:07,773.9
14:24:16,773.9
14:24:19,773.9
14:24:21,773.9
14:24:24,773.9
14:24:27,773.9
14:24:29,773.9
14:24:32,773.9
14:24:35,773.9
14:24:37,773.9
14:24:40,773.9
14:24:59,773.65
14:25:14,773.85
14:25:16,773.85
14:25:19,773.85
14:25:22,773.85
14:25:26,773.85
14:25:30,773.85
14:25:34,773.85
14:25:47,773.25
14:25:50,773.25
14:25:53,773.25
14:25:55,773.25
14:25:58,773.25
14:26:01,773.25
14:26:04,773.0
14:26:06,773.0
14:26:08,773.0
14:26:11,773.0
14:26:13,773.0
14:26:16,773.0
14:26:18,773.0
14:26:21,773.0
14:26:25,773.0
14:26:29,773.0
14:26:37,772.65
14:26:44,772.65
14:26:47,772.65
14:26:49,772.65
14:26:52,772.65
14:26:54,772.65
14:26:57,772.65
14:26:59,772.65
14:27:02,772.65
14:27:07,772.65
14:27:26,773.0
14:27:30,773.0
14:27:32,773.0
14:27:35,773.0
14:27:38,773.0
14:27:41,773.0
14:27:43,773.0
14:27:46,773.0
14:27:49,773.0
14:27:52,773.0
14:27:56,773.0
14:27:59,773.0
14:28:01,773.0
14:28:04,771.25
14:28:07,771.25
14:28:12,771.25
14:28:15,771.25
14:28:17,771.25
14:28:20,771.25
14:28:23,771.25
14:28:26,771.25
14:28:28,771.25
14:28:31,771.25
14:28:33,770.9
14:28:35,770.9
14:28:38,770.9
14:28:40,770.9
14:28:42,770.9
14:28:45,770.9
14:28:48,770.9
14:28:52,770.9
14:28:57,770.9
14:28:59,770.9
14:29:03,770.9
14:29:09,770.9
14:29:14,770.6
14:29:17,770.6
14:29:20,770.6
14:29:24,770.6
14:29:27,770.6
14:29:35,770.75
14:29:39,770.75
14:29:42,770.75
14:29:44,770.75
14:29:47,770.75
14:29:51,770.75
14:29:56,770.75
14:29:58,770.75
14:30:01,770.75
14:30:03,770.75
14:30:05,770.75
14:30:09,770.75
14:30:11,770.75
14:30:14,770.75
14:30:16,770.75
14:30:18,770.95
14:30:21,770.95
14:30:24,770.95
14:30:26,770.95
14:30:36,771.5
14:30:39,771.5
14:30:42,771.5
14:30:44,771.5
14:30:46,771.5
14:30:49,771.5
14:30:52,771.5
14:30:54,771.5
14:30:57,771.5
14:31:00,771.5
14:31:02,771.5
14:31:05,770.7
14:31:18,770.7
14:31:25,771.1
14:31:28,771.1
14:31:30,771.1
14:31:35,771.1
14:31:38,771.1
14:31:40,771.1
14:31:42,771.1
14:31:45,771.1
14:31:49,771.1
14:31:51,771.1
14:31:56,771.6
14:32:00,771.6
14:32:02,771.6
14:32:05,771.6
14:32:07,771.6
14:32:09,771.6
14:32:14,771.6
14:32:20,771.6
14:32:24,771.6
14:32:33,771.6
14:32:43,772.55
14:32:47,772.55
14:32:49,772.55
14:32:53,772.55
14:32:56,772.55
14:32:59,772.55
14:33:03,772.35
14:33:05,772.35
14:33:08,772.35
14:33:10,772.35
14:33:13,772.35
14:33:16,772.35
14:33:18,772.35
14:33:20,772.35
14:33:36,772.25
14:33:43,772.25
14:33:59,772.25
14:34:02,772.25
14:34:05,772.25
14:34:07,772.25
14:34:09,772.25
14:34:12,772.45
14:34:14,772.45
14:34:17,772.45
14:34:20,772.45
14:34:22,772.45
14:34:26,772.45
