11:25:23,2252.7
11:25:28,2252.7
11:25:32,2252.7
11:25:34,2252.7
11:25:35,2252.7
11:25:36,2252.7
11:25:37,2252.7
11:25:38,2252.7
11:25:39,2252.7
11:25:40,2252.7
11:25:41,2252.7
11:25:42,2252.7
11:25:43,2252.7
11:25:44,2252.7
11:25:45,2252.7
11:25:46,2252.7
11:25:47,2252.7
11:25:48,2252.7
11:25:49,2252.7
11:25:50,2252.7
11:25:51,2252.7
11:25:53,2252.7
11:25:55,2252.7
11:25:57,2252.7
11:26:01,2252.7
11:26:08,2253.1
11:26:14,2253.1
11:26:16,2253.1
11:26:18,2253.1
11:26:19,2253.1
11:26:20,2253.1
11:26:21,2253.1
11:26:22,2254.0
11:26:24,2254.0
11:26:26,2254.0
11:26:27,2254.0
11:26:28,2254.0
11:26:30,2254.0
11:26:32,2254.0
11:26:33,2254.0
11:26:34,2254.0
11:26:35,2254.0
11:26:36,2254.0
11:26:37,2254.0
11:26:38,2254.0
11:26:39,2254.0
11:26:40,2254.0
11:26:41,2254.0
11:26:42,2254.0
11:26:43,2254.0
11:26:44,2254.0
11:26:45,2254.0
11:26:46,2254.0
11:26:47,2254.0
11:26:48,2254.0
11:26:49,2254.4
11:26:50,2254.4
11:26:50,2254.4
11:26:51,2254.4
11:26:52,2254.4
11:26:53,2254.4
11:26:54,2254.4
11:26:55,2254.4
11:26:55,2254.4
11:26:56,2254.4
11:26:57,2254.4
11:26:58,2254.4
11:26:59,2254.4
11:27:00,2254.4
11:27:01,2254.4
11:27:04,2254.4
11:27:11,2254.4
11:27:12,2254.4
11:27:13,2254.4
11:27:15,2254.4
11:27:16,2254.4
11:27:18,2254.4
11:27:22,2254.4
11:27:25,2254.4
11:27:27,2254.4
11:27:29,2253.7
11:27:30,2253.7
11:27:32,2253.7
11:27:33,2253.7
11:27:35,2253.7
11:27:37,2253.7
11:27:38,2253.7
11:27:40,2253.7
11:27:43,2253.7
11:27:46,2253.7
11:27:47,2253.7
11:27:49,2253.7
11:27:52,2253.7
11:27:55,2253.7
11:27:56,2253.7
11:27:58,2252.8
11:28:00,2252.8
11:28:02,2252.8
11:28:04,2252.8
11:28:06,2252.8
11:28:07,2252.8
11:28:09,2252.8
11:28:12,2252.8
11:28:14,2252.8
11:28:15,2252.8
11:28:17,2252.8
11:28:19,2252.8
11:28:20,2252.8
11:28:21,2252.8
11:28:22,2252.8
11:28:23,2251.25
11:28:24,2251.25
11:28:26,2251.25
11:28:27,2251.25
11:28:29,2251.25
11:28:31,2251.25
11:28:33,2251.25
11:28:35,2251.25
11:28:37,2251.25
11:28:40,2251.25
11:28:43,2251.25
11:28:45,2251.25
11:28:47,2251.25
11:28:48,2251.25
11:28:51,2252.5
11:28:53,2252.5
11:28:54,2252.5
11:28:56,2252.5
11:28:58,2252.5
11:29:00,2252.5
11:29:02,2252.5
11:29:04,2252.5
11:29:05,2252.5
11:29:06,2252.5
11:29:09,2252.5
11:29:11,2252.5
11:29:14,2252.5
11:29:21,2253.05
11:29:28,2253.05
11:29:30,2253.05
11:29:31,2253.05
11:29:32,2253.05
11:29:35,2253.05
11:29:37,2253.05
11:29:39,2253.05
11:29:40,2253.05
11:29:42,2253.05
11:29:44,2253.05
11:29:46,2253.05
11:29:47,2253.05
11:29:48,2253.05
11:29:50,2251.6
11:29:51,2251.6
11:29:53,2251.6
11:29:54,2251.6
11:29:56,2251.6
11:29:59,2251.6
11:30:02,2251.6
11:30:03,2251.6
11:30:05,2251.6
11:30:07,2251.6
11:30:09,2251.6
11:30:10,2251.6
11:30:12,2251.6
11:30:13,2251.6
11:30:16,2251.6
11:30:22,2251.6
11:30:28,2251.6
11:30:29,2251.6
11:30:30,2251.6
11:30:32,2251.6
11:30:33,2251.6
11:30:35,2251.6
11:30:37,2251.6
11:30:39,2251.6
11:30:40,2251.6
11:30:41,2251.6
11:30:45,2251.6
11:30:46,2251.6
11:30:47,2251.6
11:30:49,2251.6
11:30:51,2251.95
11:30:52,2251.95
11:30:54,2251.95
11:30:56,2251.95
11:30:59,2251.95
11:31:01,2251.95
11:31:05,2252.35
11:31:07,2252.35
11:31:08,2252.35
11:31:09,2252.35
11:31:10,2252.35
11:31:11,2252.35
11:31:13,2252.35
11:31:14,2252.35
11:31:16,2252.35
11:31:17,2252.35
11:31:18,2252.35
11:31:21,2252.35
11:31:23,2252.35
11:46:38,2253.85
11:46:42,2253.85
11:46:43,2253.85
11:46:44,2253.85
11:46:45,2253.85
11:46:46,2253.85
11:46:47,2253.85
11:46:48,2253.85
11:46:49,2253.85
11:46:50,2253.85
11:46:50,2253.85
11:46:51,2253.85
11:46:52,2253.85
11:46:53,2253.85
11:46:54,2253.85
11:46:55,2253.85
11:46:56,2253.85
11:46:57,2253.85
11:46:58,2253.85
11:46:59,2253.85
11:47:00,2253.85
11:47:01,2253.85
11:47:02,2253.85
11:47:04,2253.85
11:47:05,2255.1
11:47:06,2255.1
11:47:07,2255.1
11:47:08,2255.1
11:47:09,2255.1
11:47:10,2255.1
11:47:11,2255.1
11:47:12,2255.1
11:47:13,2255.1
11:47:14,2255.1
11:47:17,2255.1
11:47:19,2255.95
11:47:21,2255.95
11:47:22,2255.95
11:47:28,2255.95
11:47:43,2255.95
11:47:50,2255.95
11:47:51,2255.95
11:47:52,2255.95
11:47:53,2255.95
11:47:54,2255.95
11:47:54,2255.95
11:47:55,2255.95
11:47:56,2255.0
11:47:57,2255.0
11:47:58,2255.0
11:47:59,2255.0
11:48:00,2255.0
11:48:01,2255.0
11:48:01,2255.0
11:48:02,2255.0
11:48:03,2255.0
11:48:04,2255.0
11:48:05,2255.0
11:48:06,2255.0
11:48:07,2255.0
11:48:07,2255.0
11:48:08,2255.0
11:48:09,2255.0
11:48:10,2255.0
11:48:11,2255.0
11:48:12,2255.0
11:48:12,2255.0
11:48:13,2255.0
11:48:14,2255.0
11:48:15,2255.0
11:48:16,2255.0
11:48:17,2255.0
11:48:18,2255.0
11:48:19,2255.0
11:48:20,2255.0
11:48:21,2255.0
11:48:22,2255.0
11:48:23,2255.0
11:48:23,2252.15
11:48:24,2252.15
11:48:26,2252.15
11:48:27,2252.15
11:48:28,2252.15
11:48:30,2252.15
11:48:31,2252.15
11:48:32,2252.15
11:48:33,2252.15
11:48:35,2252.15
11:48:37,2252.15
11:48:38,2252.15
11:48:39,2252.15
11:48:40,2252.15
11:48:41,2252.15
11:48:42,2252.15
11:48:43,2252.15
11:48:44,2252.15
11:48:46,2252.15
11:48:47,2252.15
11:48:48,2252.15
11:48:49,2252.15
11:48:51,2252.15
11:48:53,2253.2
11:48:54,2253.2
11:48:55,2253.2
11:48:57,2253.2
11:49:02,2253.2
11:49:04,2253.2
11:49:05,2253.2
11:49:06,2253.2
11:49:07,2253.2
11:49:08,2253.2
11:49:09,2253.2
11:49:10,2253.2
11:49:11,2253.2
11:49:11,2253.2
11:49:12,2253.2
11:49:14,2253.2
11:49:16,2253.2
11:49:17,2253.2
11:49:24,2253.3
11:49:25,2253.3
11:49:26,2253.3
11:49:27,2253.3
11:49:27,2253.3
11:49:28,2253.3
11:49:29,2253.3
11:49:33,2253.3
11:49:35,2253.3
11:49:42,2253.3
11:49:53,2253.3
11:49:56,2253.3
11:49:59,2253.3
11:50:02,2253.3
11:50:03,2253.3
11:50:04,2253.3
11:50:05,2253.3
11:50:06,2253.3
11:50:07,2253.3
11:50:08,2253.3
11:50:09,2253.3
11:50:10,2253.6
11:50:11,2253.6
11:50:12,2253.6
11:50:12,2253.6
11:50:13,2253.6
11:50:14,2253.6
11:50:15,2253.6
11:50:16,2253.6
11:50:17,2253.6
11:50:18,2253.6
11:50:20,2253.6
11:50:21,2253.6
11:50:22,2253.6
11:50:23,2253.6
11:50:24,2253.6
11:50:25,2253.6
11:50:26,2253.6
11:50:27,2253.6
11:50:28,2253.6
11:50:29,2253.6
11:50:30,2253.6
11:50:31,2253.6
11:50:32,2253.6
11:50:33,2253.6
11:50:34,2253.6
11:50:35,2253.6
11:50:35,2253.6
11:50:36,2253.85
11:50:38,2253.85
11:50:39,2253.85
11:50:40,2253.85
11:50:41,2253.85
11:50:42,2253.85
11:50:43,2253.85
11:50:43,2253.85
11:50:44,2253.85
11:50:45,2253.85
11:50:46,2253.85
11:50:47,2253.85
11:50:48,2253.85
11:50:49,2253.85
11:50:50,2253.45
11:50:50,2253.45
11:50:51,2253.45
11:50:52,2253.45
11:50:53,2253.45
11:50:54,2253.45
11:50:55,2253.45
11:50:56,2253.45
11:50:56,2253.45
11:50:57,2253.45
11:50:58,2253.45
11:50:59,2253.45
11:51:00,2253.45
11:51:01,2253.45
11:51:02,2253.45
11:51:03,2253.45
11:51:04,2253.45
11:51:05,2253.45
11:51:06,2253.45
11:51:07,2253.45
11:51:08,2253.45
11:51:09,2253.45
11:51:09,2253.45
11:51:10,2253.45
11:51:11,2253.45
11:51:12,2253.45
11:51:13,2253.45
11:51:14,2253.45
11:51:14,2253.45
11:51:15,2253.45
11:51:17,2253.45
11:51:19,2253.45
11:51:20,2253.45
11:51:23,2253.45
11:51:24,2253.45
11:51:26,2253.45
11:51:28,2253.45
11:51:30,2253.45
11:51:31,2254.0
11:51:33,2254.0
11:51:36,2254.0
11:51:40,2254.0
11:51:41,2254.0
11:51:43,2254.0
11:51:44,2254.0
11:51:45,2254.0
11:51:46,2254.0
11:51:48,2254.0
11:51:49,2254.0
11:51:51,2254.0
11:51:52,2254.0
11:51:53,2254.0
11:51:54,2252.7
11:51:56,2252.7
11:51:57,2252.7
11:51:59,2252.7
11:52:00,2252.7
11:52:01,2252.7
11:52:02,2252.7
11:52:04,2252.7
11:52:05,2252.7
11:52:06,2252.7
11:52:08,2252.7
11:52:09,2252.7
11:52:10,2252.7
11:52:12,2252.7
11:52:13,2252.7
11:52:14,2252.7
11:52:16,2252.7
11:52:17,2252.7
11:52:18,2252.7
11:52:21,2252.7
11:52:23,2251.85
11:52:24,2251.85
11:52:26,2251.85
11:52:27,2251.85
11:52:29,2251.85
11:52:30,2251.85
11:52:31,2251.85
11:52:32,2251.85
11:52:34,2251.85
11:52:35,2251.85
11:52:36,2251.85
11:52:38,2251.85
11:52:39,2251.85
11:52:40,2251.85
11:52:42,2251.85
11:52:43,2251.85
11:52:44,2251.85
11:52:45,2251.85
11:52:47,2251.85
11:52:48,2253.4
11:52:49,2253.4
11:52:50,2253.4
11:52:52,2253.4
11:52:53,2253.4
11:52:54,2253.4
11:52:55,2253.4
11:52:57,2253.4
11:52:58,2253.4
11:52:59,2253.4
11:53:01,2253.4
11:53:02,2253.4
11:53:03,2253.4
11:53:05,2253.4
11:53:06,2253.4
11:53:07,2253.4
11:53:09,2253.4
11:53:10,2253.4
11:53:11,2253.4
11:53:12,2253.4
11:53:14,2254.0
11:53:15,2254.0
11:53:16,2254.0
11:53:17,2254.0
11:53:19,2254.0
11:53:20,2254.0
11:53:21,2254.0
11:53:22,2254.0
11:53:24,2254.0
11:53:25,2254.0
11:53:26,2254.0
11:53:28,2254.0
11:53:29,2254.0
11:53:30,2254.0
11:53:31,2254.0
11:53:33,2254.0
11:53:34,2254.0
11:53:36,2254.0
11:53:37,2254.0
11:53:38,2254.0
11:53:40,2254.0
11:53:41,2254.0
11:53:42,2254.0
11:53:44,2254.0
11:53:46,2254.0
11:53:47,2254.0
11:53:49,2254.0
11:53:50,2254.0
11:53:51,2254.0
11:53:52,2254.0
11:53:54,2253.5
11:53:55,2253.5
11:53:56,2253.5
11:53:57,2253.5
11:53:59,2253.5
11:54:00,2253.5
11:54:01,2253.5
11:54:02,2253.5
11:54:04,2253.5
11:54:05,2253.5
11:54:06,2253.5
11:54:08,2253.5
11:54:10,2253.5
11:54:11,2253.5
11:54:12,2253.5
11:54:14,2253.5
11:54:15,2253.5
11:54:16,2253.5
11:54:17,2253.5
11:54:18,2253.5
11:54:20,2253.5
11:54:21,2253.5
11:54:22,2253.3
11:54:23,2253.3
11:54:25,2253.3
11:54:26,2253.3
11:54:27,2253.3
11:54:28,2253.3
11:54:30,2253.3
11:54:31,2253.3
11:54:32,2253.3
11:54:33,2253.3
11:54:35,2253.3
11:54:36,2253.3
11:54:37,2253.3
11:54:38,2253.3
11:54:40,2253.3
11:54:41,2253.3
11:54:42,2253.3
11:54:43,2253.3
11:54:44,2253.3
11:54:46,2253.3
11:54:47,2253.3
11:54:48,2253.0
11:54:49,2253.0
11:54:51,2253.0
11:54:52,2253.0
11:54:53,2253.0
11:54:54,2253.0
11:54:56,2253.0
11:54:57,2253.0
11:54:58,2253.0
11:54:59,2253.0
11:55:01,2253.0
11:55:02,2253.0
11:55:03,2253.0
11:55:05,2253.0
11:55:06,2253.0
11:55:07,2253.0
11:55:08,2253.0
11:55:10,2253.0
11:55:11,2253.0
11:55:12,2253.0
11:55:13,2253.0
11:55:14,2252.2
11:55:16,2252.2
11:55:17,2252.2
11:55:18,2252.2
11:55:19,2252.2
11:55:21,2252.2
11:55:22,2252.2
11:55:23,2252.2
11:55:24,2252.2
11:55:26,2252.2
11:55:27,2252.2
11:55:28,2252.2
11:55:31,2252.2
11:55:32,2252.2
11:55:34,2252.2
11:55:35,2252.2
11:55:36,2252.2
11:55:37,2252.2
11:55:39,2252.2
11:55:40,2252.2
11:55:41,2252.2
11:55:42,2253.05
11:55:44,2253.05
11:55:45,2253.05
11:55:46,2253.05
11:55:48,2253.05
11:55:49,2253.05
11:55:50,2253.05
11:55:51,2253.05
11:55:53,2253.05
11:55:54,2253.05
11:55:55,2253.05
11:55:57,2253.05
11:55:59,2253.05
11:56:00,2253.05
11:56:01,2253.05
11:56:03,2253.05
11:56:04,2253.05
11:56:05,2253.05
11:56:07,2253.05
11:56:08,2253.05
11:56:10,2253.05
11:56:11,2253.05
11:56:12,2253.05
11:56:14,2253.05
11:56:15,2253.05
11:56:16,2253.05
11:56:17,2253.05
11:56:19,2253.05
11:56:20,2253.05
11:56:21,2253.05
11:56:22,2253.05
11:56:24,2253.05
11:56:25,2253.05
11:56:26,2253.05
11:56:27,2253.05
11:56:29,2253.05
11:56:30,2253.05
11:56:31,2253.05
11:56:32,2253.05
11:56:34,2253.05
11:56:35,2253.05
11:56:36,2253.1
11:56:38,2253.1
11:56:40,2253.1
11:56:41,2253.1
11:56:42,2253.1
11:56:43,2253.1
11:56:45,2253.1
11:56:46,2253.1
11:56:47,2253.1
11:56:48,2253.1
11:56:50,2252.0
11:56:51,2252.0
11:56:52,2252.0
11:56:53,2252.0
11:56:55,2252.0
11:56:56,2252.0
11:56:57,2252.0
11:56:58,2252.0
11:57:00,2252.0
11:57:01,2252.0
11:57:02,2252.0
11:57:03,2252.0
11:57:05,2252.0
11:57:06,2252.0
11:57:07,2252.0
11:57:09,2252.0
11:57:10,2252.0
11:57:11,2252.0
11:57:12,2252.0
11:57:14,2252.0
11:57:15,2252.0
11:57:16,2252.0
11:57:18,2251.35
11:57:19,2251.35
11:57:20,2251.35
11:57:21,2251.35
11:57:23,2251.35
11:57:24,2251.35
11:57:25,2251.35
11:57:26,2251.35
11:57:28,2251.35
11:57:29,2251.35
11:57:30,2251.35
11:57:31,2251.35
11:57:33,2251.35
11:57:34,2251.35
11:57:35,2251.35
11:57:36,2251.35
11:57:37,2251.35
11:57:39,2251.35
11:57:40,2251.35
11:57:41,2251.35
11:57:43,2251.35
11:57:44,2251.35
11:57:45,2251.35
11:57:46,2251.35
11:57:47,2251.35
11:57:49,2251.35
11:57:50,2251.35
11:57:51,2251.35
11:57:53,2251.35
11:57:54,2251.35
11:57:55,2251.35
11:57:56,2251.35
11:57:58,2250.7
11:57:59,2250.7
11:58:00,2250.7
11:58:02,2250.7
11:58:03,2250.7
11:58:04,2250.7
11:58:05,2250.7
11:58:07,2250.7
11:58:08,2250.7
11:58:09,2250.7
11:58:10,2250.7
11:58:12,2250.7
11:58:13,2250.7
11:58:14,2250.7
11:58:15,2250.7
11:58:17,2250.7
11:58:18,2250.7
11:58:19,2250.7
11:58:20,2250.7
11:58:22,2250.7
11:58:23,2250.7
11:58:24,2250.7
11:58:25,2250.6
11:58:27,2250.6
11:58:28,2250.6
11:58:29,2250.6
11:58:30,2250.6
11:58:32,2250.6
11:58:33,2250.6
11:58:34,2250.6
11:58:35,2250.6
11:58:36,2250.6
11:58:38,2250.6
11:58:39,2250.6
11:58:40,2250.6
11:58:41,2250.6
11:58:42,2250.6
11:58:44,2250.6
11:58:45,2250.6
11:58:46,2250.6
11:58:47,2250.6
11:58:48,2250.6
11:58:50,2250.6
11:58:51,2250.6
11:58:52,2251.35
11:58:53,2251.35
11:58:54,2251.35
11:58:56,2251.35
11:58:57,2251.35
11:58:58,2251.35
11:58:59,2251.35
11:59:00,2251.35
11:59:02,2251.35
11:59:03,2251.35
11:59:04,2251.35
11:59:05,2251.35
11:59:06,2251.35
11:59:08,2251.35
11:59:09,2251.35
11:59:10,2251.35
11:59:11,2251.35
11:59:13,2251.35
11:59:14,2251.35
11:59:15,2251.35
11:59:16,2251.35
11:59:17,2251.35
11:59:19,2251.2
11:59:20,2251.2
11:59:21,2251.2
11:59:22,2251.2
11:59:23,2251.2
11:59:25,2251.2
11:59:26,2251.2
11:59:27,2251.2
11:59:28,2251.2
11:59:30,2251.2
11:59:31,2251.2
11:59:32,2251.2
11:59:33,2251.2
11:59:34,2251.2
11:59:36,2251.2
11:59:37,2251.2
11:59:38,2251.2
11:59:39,2251.2
11:59:40,2251.2
11:59:42,2251.2
11:59:43,2251.2
11:59:44,2251.2
11:59:45,2251.2
11:59:46,2251.2
11:59:48,2251.2
11:59:49,2251.2
11:59:50,2251.2
11:59:51,2251.2
11:59:52,2251.2
11:59:54,2251.2
11:59:55,2251.2
11:59:58,2251.2
11:59:59,2251.2
12:00:00,2251.2
12:00:02,2251.2
12:00:03,2251.2
12:00:04,2251.2
12:00:05,2251.2
12:00:06,2251.2
12:00:10,2251.2
12:00:11,2251.2
12:00:20,2250.6
12:00:32,2250.6
12:00:34,2250.6
12:00:35,2250.6
12:00:37,2250.6
12:00:38,2250.6
12:00:39,2250.6
12:00:40,2250.6
12:00:41,2250.6
12:00:43,2250.6
12:00:44,2250.6
12:00:49,2250.6
12:00:51,2251.7
12:00:52,2251.7
12:00:53,2251.7
12:00:54,2251.7
12:00:55,2251.7
12:00:57,2251.7
12:00:58,2251.7
12:00:59,2251.7
12:01:00,2251.7
12:01:02,2251.7
12:01:03,2251.7
12:01:04,2251.7
12:01:05,2251.7
12:01:07,2251.7
12:01:08,2251.7
12:01:09,2251.7
12:01:10,2251.7
12:01:12,2251.7
12:01:13,2251.7
12:01:14,2251.7
12:01:15,2251.7
12:01:16,2251.7
12:01:17,2251.7
12:01:19,2251.95
12:01:21,2251.95
12:01:22,2251.95
12:01:23,2251.95
12:01:25,2251.95
12:01:26,2251.95
12:01:27,2251.95
12:01:28,2251.95
12:01:30,2251.95
12:01:31,2251.95
12:01:32,2251.95
12:01:33,2251.95
12:01:34,2251.95
12:01:36,2251.95
12:01:37,2251.95
12:01:38,2251.95
12:01:40,2251.95
12:01:41,2251.95
12:01:43,2251.95
12:01:44,2251.95
12:01:45,2251.95
12:01:47,2251.95
12:01:48,2251.95
12:01:49,2251.95
12:01:50,2251.95
12:01:52,2251.95
12:01:53,2251.95
12:01:54,2251.95
12:01:56,2251.95
12:01:57,2251.95
12:02:00,2251.5
12:02:02,2251.5
12:02:04,2251.5
12:02:06,2251.5
12:02:08,2251.5
12:02:10,2251.5
12:02:12,2251.5
12:02:19,2250.15
12:02:31,2250.15
12:02:33,2250.15
12:02:34,2250.15
12:02:36,2250.15
12:02:38,2250.15
12:02:40,2250.15
12:02:44,2250.15
12:02:54,2250.15
12:03:15,2250.0
12:03:33,2250.0
12:03:34,2250.0
12:03:35,2250.0
12:03:37,2250.0
12:03:38,2250.0
12:03:39,2250.0
12:03:41,2250.0
12:03:42,2250.0
12:03:43,2250.0
12:03:44,2250.0
12:03:45,2250.0
12:03:47,2250.0
12:03:49,2249.5
12:03:50,2249.5
12:03:51,2249.5
12:03:52,2249.5
12:03:53,2249.5
12:03:55,2249.5
12:03:56,2249.5
12:03:57,2249.5
12:03:58,2249.5
12:03:59,2249.5
12:04:01,2249.5
12:04:02,2249.5
12:04:03,2249.5
12:04:04,2249.5
12:04:05,2249.5
12:04:07,2249.5
12:04:08,2249.5
12:04:09,2249.5
12:04:10,2249.5
12:04:11,2249.5
12:04:13,2249.5
12:04:14,2249.5
12:04:15,2250.15
12:04:16,2250.15
12:04:17,2250.15
12:04:19,2250.15
12:04:20,2250.15
12:04:21,2250.15
12:04:22,2250.15
12:04:23,2250.15
12:04:24,2250.15
12:04:26,2250.15
12:04:27,2250.15
12:04:28,2250.15
12:04:29,2250.15
12:04:30,2250.15
12:04:31,2250.15
12:04:33,2250.15
12:04:34,2250.15
12:04:35,2250.15
12:04:36,2250.15
12:04:38,2250.15
12:04:40,2250.15
12:04:41,2250.15
12:04:42,2250.15
12:04:44,2250.15
12:04:45,2250.15
12:04:46,2250.15
12:04:47,2250.15
12:04:49,2250.15
12:04:50,2250.15
12:04:51,2250.15
12:04:52,2250.15
12:04:54,2250.15
12:04:55,2250.15
12:04:56,2250.15
12:04:57,2250.15
12:04:58,2250.15
12:05:00,2250.15
12:05:01,2250.15
12:05:02,2250.15
12:05:03,2250.15
12:05:05,2250.15
12:05:06,2250.15
12:05:13,2250.15
12:05:16,2250.15
12:05:18,2250.15
12:05:19,2250.15
12:05:20,2250.15
12:05:21,2250.15
12:05:22,2250.15
12:05:23,2250.15
12:05:25,2250.15
12:05:26,2250.15
12:05:27,2249.5
12:05:28,2249.5
12:05:29,2249.5
12:05:31,2249.5
12:05:32,2249.5
12:05:33,2249.5
12:05:34,2249.5
12:05:35,2249.5
12:05:37,2249.5
12:05:38,2249.5
12:05:39,2249.5
12:05:40,2250.0
12:05:42,2250.0
12:05:43,2250.0
12:05:44,2250.0
12:05:45,2250.0
12:05:46,2250.0
12:05:48,2250.0
12:05:49,2250.0
12:05:50,2250.0
12:05:51,2250.0
12:05:52,2250.0
12:05:53,2250.0
12:05:55,2250.0
12:05:56,2250.0
12:05:57,2250.0
12:05:58,2250.0
12:05:59,2250.0
12:06:01,2250.0
12:06:02,2250.0
12:06:03,2250.0
12:06:04,2250.0
12:06:05,2250.0
12:06:07,2250.0
12:06:08,2250.0
12:06:09,2250.0
12:06:10,2250.0
12:06:12,2250.0
12:06:13,2250.0
12:06:14,2250.0
12:06:16,2250.0
12:06:17,2250.0
12:06:18,2250.0
12:06:20,2250.0
12:06:21,2250.0
12:06:23,2250.1
12:06:25,2250.1
12:06:26,2250.1
12:06:28,2250.1
12:06:30,2250.1
12:06:31,2250.1
12:06:34,2250.1
12:06:35,2250.1
12:06:36,2250.1
12:06:37,2250.1
12:06:39,2250.1
12:06:41,2250.1
12:06:43,2250.1
12:06:44,2250.1
12:06:45,2250.1
12:06:46,2250.1
12:06:47,2250.1
12:06:49,2250.1
12:06:50,2250.1
12:06:51,2250.1
12:06:52,2250.1
12:06:54,2250.1
12:06:55,2250.1
12:06:56,2250.1
12:06:57,2250.1
12:06:58,2250.1
12:06:59,2250.1
12:07:01,2250.1
12:07:02,2250.1
12:07:03,2250.1
12:07:04,2250.1
12:07:06,2250.5
12:07:07,2250.5
12:07:08,2250.5
12:07:09,2250.5
12:07:10,2250.5
12:07:11,2250.5
12:07:13,2250.5
12:07:14,2250.5
12:07:15,2250.5
12:07:16,2250.5
12:07:17,2250.5
12:07:18,2250.5
12:07:20,2249.75
12:07:21,2249.75
12:07:22,2249.75
12:07:23,2249.75
12:07:25,2249.75
12:07:27,2249.75
12:07:28,2249.75
12:07:29,2249.75
12:07:30,2249.75
12:07:31,2249.75
12:07:32,2249.75
12:07:34,2249.75
12:07:35,2249.75
12:07:36,2249.75
12:07:37,2249.75
12:07:38,2249.75
12:07:39,2249.75
12:07:41,2249.75
12:07:42,2249.75
12:07:43,2249.75
12:07:44,2249.75
12:07:45,2249.75
12:07:47,2249.75
12:07:48,2249.75
12:07:49,2249.75
12:07:50,2249.75
12:07:51,2249.75
12:07:53,2249.75
12:07:54,2249.75
12:07:55,2249.75
12:07:56,2249.75
12:07:57,2249.75
12:07:58,2249.75
12:08:00,2249.75
12:08:01,2250.3
12:08:02,2250.3
12:08:03,2250.3
12:08:04,2250.3
12:08:05,2250.3
12:08:07,2250.3
12:08:08,2250.3
12:08:09,2250.3
12:08:10,2250.3
12:08:12,2250.3
12:08:13,2250.3
12:08:14,2250.05
12:08:16,2250.05
12:08:17,2250.05
12:08:18,2250.05
12:08:19,2250.05
12:08:21,2250.05
12:08:22,2250.05
12:08:23,2250.05
12:08:24,2250.05
12:08:25,2250.05
12:08:27,2250.05
12:08:28,2250.05
12:08:29,2250.05
12:08:31,2250.05
12:08:32,2250.05
12:08:33,2250.05
12:08:34,2250.05
12:08:35,2250.05
12:08:37,2250.05
12:08:38,2250.05
12:08:39,2250.05
12:08:40,2250.05
12:08:41,2250.05
12:08:43,2250.05
12:08:44,2250.05
12:08:45,2250.05
12:08:46,2250.05
12:08:47,2250.05
12:08:49,2250.05
12:08:50,2250.05
12:08:52,2250.05
12:08:55,2250.0
12:08:56,2250.0
12:08:58,2250.0
12:08:59,2250.0
12:09:00,2250.0
12:09:01,2250.0
12:09:02,2250.0
12:09:04,2250.0
12:09:05,2250.0
12:09:06,2250.0
12:09:07,2250.0
12:09:08,2250.0
12:09:09,2250.0
12:09:11,2250.0
12:09:12,2250.0
12:09:13,2250.0
12:09:14,2250.0
12:09:15,2250.0
12:09:16,2250.0
12:09:19,2250.0
12:09:20,2250.0
12:09:21,2250.0
12:09:22,2250.0
12:09:23,2250.0
12:09:25,2248.95
12:09:28,2248.95
12:09:29,2248.95
12:09:31,2248.95
12:09:32,2248.95
12:09:33,2248.95
12:09:34,2248.95
12:09:35,2248.95
12:09:37,2248.95
12:09:38,2248.95
12:09:39,2248.95
12:09:40,2248.95
12:09:42,2248.95
12:09:43,2248.95
12:09:44,2248.95
12:09:45,2248.95
12:09:47,2248.95
12:09:48,2248.95
12:09:49,2248.95
12:09:50,2248.95
12:09:52,2248.95
12:09:53,2249.35
12:09:54,2249.35
12:09:55,2249.35
12:09:56,2249.35
12:09:58,2249.35
12:09:59,2249.35
12:10:00,2249.35
12:10:01,2249.35
12:10:02,2249.35
12:10:04,2249.35
12:10:05,2249.35
12:10:06,2249.35
12:10:07,2249.35
12:10:08,2249.35
12:10:10,2249.35
12:10:11,2249.35
12:10:12,2249.35
12:10:13,2249.35
12:10:14,2249.35
12:10:16,2249.35
12:10:17,2249.35
12:10:18,2249.35
12:10:19,2249.35
12:10:20,2249.35
12:10:22,2249.35
12:10:23,2249.35
12:10:24,2249.35
12:10:25,2249.35
12:10:27,2249.35
12:10:28,2249.35
12:10:29,2249.35
12:10:30,2249.35
12:10:31,2249.35
12:10:33,2250.2
12:10:34,2250.2
12:10:35,2250.2
12:10:37,2250.2
12:10:38,2250.2
12:10:39,2250.2
12:10:40,2250.2
12:10:41,2250.2
12:10:43,2250.2
12:10:44,2250.2
12:10:45,2250.2
12:10:46,2249.15
12:10:47,2249.15
12:10:49,2249.15
12:10:50,2249.15
12:10:51,2249.15
12:10:52,2249.15
12:10:53,2249.15
12:10:55,2249.15
12:10:56,2249.15
12:10:57,2249.15
12:10:58,2249.15
12:11:00,2249.15
12:11:01,2249.15
12:11:02,2249.15
12:11:03,2249.15
12:11:04,2249.15
12:11:06,2249.15
12:11:07,2249.15
12:11:08,2249.15
12:11:10,2249.15
12:11:11,2249.15
12:11:12,2249.15
12:11:13,2249.15
12:11:14,2249.15
12:11:16,2249.15
12:11:17,2249.15
12:11:18,2249.15
12:11:19,2249.15
12:11:20,2249.15
12:11:22,2249.15
12:11:23,2249.15
12:11:24,2249.15
12:11:25,2250.0
12:11:26,2250.0
12:11:27,2250.0
12:11:29,2250.0
12:11:30,2250.0
12:11:31,2250.0
12:11:32,2250.0
12:11:34,2250.0
12:11:35,2250.0
12:11:36,2250.0
12:11:37,2250.0
12:11:38,2250.0
12:11:40,2250.0
12:11:43,2250.0
12:11:44,2250.0
12:11:45,2250.0
12:11:46,2250.0
12:11:47,2250.0
12:11:49,2250.0
12:11:50,2250.0
12:11:51,2250.0
12:11:52,2249.95
12:11:54,2249.95
12:11:55,2249.95
12:11:56,2249.95
12:11:57,2249.95
12:11:58,2249.95
12:12:00,2249.95
12:12:01,2249.95
12:12:02,2249.95
12:12:03,2249.95
12:12:05,2249.95
12:12:09,2249.9
12:12:10,2249.9
12:12:11,2249.9
12:12:12,2249.9
12:12:13,2249.9
12:12:15,2249.9
12:12:16,2249.9
12:12:17,2249.9
12:12:18,2249.9
12:12:20,2249.9
12:12:21,2249.9
12:12:22,2249.9
12:12:24,2249.9
12:12:25,2249.9
12:12:26,2249.9
12:12:27,2249.9
12:12:29,2249.9
12:12:30,2249.9
12:12:31,2249.9
12:12:32,2249.9
12:12:33,2249.9
12:12:35,2249.9
12:12:36,2249.9
12:12:37,2249.9
12:12:38,2249.9
12:12:39,2249.9
12:12:40,2249.9
12:12:42,2249.9
12:12:43,2249.9
12:12:44,2249.9
12:12:45,2249.9
12:12:46,2249.9
12:12:48,2249.9
12:12:49,2249.9
12:12:50,2249.9
12:12:51,2249.9
12:12:52,2249.9
12:12:54,2249.9
12:12:55,2249.9
12:12:56,2249.9
12:12:57,2249.9
12:12:58,2249.9
12:13:00,2249.9
12:13:01,2249.9
12:13:02,2250.05
12:13:03,2250.05
12:13:04,2250.05
12:13:05,2250.05
12:13:07,2250.05
12:13:08,2250.05
12:13:09,2250.05
12:13:10,2250.05
12:13:11,2250.05
12:13:13,2250.05
12:13:14,2250.05
12:13:15,2250.05
12:13:17,2250.05
12:13:18,2250.05
12:13:19,2250.05
12:13:20,2250.05
12:13:22,2250.05
12:13:23,2250.05
12:13:24,2250.05
12:13:25,2250.05
12:13:26,2250.05
12:13:27,2250.05
12:13:29,2250.05
12:13:30,2250.05
12:13:31,2250.05
12:13:32,2250.05
12:13:33,2250.05
12:13:35,2250.05
12:13:36,2250.05
12:13:37,2250.05
12:13:38,2250.05
12:13:39,2250.05
12:13:41,2250.05
12:13:42,2250.05
12:13:44,2249.55
12:13:45,2249.55
12:13:46,2249.55
12:13:47,2249.55
12:13:48,2249.55
12:13:50,2249.55
12:13:55,2249.55
12:13:56,2249.55
12:13:58,2249.55
12:13:59,2249.55
12:14:00,2249.55
12:14:01,2249.55
12:14:03,2249.55
12:14:04,2249.55
12:14:05,2249.55
12:14:06,2249.55
12:14:07,2249.55
12:14:08,2249.55
12:14:10,2249.55
12:14:11,2249.55
12:14:12,2250.25
12:14:13,2250.25
12:14:15,2250.25
12:14:16,2250.25
12:14:17,2250.25
12:14:18,2250.25
12:14:19,2250.25
12:14:21,2250.25
12:14:22,2250.25
12:14:23,2250.25
12:14:24,2250.25
12:14:25,2250.05
12:14:27,2250.05
12:14:28,2250.05
12:14:29,2250.05
12:14:30,2250.05
12:14:31,2250.05
12:14:33,2250.05
12:14:34,2250.05
12:14:35,2250.05
12:14:36,2250.05
12:14:37,2250.05
12:14:39,2250.05
12:14:40,2250.05
12:14:41,2250.05
12:14:42,2250.05
12:14:43,2250.05
12:14:44,2250.05
12:14:46,2250.05
12:14:47,2250.05
12:14:48,2250.05
12:14:49,2250.05
12:14:50,2250.05
12:14:51,2250.05
12:14:53,2249.6
12:14:54,2249.6
12:14:55,2249.6
12:14:56,2249.6
12:14:57,2249.6
12:14:58,2249.6
12:15:00,2249.6
12:15:01,2249.6
12:15:02,2249.6
12:15:03,2249.6
12:15:04,2249.6
12:15:12,2249.6
12:15:13,2249.6
12:15:14,2249.6
12:15:15,2249.6
12:15:16,2249.6
12:15:23,2250.25
12:15:24,2250.25
12:15:31,2250.25
12:15:32,2250.25
12:15:33,2250.25
12:15:35,2250.25
12:15:36,2250.25
12:15:37,2250.25
12:15:41,2250.25
12:15:42,2250.25
12:15:43,2250.25
12:15:44,2250.25
12:15:46,2250.25
12:15:47,2250.25
12:15:48,2250.25
12:15:49,2250.25
12:15:50,2250.25
12:15:52,2250.25
12:15:53,2250.25
12:15:54,2250.25
12:15:55,2250.25
12:15:56,2250.25
12:15:57,2250.25
12:15:59,2250.25
12:16:01,2250.25
12:16:05,2250.25
12:16:07,2250.25
12:16:08,2250.25
12:16:14,2250.0
12:16:32,2249.65
12:16:34,2249.65
12:16:35,2249.65
12:16:36,2249.65
12:16:37,2249.65
12:16:39,2249.65
12:16:41,2249.65
12:16:43,2250.0
12:16:46,2250.0
12:16:48,2250.0
12:16:49,2250.0
12:16:50,2250.0
12:16:51,2250.0
12:16:53,2250.0
12:16:55,2250.0
12:16:58,2250.0
12:16:59,2250.0
12:17:00,2250.0
12:17:01,2250.0
12:17:02,2250.0
12:17:03,2250.0
12:17:04,2250.0
12:17:05,2250.0
12:17:06,2250.0
12:17:07,2250.0
12:17:08,2250.0
12:17:09,2250.0
12:17:10,2250.0
12:17:11,2250.0
12:17:13,2250.0
12:17:19,2250.0
12:17:20,2250.0
12:17:21,2250.0
12:17:22,2250.0
12:17:23,2250.0
12:17:24,2250.0
12:17:25,2250.0
12:17:26,2250.0
12:17:27,2250.0
12:17:28,2250.0
12:17:29,2250.0
12:17:30,2250.0
12:17:31,2250.0
12:17:32,2250.0
12:17:33,2250.0
12:17:34,2250.0
12:17:35,2250.0
12:17:36,2250.0
12:17:37,2250.0
12:17:37,2250.0
12:17:38,2250.0
12:17:39,2250.0
12:17:40,2250.0
12:17:41,2249.95
12:17:43,2249.95
12:17:43,2249.95
12:17:46,2249.95
12:17:48,2249.95
12:17:50,2249.95
12:17:51,2249.95
12:17:52,2249.95
12:17:54,2249.95
12:17:55,2250.2
12:17:56,2250.2
12:17:57,2250.2
12:17:58,2250.2
12:17:59,2250.2
12:18:00,2250.2
12:18:01,2250.2
12:18:02,2250.2
12:18:03,2250.2
12:18:04,2250.2
12:18:05,2250.2
12:18:05,2250.2
12:18:06,2250.2
12:18:07,2250.2
12:18:08,2250.2
12:18:09,2250.2
12:18:10,2250.2
12:18:12,2250.2
12:18:12,2250.2
12:18:13,2250.2
12:18:14,2250.2
12:18:15,2250.2
12:18:16,2250.2
12:18:17,2250.2
12:18:18,2250.2
12:18:19,2250.2
12:18:20,2250.2
12:18:21,2250.2
12:18:22,2250.2
12:18:22,2250.75
12:18:23,2250.75
12:18:24,2250.75
12:18:25,2250.75
12:18:26,2250.75
12:18:27,2250.75
12:18:28,2250.75
12:18:29,2250.75
12:18:30,2250.75
12:18:31,2250.75
12:18:32,2250.75
12:18:33,2250.75
12:18:34,2250.75
12:18:34,2250.75
12:18:35,2250.75
12:18:36,2250.75
12:18:37,2250.75
12:18:38,2250.75
12:18:39,2250.75
12:18:40,2250.75
12:18:41,2250.75
12:18:42,2250.75
12:18:43,2250.75
12:18:44,2250.75
12:18:45,2250.75
12:18:46,2250.75
12:18:47,2250.75
12:18:48,2250.75
12:18:50,2250.1
12:18:51,2250.1
12:18:52,2250.1
12:18:54,2250.1
12:18:57,2250.1
12:19:00,2250.1
12:19:02,2250.1
12:19:03,2250.1
12:19:04,2250.1
12:19:06,2250.1
12:19:07,2250.1
12:19:08,2250.1
12:19:09,2250.1
12:19:11,2250.1
12:19:12,2250.1
12:19:13,2250.1
12:19:14,2250.1
12:19:15,2250.1
12:19:16,2249.7
12:19:17,2249.7
12:19:18,2249.7
12:19:19,2249.7
12:19:19,2249.7
12:19:20,2249.7
12:19:21,2249.7
12:19:22,2249.7
12:19:23,2249.7
12:19:24,2249.7
12:19:25,2249.7
12:19:26,2249.7
12:19:27,2249.7
12:19:28,2249.7
12:19:29,2249.7
12:19:30,2249.7
12:19:31,2249.7
12:19:32,2249.7
12:19:32,2249.7
12:19:33,2249.7
12:19:34,2249.7
12:19:35,2249.7
12:19:36,2249.7
12:19:37,2249.7
12:19:38,2249.7
12:19:39,2249.7
12:19:40,2249.7
12:19:41,2249.7
12:19:42,2249.7
12:19:44,2249.7
12:19:46,2249.7
12:19:48,2249.7
12:19:49,2249.7
12:19:51,2249.7
12:19:53,2249.7
12:19:55,2249.7
12:19:58,2249.7
12:20:00,2249.7
12:20:01,2249.7
12:20:03,2249.7
12:20:13,2250.0
12:20:33,2250.6
12:20:44,2250.6
12:20:45,2250.6
12:20:46,2250.6
12:20:48,2250.6
12:20:49,2250.6
12:20:51,2250.6
12:20:52,2250.6
12:20:53,2250.6
12:20:54,2250.6
12:20:55,2250.6
12:20:56,2250.6
12:20:57,2250.6
12:20:58,2250.6
12:20:59,2250.6
12:21:00,2250.6
12:21:01,2250.4
12:21:02,2250.4
12:21:03,2250.4
12:21:04,2250.4
12:21:05,2250.4
12:21:06,2250.4
12:21:08,2250.4
12:21:09,2250.4
12:21:10,2250.4
12:21:13,2250.4
12:21:14,2250.4
12:21:17,2250.4
12:21:18,2250.4
12:21:19,2250.4
12:21:19,2250.4
12:21:20,2250.4
12:21:21,2250.4
12:21:22,2250.4
12:21:23,2250.4
12:21:24,2250.4
12:21:25,2250.4
12:21:26,2250.4
12:21:27,2250.4
12:21:29,2250.4
12:21:30,2250.4
12:21:31,2250.4
12:21:33,2250.4
12:21:34,2250.4
12:21:36,2250.4
12:21:37,2250.4
12:21:38,2250.4
12:21:38,2250.4
12:21:39,2250.4
12:21:40,2250.4
12:21:41,2250.4
12:21:42,2250.4
12:21:44,2250.4
12:21:45,2250.05
12:21:46,2250.05
12:21:46,2250.05
12:21:47,2250.05
12:21:48,2250.05
12:21:49,2250.05
12:21:50,2250.05
12:21:51,2250.05
12:21:52,2250.05
12:21:52,2250.05
12:21:53,2250.05
12:21:54,2250.05
12:21:55,2250.05
12:21:56,2250.05
12:21:57,2250.05
12:21:58,2250.05
12:21:58,2250.05
12:21:59,2250.05
12:22:00,2250.05
12:22:01,2250.05
12:22:02,2250.05
12:22:02,2250.05
12:22:03,2250.05
12:22:04,2250.05
12:22:05,2250.05
12:22:06,2250.05
12:22:07,2250.05
12:22:07,2250.05
12:22:08,2250.05
12:22:09,2250.05
12:22:10,2250.05
12:22:11,2250.2
12:22:12,2250.2
12:22:12,2250.2
12:22:13,2250.2
12:22:14,2250.2
12:22:15,2250.2
12:22:16,2250.2
12:22:16,2250.2
12:22:17,2250.2
12:22:18,2250.2
12:22:19,2250.2
12:22:20,2250.2
12:22:21,2250.2
12:22:21,2250.2
12:22:22,2250.2
12:22:23,2250.2
12:22:24,2250.2
12:22:25,2250.2
12:22:26,2250.15
12:22:27,2250.15
12:22:27,2250.15
12:22:28,2250.15
12:22:29,2250.15
12:22:30,2250.15
12:22:31,2250.15
12:22:32,2250.15
12:22:33,2250.15
12:22:33,2250.15
12:22:34,2250.15
12:22:35,2250.15
12:22:36,2250.15
12:22:37,2250.15
12:22:38,2250.15
12:22:38,2250.15
12:22:39,2250.15
12:22:40,2250.15
12:22:41,2250.15
12:22:42,2250.15
12:22:43,2250.15
12:22:43,2250.15
12:22:44,2250.15
12:22:53,2249.0
12:22:58,2249.0
12:22:59,2249.0
12:23:01,2249.0
12:23:07,2249.0
12:23:08,2249.0
12:23:10,2249.0
12:23:13,2249.0
12:23:14,2249.0
12:23:15,2249.0
12:23:16,2249.0
12:23:18,2249.0
12:23:20,2249.0
12:23:21,2249.0
12:23:22,2249.0
12:23:23,2249.0
12:23:24,2249.0
12:23:25,2249.0
12:23:26,2249.0
12:23:27,2249.0
12:23:27,2249.0
12:23:28,2249.0
12:23:29,2249.0
12:23:30,2249.0
12:23:31,2249.0
12:23:32,2249.0
12:23:33,2249.0
12:23:33,2248.25
12:23:34,2248.25
12:23:35,2248.25
12:23:36,2248.25
12:23:37,2248.25
12:23:38,2248.25
12:23:39,2248.25
12:23:39,2248.25
12:23:40,2248.25
12:23:41,2248.25
12:23:42,2248.25
12:23:43,2248.25
12:23:44,2248.25
12:23:45,2248.25
12:23:45,2248.25
12:23:46,2248.25
12:23:47,2248.25
12:23:48,2248.25
12:23:49,2248.25
12:23:50,2248.25
12:23:50,2248.25
12:23:51,2248.25
12:23:52,2248.25
12:23:53,2248.25
12:23:54,2248.25
12:23:55,2248.25
12:23:56,2248.25
12:23:56,2248.25
12:23:57,2248.25
12:23:58,2248.25
12:23:59,2248.25
12:24:00,2248.6
12:24:01,2248.6
12:24:01,2248.6
12:24:02,2248.6
12:24:03,2248.6
12:24:04,2248.6
12:24:05,2248.6
12:24:06,2248.6
12:24:06,2248.6
12:24:07,2248.6
12:24:08,2248.6
12:24:09,2248.6
12:24:11,2248.6
12:24:14,2248.25
12:24:18,2248.25
12:24:19,2248.25
12:24:21,2248.25
12:24:22,2248.25
12:24:24,2248.25
12:24:25,2248.25
12:24:27,2248.25
12:24:27,2248.25
12:24:28,2248.25
12:24:29,2248.25
12:24:30,2248.25
12:24:31,2248.25
12:24:33,2248.25
12:24:34,2248.25
12:24:35,2248.25
12:24:36,2248.25
12:24:38,2248.25
12:24:39,2248.25
12:24:40,2248.25
12:24:41,2248.25
12:24:41,2248.25
12:24:42,2248.25
12:24:43,2248.25
12:24:44,2248.25
12:24:45,2248.25
12:24:46,2248.25
12:24:47,2248.25
12:24:47,2248.25
12:24:48,2248.25
12:24:49,2248.25
12:24:50,2248.25
12:24:51,2248.25
12:24:52,2248.25
12:24:52,2248.25
12:24:53,2248.25
12:24:54,2248.25
12:24:55,2248.25
12:24:56,2248.25
12:24:57,2248.25
12:24:58,2248.25
12:24:58,2248.25
12:24:59,2248.25
12:25:00,2248.25
12:25:01,2248.25
12:25:02,2248.25
12:25:03,2248.25
12:25:04,2248.25
12:25:04,2248.25
12:25:05,2248.25
12:25:06,2248.25
12:25:07,2248.25
12:25:08,2248.25
12:25:10,2248.25
12:25:11,2248.25
12:25:12,2248.25
12:25:14,2248.25
12:25:15,2248.25
12:25:15,2248.25
12:25:16,2248.25
12:25:17,2248.25
12:25:18,2248.25
12:25:19,2248.25
12:25:20,2248.25
12:25:20,2248.25
12:25:21,2248.5
12:25:22,2248.5
12:25:23,2248.5
12:25:24,2248.5
12:25:25,2248.5
12:25:25,2248.5
12:25:26,2248.5
12:25:27,2248.5
12:25:28,2248.5
12:25:29,2248.5
12:25:30,2248.5
12:25:33,2248.5
12:25:36,2248.5
12:25:41,2248.5
12:25:42,2248.5
12:25:43,2248.5
12:25:45,2248.5
12:25:46,2248.5
12:25:47,2248.5
12:25:48,2248.5
12:25:49,2248.5
12:25:50,2248.5
12:25:51,2248.5
12:25:52,2248.5
12:25:53,2248.5
12:25:53,2248.5
12:25:54,2248.5
12:25:55,2248.5
12:25:56,2248.5
12:25:57,2248.5
12:25:58,2248.5
12:25:59,2248.5
12:25:59,2248.5
12:26:00,2248.5
12:26:01,2248.5
12:26:02,2248.5
12:26:03,2248.5
12:26:03,2248.5
12:26:04,2248.5
12:26:07,2248.5
12:26:07,2248.5
12:26:08,2248.5
12:26:09,2248.5
12:26:10,2248.5
12:26:11,2248.5
12:26:12,2248.5
12:26:13,2248.5
12:26:13,2248.5
12:26:15,2248.5
12:26:15,2248.5
12:26:16,2248.5
12:26:17,2248.5
12:26:18,2248.5
12:26:19,2248.5
12:26:20,2248.5
12:26:20,2248.5
12:26:21,2248.5
12:26:22,2248.5
12:26:27,2248.5
12:26:34,2249.1
12:26:37,2249.1
12:26:38,2249.1
12:26:40,2249.1
12:26:41,2249.1
12:26:42,2249.1
12:26:43,2249.1
12:26:45,2249.55
12:26:47,2249.55
12:26:48,2249.55
12:26:49,2249.55
12:26:51,2249.55
12:26:52,2249.55
12:26:53,2249.55
12:26:54,2249.55
12:26:55,2249.55
12:26:57,2249.55
12:26:58,2249.55
12:26:59,2249.55
12:27:01,2249.55
12:27:02,2249.55
12:27:03,2249.55
12:27:04,2249.55
12:27:06,2249.55
12:27:07,2249.55
12:27:08,2249.55
12:27:09,2249.55
12:27:10,2249.55
12:27:12,2249.55
12:27:13,2249.55
12:27:14,2249.55
12:27:15,2249.55
12:27:17,2249.55
12:27:18,2249.55
12:27:19,2249.55
12:27:20,2249.55
12:27:21,2249.55
12:27:23,2249.55
12:27:24,2249.55
12:27:25,2249.55
12:27:26,2249.55
12:27:27,2249.55
12:27:29,2249.55
12:27:30,2249.55
12:27:31,2249.55
12:27:32,2249.55
12:27:33,2249.55
12:27:34,2249.55
12:27:35,2249.55
12:27:37,2249.55
12:27:38,2249.55
12:27:39,2249.55
12:27:40,2249.55
12:27:41,2249.55
12:27:42,2249.55
12:27:44,2249.55
12:27:45,2249.55
12:27:46,2249.55
12:27:47,2249.55
12:27:53,2249.55
12:27:58,2249.55
12:28:02,2249.55
12:28:03,2249.55
12:28:06,2249.55
12:28:07,2249.55
12:28:09,2249.55
12:28:10,2249.55
12:28:11,2249.55
12:28:13,2249.55
12:28:14,2249.55
12:28:15,2249.55
12:28:16,2249.55
12:28:18,2249.55
12:28:19,2249.55
12:28:20,2249.7
12:28:21,2249.7
12:28:23,2249.7
12:28:24,2249.7
12:28:25,2249.7
12:28:26,2249.7
12:28:28,2249.7
12:28:29,2249.7
12:28:30,2249.7
12:28:31,2249.7
12:28:32,2249.7
12:28:34,2249.9
12:28:35,2249.9
12:28:36,2249.9
12:28:37,2249.9
12:28:38,2249.9
12:28:40,2249.9
12:28:41,2249.9
12:28:42,2249.9
12:28:43,2249.9
12:28:44,2249.9
12:28:45,2249.9
12:28:47,2249.9
12:28:48,2249.9
12:28:49,2249.9
12:28:50,2249.9
12:28:51,2249.9
12:28:52,2249.9
12:28:54,2249.9
12:28:55,2249.9
12:28:56,2249.9
12:28:57,2249.9
12:28:58,2249.9
12:29:00,2249.9
12:29:01,2249.5
12:29:02,2249.5
12:29:03,2249.5
12:29:04,2249.5
12:29:05,2249.5
12:29:07,2249.5
12:29:08,2249.5
12:29:09,2249.5
12:29:10,2249.5
12:29:11,2249.5
12:29:13,2249.5
12:29:14,2249.5
12:29:15,2249.5
12:29:17,2249.5
12:29:18,2249.5
12:29:19,2249.5
12:29:20,2249.5
12:29:21,2249.5
12:29:22,2249.5
12:29:24,2249.5
12:29:25,2249.5
12:29:26,2249.5
12:29:27,2249.5
12:29:28,2249.5
12:29:30,2249.5
12:29:31,2249.5
12:29:32,2249.5
12:29:33,2249.5
12:29:34,2249.5
12:29:35,2249.5
12:29:40,2249.5
12:29:43,2249.0
12:29:49,2249.0
12:29:50,2249.0
12:29:52,2249.0
12:29:53,2249.0
12:29:54,2249.0
12:29:55,2249.0
12:29:57,2249.0
12:29:58,2249.0
12:29:59,2249.0
12:30:00,2249.0
12:30:02,2249.0
12:30:03,2249.0
12:30:04,2249.0
12:30:05,2249.0
12:30:06,2249.0
12:30:08,2249.0
12:30:09,2249.0
12:30:29,2248.05
12:30:32,2248.05
12:30:34,2248.05
12:30:35,2248.05
12:30:36,2248.05
12:30:37,2248.05
12:30:38,2248.05
12:30:39,2248.05
12:30:41,2248.05
12:30:42,2248.05
12:30:43,2248.05
12:30:44,2248.05
12:30:45,2248.05
12:30:47,2248.05
12:30:48,2248.05
12:30:50,2248.05
12:30:51,2248.05
12:30:53,2248.05
12:30:55,2248.05
12:30:56,2248.45
12:31:01,2248.45
12:31:02,2248.45
12:31:04,2248.45
12:31:05,2248.45
12:31:07,2248.45
12:31:09,2248.45
12:31:11,2248.45
12:31:12,2248.45
12:31:13,2248.45
12:31:15,2248.45
12:31:16,2248.45
12:31:18,2248.45
12:31:19,2248.45
12:31:21,2248.45
12:31:23,2248.45
12:31:24,2248.85
12:31:26,2248.85
12:31:27,2248.85
12:31:29,2248.85
12:31:31,2248.85
12:31:32,2248.85
12:31:34,2248.85
12:31:36,2248.85
12:31:37,2248.85
12:31:39,2248.85
12:31:40,2248.85
12:31:42,2248.85
12:31:44,2248.85
12:31:48,2248.1
12:31:49,2248.1
12:31:50,2248.1
12:31:50,2248.1
12:31:51,2248.1
12:31:52,2248.1
12:31:53,2248.1
12:31:54,2248.1
12:31:54,2248.1
12:31:55,2248.1
12:31:56,2248.1
12:31:57,2248.1
12:31:58,2248.1
12:31:59,2248.1
12:31:59,2248.1
12:32:00,2248.1
12:32:01,2248.1
12:32:02,2248.1
12:32:03,2248.1
12:32:04,2248.1
12:32:05,2248.1
12:32:06,2248.1
12:32:07,2248.1
12:32:08,2248.1
12:32:08,2248.1
12:32:09,2248.1
12:32:10,2248.1
12:32:11,2248.1
12:32:12,2248.1
12:32:13,2248.1
12:32:14,2248.1
12:32:14,2248.1
12:32:15,2248.1
12:32:16,2248.1
12:32:17,2248.1
12:32:18,2248.1
12:32:19,2248.1
12:32:20,2248.1
12:32:21,2248.1
12:32:21,2248.1
12:32:22,2248.1
12:32:23,2248.1
12:32:24,2248.1
12:32:25,2248.1
12:32:26,2248.1
12:32:37,2248.1
12:32:38,2248.1
12:32:39,2248.1
12:32:40,2248.1
12:32:41,2248.1
12:32:42,2248.1
12:32:42,2248.1
12:32:43,2248.1
12:32:44,2248.1
12:32:45,2248.1
12:32:46,2248.1
12:32:47,2248.1
12:32:48,2248.1
12:32:49,2248.1
12:32:49,2248.1
12:32:50,2248.1
12:32:51,2248.1
12:32:52,2248.1
12:32:53,2248.1
12:32:54,2248.1
12:32:54,2248.1
12:32:55,2248.1
12:32:57,2248.1
12:32:57,2248.1
12:32:58,2248.1
12:32:59,2248.1
12:33:00,2248.1
12:33:01,2248.1
12:33:02,2248.1
12:33:03,2248.1
12:33:04,2247.3
12:33:05,2247.3
12:33:06,2247.3
12:33:07,2247.3
12:33:08,2247.3
12:33:08,2247.3
12:33:09,2247.3
12:33:10,2247.3
12:33:11,2247.3
12:33:12,2247.3
12:33:13,2247.3
12:33:14,2247.3
12:33:15,2247.3
12:33:16,2247.3
12:33:16,2247.3
12:33:17,2247.3
12:33:18,2247.3
12:33:19,2247.3
12:33:20,2247.3
12:33:21,2247.3
12:33:21,2247.3
12:33:22,2247.3
12:33:23,2247.3
12:33:24,2247.3
12:33:25,2247.3
12:33:25,2247.3
12:33:26,2247.3
12:33:27,2247.3
12:33:28,2247.3
12:33:29,2247.3
12:33:30,2247.3
12:33:30,2247.75
12:33:31,2247.75
12:33:32,2247.75
12:33:33,2247.75
12:33:34,2247.75
12:33:34,2247.75
12:33:35,2247.75
12:33:36,2247.75
12:33:37,2247.75
12:33:38,2247.75
12:33:39,2247.75
12:33:39,2247.75
12:33:40,2247.75
12:33:41,2247.75
12:33:42,2247.75
12:33:43,2247.75
12:33:44,2248.9
12:33:44,2248.9
12:33:45,2248.9
12:33:46,2248.9
12:33:47,2248.9
12:33:48,2248.9
12:33:48,2248.9
12:33:49,2248.9
12:33:50,2248.9
12:33:51,2248.9
12:33:52,2248.9
12:33:53,2248.9
12:33:54,2248.9
12:33:55,2248.9
12:33:56,2248.9
12:33:57,2248.9
12:33:58,2248.9
12:33:58,2248.9
12:33:59,2248.9
12:34:00,2248.9
12:34:01,2248.9
12:34:02,2248.9
12:34:03,2248.9
12:34:04,2248.9
12:34:04,2248.9
12:34:05,2248.9
12:34:06,2248.9
12:34:07,2248.9
12:34:08,2248.9
12:34:09,2248.9
12:34:10,2248.9
12:34:17,2248.9
12:34:18,2248.9
12:34:25,2248.9
12:34:47,2248.6
12:34:48,2248.6
12:34:49,2248.6
12:34:50,2248.6
12:34:50,2248.6
12:34:51,2248.6
12:34:52,2248.6
12:34:53,2248.6
12:34:54,2248.6
12:34:55,2248.6
12:34:55,2248.6
12:34:56,2248.6
12:34:57,2248.6
12:34:58,2248.6
12:34:59,2248.6
12:35:00,2248.6
12:35:00,2248.0
12:35:01,2248.0
12:35:02,2248.0
12:35:03,2248.0
12:35:04,2248.0
12:35:05,2248.0
12:35:05,2248.0
12:35:06,2248.0
12:35:07,2248.0
12:35:08,2248.0
12:35:09,2248.0
12:35:10,2248.0
12:35:10,2248.0
12:35:11,2248.0
12:35:12,2248.0
12:35:13,2248.0
12:35:14,2248.0
12:35:15,2248.0
12:35:15,2248.0
12:35:16,2248.0
12:35:17,2248.0
12:35:18,2248.0
12:35:19,2248.0
12:35:20,2248.0
12:35:21,2248.0
12:35:22,2248.0
12:35:23,2248.0
12:35:24,2248.0
12:35:24,2248.0
12:35:25,2248.0
12:35:26,2248.0
12:35:27,2247.1
12:35:28,2247.1
12:35:29,2247.1
12:35:29,2247.1
12:35:30,2247.1
12:35:31,2247.1
12:35:32,2247.1
12:35:33,2247.1
12:35:34,2247.1
12:35:34,2247.1
12:35:35,2247.1
12:35:36,2247.1
12:35:37,2247.1
12:35:38,2247.1
12:35:39,2247.1
12:35:39,2247.1
12:35:40,2247.1
12:35:41,2247.1
12:35:42,2247.1
12:35:43,2247.1
12:35:44,2247.1
12:35:44,2247.1
12:35:45,2247.1
12:35:46,2247.1
12:35:47,2247.1
12:35:48,2247.1
12:35:49,2247.1
12:35:50,2247.1
12:35:50,2247.1
12:35:51,2247.1
12:35:52,2247.1
12:35:53,2246.75
12:35:54,2246.75
12:35:55,2246.75
12:35:55,2246.75
12:35:56,2246.75
12:35:57,2246.75
12:35:58,2246.75
12:35:59,2246.75
12:36:00,2246.75
12:36:01,2246.75
12:36:01,2246.75
12:36:02,2246.75
12:36:03,2246.75
12:36:04,2246.75
12:36:05,2246.75
12:36:06,2246.75
12:36:07,2246.75
12:36:08,2246.75
12:36:08,2246.75
12:36:09,2246.75
12:36:10,2246.75
12:36:11,2246.75
12:36:12,2246.75
12:36:13,2246.75
12:36:14,2246.75
12:36:15,2246.75
12:36:15,2246.75
12:36:16,2246.75
12:36:17,2246.75
12:36:18,2246.75
12:36:19,2246.75
12:36:20,2246.75
12:36:20,2246.75
12:36:21,2246.75
12:36:22,2246.75
12:36:23,2246.75
12:36:24,2246.75
12:36:25,2246.75
12:36:25,2246.75
12:36:26,2246.75
12:36:27,2246.75
12:36:28,2246.75
12:36:29,2246.75
12:36:30,2246.75
12:36:31,2246.75
12:36:32,2246.6
12:36:32,2246.6
12:36:33,2246.6
12:36:34,2246.6
12:36:35,2246.6
12:36:36,2246.6
12:36:37,2246.6
12:36:38,2246.6
12:36:39,2246.6
12:36:39,2246.6
12:36:40,2246.6
12:36:41,2246.6
12:36:42,2246.6
12:36:43,2246.6
12:36:44,2246.6
12:36:44,2243.7
12:36:46,2243.7
12:36:50,2243.7
12:36:51,2243.7
12:36:52,2243.7
12:36:53,2243.7
12:36:54,2243.7
12:36:55,2243.7
12:36:56,2243.7
12:36:56,2243.7
12:36:57,2243.7
12:36:58,2243.7
12:36:59,2243.7
12:37:00,2243.7
12:37:06,2243.7
12:37:21,2244.5
12:37:26,2244.5
12:37:35,2244.5
12:37:35,2244.5
12:37:36,2244.5
12:37:37,2244.5
12:37:38,2244.5
12:37:39,2244.5
12:37:40,2244.5
12:37:41,2244.5
12:37:41,2244.5
12:37:42,2244.5
12:37:43,2244.5
12:37:44,2244.5
12:37:45,2244.5
12:37:46,2244.5
12:37:46,2244.5
12:37:47,2244.5
12:37:48,2244.5
12:37:49,2244.0
12:37:50,2244.0
12:37:51,2244.0
12:37:52,2244.0
12:37:53,2244.0
12:37:53,2244.0
12:37:54,2244.0
12:37:55,2244.0
12:37:56,2244.0
12:37:57,2244.0
12:37:58,2244.0
12:37:58,2244.0
12:37:59,2244.0
12:38:00,2244.0
12:38:01,2244.0
12:38:02,2244.0
12:38:03,2244.0
12:38:04,2244.0
12:38:04,2244.0
12:38:05,2244.0
12:38:06,2244.0
12:38:07,2244.0
12:38:08,2244.0
12:38:09,2244.0
12:38:09,2244.0
12:38:10,2244.0
12:38:11,2244.0
12:38:12,2244.0
12:38:13,2244.0
12:38:14,2244.0
12:38:14,2244.0
12:38:15,2244.3
12:38:16,2244.3
12:38:17,2244.3
12:38:18,2244.3
12:38:19,2244.3
12:38:19,2244.3
12:38:20,2244.3
12:38:21,2244.3
12:38:22,2244.3
12:38:23,2244.3
12:38:24,2244.3
12:38:24,2244.3
12:38:25,2244.3
12:38:26,2244.3
12:38:27,2244.3
12:38:28,2244.3
12:38:29,2244.3
12:38:30,2244.3
12:38:31,2244.3
12:38:32,2244.3
12:38:32,2244.3
12:38:33,2244.3
12:38:34,2244.3
12:38:35,2244.3
12:38:36,2244.3
12:38:37,2244.3
12:38:38,2244.3
12:38:39,2244.3
12:38:40,2244.3
12:38:41,2244.3
12:38:42,2244.25
12:38:42,2244.25
12:38:43,2244.25
12:38:44,2244.25
12:38:45,2244.25
12:38:46,2244.25
12:38:47,2244.25
12:38:47,2244.25
12:38:48,2244.25
12:38:49,2244.25
12:38:50,2244.25
12:38:51,2244.25
12:38:52,2244.25
12:38:53,2244.25
12:38:53,2244.25
12:38:54,2244.25
12:38:55,2244.25
12:38:56,2244.25
12:38:57,2244.25
12:38:57,2244.25
12:38:58,2244.25
12:38:59,2244.25
12:39:00,2244.25
12:39:01,2244.25
12:39:01,2244.25
12:39:02,2244.25
12:39:03,2244.25
12:39:04,2244.25
12:39:05,2244.25
12:39:06,2244.25
12:39:07,2244.25
12:39:08,2244.25
12:39:09,2244.25
12:39:09,2244.25
12:39:10,2244.25
12:39:11,2244.25
12:39:12,2244.25
12:39:13,2244.25
12:39:14,2244.25
12:39:15,2244.25
12:39:16,2244.25
12:39:17,2244.25
12:39:17,2244.25
12:39:18,2244.25
12:39:19,2244.25
12:39:20,2244.25
12:39:21,2244.35
12:39:22,2244.35
12:39:23,2244.35
12:39:24,2244.35
12:39:25,2244.35
12:39:26,2244.35
12:39:27,2244.35
12:39:28,2244.35
12:39:29,2244.35
12:39:30,2244.35
12:39:31,2244.35
12:39:32,2244.35
12:39:32,2244.35
12:39:33,2244.35
12:39:34,2244.35
12:39:35,2244.35
12:39:36,2244.35
12:39:37,2244.35
12:39:38,2244.35
12:39:39,2244.35
12:39:39,2244.35
12:39:40,2244.35
12:39:41,2244.35
12:39:42,2244.35
12:39:43,2244.35
12:39:44,2244.35
12:39:44,2244.35
12:39:45,2244.35
12:39:46,2244.35
12:39:47,2244.35
12:39:53,2244.25
12:40:13,2244.25
12:40:15,2244.25
12:40:16,2244.25
12:40:17,2244.25
12:40:17,2244.25
12:40:18,2244.25
12:40:19,2244.25
12:40:20,2244.25
12:40:21,2244.25
12:40:22,2244.25
12:40:22,2244.25
12:40:23,2244.25
12:40:25,2244.25
12:40:25,2244.25
12:40:26,2244.25
12:40:27,2244.25
12:40:28,2244.25
12:40:29,2244.25
12:40:30,2244.25
12:40:31,2244.25
12:40:32,2244.25
12:40:33,2244.25
12:40:34,2244.25
12:40:35,2244.25
12:40:35,2244.25
12:40:36,2244.25
12:40:41,2244.25
12:40:42,2244.25
12:40:46,2245.0
12:40:47,2245.0
12:40:48,2245.0
12:40:50,2245.0
12:40:51,2245.0
12:40:52,2245.0
12:40:53,2245.0
12:40:53,2245.0
12:40:54,2245.0
12:40:55,2245.0
12:40:56,2245.0
12:40:57,2245.0
12:40:58,2245.0
12:40:58,2245.0
12:40:59,2245.0
12:41:00,2245.0
12:41:01,2245.0
12:41:02,2245.0
12:41:03,2245.0
12:41:03,2245.0
12:41:04,2245.0
12:41:05,2245.0
12:41:06,2245.0
12:41:07,2245.0
12:41:08,2245.0
12:41:08,2245.0
12:41:09,2245.0
12:41:10,2245.0
12:41:11,2245.0
12:41:12,2245.0
12:41:13,2245.0
12:41:13,2245.0
12:41:14,2245.0
12:41:15,2245.0
12:41:16,2245.0
12:41:17,2245.0
12:41:18,2245.0
12:41:19,2245.0
12:41:19,2245.0
12:41:20,2245.0
12:41:21,2245.0
12:41:22,2245.0
12:41:23,2245.0
12:41:23,2245.0
12:41:24,2245.0
12:41:25,2245.0
12:41:26,2245.0
12:41:27,2245.35
12:41:28,2245.35
12:41:28,2245.35
12:41:29,2245.35
12:41:33,2245.35
12:41:36,2245.35
12:41:38,2245.35
12:41:39,2245.35
12:41:40,2245.35
12:41:41,2245.35
12:41:42,2245.35
12:41:44,2245.35
12:41:45,2245.35
12:41:47,2245.35
12:41:48,2244.3
12:41:49,2244.3
12:41:51,2244.3
12:41:52,2244.3
12:41:53,2244.3
12:41:54,2244.3
12:41:55,2244.3
12:41:57,2244.3
12:41:58,2244.3
12:41:59,2244.3
12:42:00,2244.3
12:42:01,2244.3
12:42:02,2244.3
12:42:04,2244.3
12:42:05,2244.3
12:42:06,2244.3
12:42:07,2244.3
12:42:09,2244.3
12:42:10,2244.3
12:42:11,2244.3
12:42:12,2244.3
12:42:13,2244.3
12:42:14,2244.6
12:42:16,2244.6
12:42:17,2244.6
12:42:19,2244.6
12:42:20,2244.6
12:42:21,2244.6
12:42:22,2244.6
12:42:23,2244.6
12:42:24,2244.6
12:42:26,2244.6
12:42:27,2244.25
12:42:28,2244.25
12:42:29,2244.25
12:42:30,2244.25
12:42:32,2244.25
12:42:33,2244.25
12:42:34,2244.25
12:42:35,2244.25
12:42:36,2244.25
12:42:37,2244.25
12:42:39,2244.25
12:42:42,2244.25
12:42:44,2244.25
12:42:45,2244.25
12:42:46,2244.25
12:42:47,2244.25
12:42:48,2244.25
12:42:49,2244.25
12:42:51,2244.25
12:42:52,2244.25
12:42:53,2244.25
12:42:54,2244.25
12:42:55,2244.25
12:42:56,2244.25
12:42:58,2244.25
12:42:59,2244.25
12:43:00,2244.25
12:43:01,2244.25
12:43:02,2244.25
12:43:04,2244.25
12:43:05,2244.25
12:43:06,2244.25
12:43:07,2244.25
12:43:08,2244.25
12:43:10,2244.3
12:43:11,2244.3
12:43:13,2244.3
12:43:14,2244.3
12:43:15,2244.3
12:43:16,2244.3
12:43:17,2244.3
12:43:18,2244.3
12:43:20,2244.3
12:43:21,2244.3
12:43:22,2244.3
12:43:23,2245.15
12:43:25,2245.15
12:43:26,2245.15
12:43:28,2245.15
12:43:29,2245.15
12:43:31,2245.15
12:43:33,2245.15
12:43:34,2245.15
12:43:35,2245.15
12:43:37,2245.15
12:43:38,2245.15
12:43:44,2245.15
12:43:45,2245.15
12:43:47,2245.15
12:43:48,2245.15
12:43:50,2245.15
12:43:51,2245.1
12:43:53,2245.1
12:43:54,2245.1
12:43:56,2245.1
12:43:57,2245.1
12:43:59,2245.1
12:44:00,2245.1
12:44:02,2245.1
12:44:04,2245.1
12:44:05,2245.1
12:44:07,2245.1
12:44:08,2245.1
12:44:10,2245.1
12:44:11,2245.1
12:44:13,2245.1
12:44:14,2245.1
12:44:15,2245.1
12:44:17,2245.1
12:44:20,2244.8
12:44:21,2244.8
12:44:22,2244.8
12:44:24,2244.8
12:44:25,2244.8
12:44:26,2244.8
12:44:28,2244.8
12:44:29,2244.8
12:44:31,2244.8
12:44:32,2244.8
12:44:35,2244.8
12:44:36,2244.8
12:44:38,2244.8
12:44:39,2244.8
12:44:41,2244.8
12:44:43,2244.8
12:44:46,2244.25
12:44:48,2244.25
12:44:50,2244.25
12:44:52,2244.25
12:44:55,2244.25
12:44:57,2244.25
12:44:58,2244.25
12:44:59,2244.25
12:45:00,2244.25
12:45:02,2244.25
12:45:03,2244.25
12:45:04,2244.25
12:45:05,2244.25
12:45:06,2244.25
12:45:07,2244.25
12:45:09,2244.25
12:45:10,2244.25
12:45:13,2244.25
12:45:15,2244.25
12:45:16,2244.25
12:45:17,2244.25
12:45:18,2244.25
12:45:19,2244.25
12:45:29,2244.05
12:45:32,2244.05
12:45:33,2244.05
12:45:34,2244.05
12:45:36,2244.05
12:45:37,2244.05
12:45:38,2244.05
12:45:39,2244.05
12:45:41,2244.05
12:45:42,2244.05
12:45:44,2244.05
12:45:45,2244.05
12:45:46,2244.05
12:45:48,2244.05
12:45:49,2244.05
12:45:50,2244.05
12:45:51,2244.05
12:45:52,2244.05
12:45:54,2244.05
12:45:55,2244.05
12:45:56,2244.05
12:45:58,2244.05
12:45:59,2244.05
12:46:00,2244.05
12:46:01,2244.05
12:46:03,2244.05
12:46:04,2244.05
12:46:05,2244.05
12:46:06,2244.05
12:46:07,2244.05
12:46:09,2244.05
12:46:10,2244.05
12:46:11,2244.05
12:46:12,2244.05
12:46:14,2244.05
12:46:15,2244.05
12:46:16,2244.05
12:46:17,2244.05
12:46:18,2244.05
12:46:20,2244.05
12:46:21,2244.05
12:46:22,2244.05
12:46:24,2244.05
12:46:25,2244.05
12:46:26,2244.05
12:46:29,2244.05
12:46:30,2244.05
12:46:31,2244.05
12:46:32,2244.05
12:46:33,2244.05
12:46:35,2244.05
12:46:36,2244.05
12:46:37,2244.05
12:46:38,2244.05
12:46:42,2244.7
12:46:50,2244.7
12:46:51,2244.7
12:46:52,2244.7
12:46:53,2244.7
12:46:53,2244.7
12:46:54,2244.7
12:46:55,2244.7
12:46:56,2244.7
12:46:57,2244.7
12:46:58,2244.7
12:46:59,2244.7
12:46:59,2244.7
12:47:00,2244.7
12:47:01,2244.7
12:47:02,2244.7
12:47:03,2244.7
12:47:04,2244.7
12:47:05,2244.4
12:47:06,2244.4
12:47:06,2244.4
12:47:07,2244.4
12:47:08,2244.4
12:47:09,2244.4
12:47:10,2244.4
12:47:11,2244.4
12:47:12,2244.4
12:47:12,2244.4
12:47:13,2244.4
12:47:34,2244.4
12:47:55,2244.4
12:48:11,2244.05
12:48:12,2244.05
12:48:13,2244.05
12:48:14,2244.05
12:48:15,2244.05
12:48:16,2244.05
12:48:17,2244.05
12:48:17,2244.05
12:48:18,2244.05
12:48:19,2244.05
12:48:20,2244.05
12:48:21,2244.05
12:48:22,2244.05
12:48:22,2244.05
12:48:23,2244.05
12:48:24,2244.05
12:48:25,2244.05
12:48:27,2244.05
12:48:27,2244.05
12:48:29,2244.05
12:48:30,2244.05
12:48:31,2244.05
12:48:32,2244.05
12:48:33,2244.05
12:48:33,2244.05
12:48:35,2244.05
12:48:36,2244.05
12:48:36,2244.05
12:48:38,2244.05
12:48:39,2245.05
12:48:40,2245.05
12:48:42,2245.05
12:48:43,2245.05
12:48:44,2245.05
12:48:45,2245.05
12:48:46,2245.05
12:48:47,2245.05
12:48:47,2245.05
12:48:48,2245.05
12:48:49,2245.05
12:48:50,2245.05
12:48:51,2245.05
12:48:52,2244.5
12:48:52,2244.5
12:48:53,2244.5
12:48:54,2244.5
12:48:55,2244.5
12:48:56,2244.5
12:48:57,2244.5
12:48:58,2244.5
12:48:58,2244.5
12:48:59,2244.5
12:49:00,2244.5
12:49:01,2244.5
12:49:02,2244.5
12:49:03,2244.5
12:49:03,2244.5
12:49:04,2244.5
12:49:05,2244.5
12:49:09,2244.5
12:49:10,2244.5
12:49:11,2244.5
12:49:12,2244.5
12:49:13,2244.5
12:49:14,2244.5
12:49:15,2244.5
12:49:16,2244.5
12:49:16,2244.5
12:49:17,2244.5
12:49:18,2244.5
12:49:19,2244.5
12:49:20,2244.5
12:49:21,2244.5
12:49:22,2244.5
12:49:23,2244.5
12:49:24,2244.5
12:49:24,2244.5
12:49:25,2244.5
12:49:26,2244.5
12:49:27,2244.5
12:49:28,2244.5
12:49:29,2244.5
12:49:29,2244.5
12:49:30,2244.5
12:49:31,2244.5
12:49:32,2244.5
12:49:33,2244.5
12:49:34,2244.5
12:49:34,2244.5
12:49:35,2244.5
12:49:36,2244.5
12:49:37,2244.5
12:49:38,2244.5
12:49:39,2244.5
12:49:39,2244.5
12:49:40,2244.5
12:49:41,2244.5
12:49:42,2244.5
12:49:43,2244.5
12:49:44,2244.5
12:49:44,2244.5
12:49:45,2244.5
12:49:46,2244.5
12:49:47,2244.5
12:49:48,2244.5
12:49:48,2244.5
12:49:49,2244.5
12:49:50,2244.5
12:49:51,2244.5
12:49:52,2244.5
12:49:53,2244.5
12:49:54,2244.5
12:49:55,2244.5
12:49:55,2244.5
12:49:56,2244.5
12:49:57,2244.5
12:49:58,2244.5
12:50:11,2244.85
12:50:14,2244.85
12:50:15,2244.85
12:50:26,2244.85
12:50:53,2244.7
12:50:59,2244.7
12:50:59,2244.7
12:51:00,2244.7
12:51:01,2244.7
12:51:02,2244.7
12:51:03,2244.7
12:51:04,2244.7
12:51:05,2244.7
12:51:05,2244.7
12:51:06,2244.7
12:51:07,2244.1
12:51:08,2244.1
12:51:09,2244.1
12:51:10,2244.1
12:51:11,2244.1
12:51:12,2244.1
12:51:13,2244.1
12:51:13,2244.1
12:51:14,2244.1
12:51:15,2244.1
12:51:16,2244.1
12:51:17,2244.1
12:51:18,2244.1
12:51:19,2244.1
12:51:19,2244.15
12:51:20,2244.15
12:51:21,2244.15
12:51:22,2244.15
12:51:23,2244.15
12:51:24,2244.15
12:51:25,2244.15
12:51:26,2244.15
12:51:27,2244.15
12:51:27,2244.15
12:51:28,2244.15
12:51:29,2244.15
12:51:30,2244.15
12:51:31,2244.15
12:51:32,2244.15
12:51:33,2244.15
12:51:34,2244.15
12:51:35,2244.15
12:51:36,2244.15
12:51:36,2244.15
12:51:37,2244.15
12:51:38,2244.15
12:51:39,2244.15
12:51:40,2244.15
12:51:41,2244.15
12:51:42,2244.15
12:51:43,2244.15
12:51:43,2244.15
12:51:44,2244.15
12:51:45,2244.15
12:51:46,2244.75
12:51:47,2244.75
12:51:48,2244.75
12:51:58,2244.75
12:52:00,2244.75
12:52:01,2244.75
12:52:02,2244.75
12:52:03,2244.75
12:52:04,2244.75
12:52:06,2244.75
12:52:07,2244.75
12:52:08,2244.75
12:52:09,2244.75
12:52:10,2244.75
12:52:12,2244.75
12:52:13,2244.75
12:52:15,2244.75
12:52:16,2244.75
12:52:17,2244.75
12:52:18,2244.75
12:52:19,2244.75
12:52:21,2244.75
12:52:22,2244.75
12:52:23,2244.75
12:52:24,2244.75
12:52:29,2244.4
12:52:31,2244.4
12:52:32,2244.4
12:52:33,2244.4
12:52:34,2244.4
12:52:35,2244.4
12:52:37,2244.4
12:52:38,2244.4
12:52:39,2244.4
12:52:40,2244.4
12:52:41,2244.4
12:52:43,2244.4
12:52:45,2244.4
12:52:46,2244.4
12:52:48,2244.4
12:52:50,2244.4
12:52:51,2244.4
12:52:52,2244.4
12:52:54,2244.4
12:52:55,2244.4
12:52:56,2244.4
12:52:57,2244.8
12:52:59,2244.8
12:53:00,2244.8
12:53:01,2244.8
12:53:02,2244.8
12:53:04,2244.8
12:53:06,2244.8
12:53:07,2244.8
12:53:08,2244.8
12:53:09,2244.8
12:53:10,2244.65
12:53:11,2244.65
12:53:13,2244.65
12:53:14,2244.65
12:53:15,2244.65
12:53:31,2244.65
12:53:33,2244.65
12:53:35,2244.65
12:53:36,2244.65
12:53:37,2244.65
12:53:38,2244.65
12:53:39,2244.65
12:53:40,2244.65
12:53:42,2244.65
12:53:43,2244.65
12:53:44,2244.65
12:53:45,2245.1
12:53:46,2245.1
12:53:47,2245.1
12:53:49,2245.1
12:53:50,2245.1
12:53:52,2245.1
12:53:53,2245.1
12:53:54,2245.1
12:53:55,2245.1
12:53:57,2245.1
12:53:58,2245.1
12:53:59,2245.1
12:54:00,2245.1
12:54:02,2245.1
12:54:03,2245.1
12:54:05,2245.1
12:54:06,2245.1
12:54:08,2245.1
12:54:09,2245.1
12:54:10,2245.1
12:54:11,2245.1
12:54:13,2245.1
12:54:14,2245.1
12:54:15,2245.1
12:54:16,2245.1
12:54:17,2245.1
12:54:18,2245.1
12:54:20,2245.1
12:54:21,2245.1
12:54:22,2245.1
12:54:24,2245.1
12:54:25,2245.1
12:54:26,2245.1
12:54:28,2245.1
12:54:29,2245.1
12:54:31,2245.1
12:54:32,2245.1
12:54:34,2245.1
12:54:35,2245.1
12:54:36,2245.1
12:54:38,2245.1
12:54:39,2244.5
12:54:40,2244.5
12:54:41,2244.5
12:54:42,2244.5
12:54:43,2244.5
12:54:44,2244.5
12:54:46,2244.5
12:54:47,2244.5
12:54:48,2244.5
12:54:49,2244.5
12:54:51,2244.5
12:54:52,2244.5
12:54:53,2244.5
12:54:54,2244.5
12:54:55,2244.5
12:54:57,2244.5
12:54:58,2244.5
12:54:59,2244.5
12:55:00,2244.5
12:55:01,2244.5
12:55:03,2244.5
12:55:04,2244.5
12:55:05,2244.5
12:55:06,2244.5
12:55:08,2244.5
12:55:09,2244.5
12:55:10,2244.5
12:55:11,2244.5
12:55:12,2244.5
12:55:14,2244.5
12:55:15,2244.5
12:55:16,2244.5
12:55:17,2244.5
12:55:18,2243.0
12:55:20,2243.0
12:55:21,2243.0
12:55:22,2243.0
12:55:24,2243.0
12:55:25,2243.0
12:55:26,2243.0
12:55:27,2243.0
12:55:28,2243.0
12:55:29,2243.0
12:55:31,2243.0
12:55:32,2243.0
12:55:33,2243.0
12:55:34,2243.0
12:55:36,2243.0
12:55:37,2243.0
12:55:38,2243.0
12:55:39,2243.0
12:55:40,2243.0
12:55:42,2243.0
12:55:43,2243.0
12:55:44,2243.0
12:55:45,2243.0
12:55:47,2243.0
12:55:49,2243.0
12:55:50,2243.0
12:55:51,2243.0
12:55:52,2243.0
12:55:54,2243.0
12:55:55,2243.0
12:55:56,2243.0
12:55:58,2243.0
12:55:59,2241.0
12:56:00,2241.0
12:56:01,2241.0
12:56:02,2241.0
12:56:03,2241.0
12:56:05,2241.0
12:56:06,2241.0
12:56:07,2241.0
12:56:08,2241.0
12:56:10,2241.0
12:56:11,2241.0
12:56:12,2241.0
12:56:13,2241.0
12:56:14,2241.0
12:56:16,2241.0
12:56:17,2241.0
12:56:18,2241.0
12:56:19,2241.0
12:56:20,2241.0
12:56:22,2241.0
12:56:23,2241.0
12:56:24,2241.0
12:56:25,2242.55
12:56:26,2242.55
12:56:28,2242.55
12:56:29,2242.55
12:56:30,2242.55
12:56:31,2242.55
12:56:33,2242.55
12:56:34,2242.55
12:56:35,2242.55
12:56:36,2242.55
12:56:38,2242.55
12:56:39,2242.55
12:56:41,2242.55
12:56:42,2242.55
12:56:43,2242.55
12:56:44,2242.55
12:56:46,2242.55
12:56:47,2242.55
12:56:48,2242.55
12:56:51,2242.55
12:56:52,2242.55
12:56:53,2239.95
12:56:54,2239.95
12:56:56,2239.95
12:56:57,2239.95
12:56:58,2239.95
12:56:59,2239.95
12:57:00,2239.95
12:57:02,2239.95
12:57:03,2239.95
12:57:04,2239.95
12:57:05,2239.95
12:57:07,2239.95
12:57:08,2239.95
12:57:10,2239.95
12:57:11,2239.95
12:57:13,2239.95
12:57:14,2239.95
12:57:15,2239.95
12:57:16,2239.95
12:57:17,2239.95
12:57:18,2239.95
12:57:19,2239.95
12:57:21,2240.8
12:57:22,2240.8
12:57:23,2240.8
12:57:24,2240.8
12:57:25,2240.8
12:57:26,2240.8
12:57:28,2240.8
12:57:29,2240.8
12:57:30,2240.8
12:57:31,2240.8
12:57:32,2240.8
12:57:33,2240.8
12:57:35,2240.8
12:57:36,2240.8
12:57:37,2240.8
12:57:38,2240.8
12:57:39,2240.8
12:57:40,2240.8
12:57:42,2240.8
12:57:43,2240.8
12:57:44,2240.8
12:57:45,2240.8
12:57:46,2240.8
12:57:47,2239.95
12:57:49,2239.95
12:57:50,2239.95
12:57:51,2239.95
12:57:52,2239.95
12:57:53,2239.95
12:57:55,2239.95
12:57:56,2239.95
12:57:58,2239.95
12:57:59,2239.95
12:58:00,2239.95
12:58:01,2239.95
12:58:16,2239.95
12:58:19,2239.95
12:58:21,2239.95
12:58:22,2239.95
12:58:23,2239.95
12:58:24,2239.95
12:58:25,2239.95
12:58:26,2239.95
12:58:27,2239.95
12:58:29,2239.95
12:58:30,2240.4
12:58:31,2240.4
12:58:32,2240.4
12:58:33,2240.4
12:58:34,2240.4
12:58:36,2240.4
12:58:37,2240.4
12:58:38,2240.4
12:58:39,2240.4
12:58:40,2240.4
12:58:41,2240.4
12:58:43,2240.4
12:58:44,2240.4
12:58:45,2240.4
12:58:46,2240.4
12:58:47,2240.4
12:58:48,2240.4
12:58:49,2240.4
12:58:51,2240.4
12:58:52,2240.4
12:58:53,2240.4
12:58:54,2240.4
12:58:55,2240.4
12:58:56,2240.4
12:58:58,2240.8
12:58:59,2240.8
12:59:00,2240.8
12:59:01,2240.8
12:59:02,2240.8
12:59:04,2240.8
12:59:05,2240.8
12:59:06,2240.8
12:59:07,2240.8
12:59:09,2240.8
12:59:10,2240.8
12:59:11,2240.8
12:59:12,2240.8
12:59:13,2240.8
12:59:14,2240.8
12:59:15,2240.8
12:59:17,2240.8
12:59:18,2240.8
12:59:19,2240.8
12:59:20,2240.8
12:59:21,2240.8
12:59:22,2240.8
12:59:24,2239.95
12:59:25,2239.95
12:59:26,2239.95
12:59:27,2239.95
12:59:28,2239.95
12:59:30,2239.95
12:59:31,2239.95
12:59:32,2239.95
12:59:33,2239.95
12:59:34,2239.95
12:59:35,2239.95
12:59:36,2239.95
12:59:38,2239.95
12:59:39,2239.95
12:59:40,2239.95
12:59:41,2239.95
12:59:42,2239.95
12:59:43,2239.95
12:59:45,2239.95
12:59:46,2239.95
12:59:47,2239.95
12:59:49,2239.95
12:59:50,2239.95
12:59:51,2239.95
12:59:52,2239.95
12:59:53,2239.95
12:59:54,2239.95
12:59:55,2239.95
12:59:57,2239.95
12:59:58,2239.95
12:59:59,2239.95
13:00:00,2239.95
13:00:01,2239.95
13:00:03,2239.95
13:00:04,2240.0
13:00:05,2240.0
13:00:07,2240.0
13:00:08,2240.0
13:00:10,2240.0
13:00:15,2240.0
13:00:16,2240.0
13:00:19,2240.0
13:00:20,2240.0
13:00:21,2240.0
13:00:23,2240.0
13:00:24,2240.0
13:00:25,2240.0
13:00:26,2240.0
13:00:27,2240.0
13:00:28,2240.0
13:00:30,2240.0
13:00:31,2240.0
13:00:32,2240.0
13:00:34,2240.0
13:00:35,2240.0
13:00:36,2240.0
13:00:37,2240.0
13:00:38,2240.0
13:00:40,2240.0
13:00:41,2240.0
13:00:42,2240.0
13:00:43,2240.0
13:00:44,2240.0
13:00:45,2240.0
13:00:47,2240.0
13:00:48,2240.15
13:00:49,2240.15
13:00:50,2240.15
13:00:52,2240.15
13:00:53,2240.15
13:00:55,2240.15
13:00:56,2240.15
13:00:58,2240.15
13:00:59,2240.15
13:01:00,2240.15
13:01:01,2241.0
13:01:02,2241.0
13:01:04,2241.0
13:01:05,2241.0
13:01:06,2241.0
13:01:07,2241.0
13:01:08,2241.0
13:01:09,2241.0
13:01:11,2241.0
13:01:12,2241.0
13:01:13,2241.0
13:01:14,2241.0
13:01:16,2241.0
13:01:17,2241.0
13:01:18,2241.0
13:01:20,2241.0
13:01:21,2241.0
13:01:22,2241.0
13:01:23,2241.0
13:01:24,2241.0
13:01:25,2241.0
13:01:27,2241.0
13:01:28,2241.15
13:01:29,2241.15
13:01:30,2241.15
13:01:32,2241.15
13:01:33,2241.15
13:01:34,2241.15
13:01:35,2241.15
13:01:36,2241.15
13:01:37,2241.15
13:01:38,2241.15
13:01:40,2241.15
13:01:41,2241.15
13:01:42,2241.15
13:01:43,2241.15
13:01:44,2241.15
13:01:46,2241.15
13:01:47,2241.15
13:01:48,2241.15
13:01:49,2241.15
13:01:53,2241.6
13:01:54,2241.6
13:01:55,2241.6
13:01:56,2241.6
13:01:57,2241.6
13:01:58,2241.6
13:01:59,2241.6
13:02:00,2241.6
13:02:01,2241.6
13:02:02,2241.6
13:02:03,2241.6
13:02:04,2241.6
13:02:05,2241.6
13:02:06,2241.6
13:02:07,2241.6
13:02:08,2241.6
13:02:09,2241.6
13:02:10,2241.6
13:02:11,2241.6
13:02:12,2241.6
13:02:13,2241.6
13:02:13,2241.6
13:02:14,2241.6
13:02:15,2241.6
13:02:16,2241.6
13:02:17,2241.6
13:02:18,2241.6
13:02:19,2241.6
13:02:38,2241.2
13:02:58,2241.95
13:03:00,2241.95
13:03:01,2241.95
13:03:02,2241.95
13:03:03,2241.95
13:03:04,2241.95
13:03:04,2241.95
13:03:06,2241.95
13:03:06,2241.95
13:03:07,2241.95
13:03:08,2241.95
13:03:24,2242.2
13:03:26,2242.2
13:03:27,2242.2
13:03:28,2242.2
13:03:29,2242.2
13:03:29,2242.2
13:03:30,2242.2
13:03:31,2242.2
13:03:32,2242.2
13:03:33,2242.2
13:03:34,2242.2
13:03:35,2242.2
13:03:36,2242.2
13:03:36,2242.2
13:03:37,2242.2
13:03:38,2242.2
13:03:39,2242.2
13:03:40,2242.2
13:03:41,2242.2
13:03:42,2242.2
13:03:43,2242.2
13:03:44,2242.2
13:03:45,2242.2
13:03:46,2242.2
13:03:47,2242.2
13:03:48,2242.2
13:03:49,2242.2
13:03:50,2242.2
13:03:51,2242.2
13:03:51,2242.2
13:03:52,2242.2
13:03:53,2242.2
13:03:54,2242.2
13:03:55,2242.2
13:03:56,2242.2
13:03:57,2242.2
13:03:58,2242.2
13:03:58,2242.2
13:03:59,2242.2
13:04:00,2242.2
13:04:01,2242.2
13:04:02,2242.2
13:04:03,2242.2
13:04:04,2241.75
13:04:05,2241.75
13:04:06,2241.75
13:04:06,2241.75
13:04:07,2241.75
13:04:08,2241.75
13:04:09,2241.75
13:04:10,2241.75
13:04:11,2241.75
13:04:12,2241.75
13:04:13,2241.75
13:04:14,2241.75
13:04:15,2241.75
13:04:16,2241.75
13:04:17,2241.75
13:04:17,2241.75
13:04:18,2241.75
13:04:19,2241.75
13:04:20,2241.75
13:04:21,2241.75
13:04:22,2241.75
13:04:23,2241.75
13:04:24,2241.75
13:04:25,2241.75
13:04:25,2241.75
13:04:26,2241.75
13:04:27,2241.75
13:04:28,2241.75
13:04:30,2241.75
13:04:31,2241.5
13:04:31,2241.5
13:04:32,2241.5
13:04:33,2241.5
13:04:34,2241.5
13:04:35,2241.5
13:04:36,2241.5
13:04:37,2241.5
13:04:38,2241.5
13:04:39,2241.5
13:04:40,2241.5
13:04:41,2241.5
13:04:42,2241.5
13:04:43,2241.5
13:04:43,2241.5
13:04:44,2241.5
13:04:45,2241.5
13:04:50,2241.5
13:04:51,2241.5
13:04:52,2241.5
13:04:53,2241.5
13:04:53,2241.5
13:04:54,2241.5
13:04:55,2241.5
13:04:56,2241.5
13:04:57,2241.5
13:05:03,2241.5
13:05:04,2241.5
13:05:13,2241.5
13:05:20,2241.4
13:05:21,2241.4
13:05:22,2241.4
13:05:23,2241.4
13:05:24,2241.4
13:05:25,2241.4
13:05:26,2241.4
13:05:27,2241.4
13:05:28,2241.4
13:05:29,2241.4
13:05:31,2241.4
13:05:32,2241.4
13:05:33,2241.4
13:05:33,2241.4
13:05:34,2241.4
13:05:35,2241.4
13:05:37,2241.4
13:05:38,2241.4
13:05:39,2241.4
13:05:39,2241.4
13:05:40,2241.4
13:05:41,2241.4
13:05:42,2241.4
13:05:43,2241.4
13:05:44,2241.4
13:05:45,2241.4
13:05:46,2241.4
13:05:50,2241.4
13:05:51,2241.4
13:05:52,2241.4
13:05:53,2241.4
13:05:53,2241.4
13:05:54,2241.4
13:05:56,2241.45
13:05:57,2241.4
13:05:58,2241.4
13:05:58,2241.4
13:05:59,2241.4
13:06:00,2241.4
13:06:01,2241.4
13:06:02,2241.4
13:06:03,2241.4
13:06:04,2241.4
13:06:05,2241.4
13:06:06,2241.4
13:06:07,2241.4
13:06:08,2241.4
13:06:09,2241.4
13:06:10,2241.45
13:06:11,2241.45
13:06:13,2241.45
13:06:14,2241.45
13:06:15,2241.45
13:06:16,2241.45
13:06:17,2241.45
13:06:18,2241.45
13:06:19,2241.45
13:06:20,2241.45
13:06:21,2241.45
13:06:22,2241.45
13:06:23,2241.9
13:06:24,2241.9
13:06:25,2241.9
13:06:26,2241.9
13:06:27,2241.9
13:06:28,2241.9
13:06:29,2241.9
13:06:30,2241.9
13:06:32,2241.9
13:06:33,2241.9
13:06:34,2241.9
13:06:35,2241.9
13:06:36,2241.9
13:06:37,2241.9
13:06:38,2241.9
13:06:39,2241.9
13:06:40,2241.9
13:06:41,2241.9
13:06:41,2241.9
13:06:42,2241.9
13:06:43,2241.9
13:06:44,2241.9
13:06:45,2241.9
13:06:46,2241.9
13:06:47,2241.9
13:06:48,2241.9
13:06:49,2241.9
13:06:50,2241.9
13:06:52,2241.9
13:06:53,2241.9
13:06:54,2241.9
13:06:54,2241.9
13:06:55,2241.9
13:06:57,2241.9
13:06:58,2241.9
13:06:59,2241.9
13:07:00,2241.9
13:07:01,2241.9
13:07:02,2241.9
13:07:03,2241.9
13:07:04,2241.0
13:07:05,2241.0
13:07:05,2241.0
13:07:06,2241.0
13:07:07,2241.0
13:07:08,2241.0
13:07:09,2241.0
13:07:10,2241.0
13:07:11,2241.0
13:07:12,2241.0
13:07:12,2241.0
13:07:13,2241.0
13:07:14,2241.0
13:07:15,2241.0
13:07:16,2241.0
13:07:17,2241.0
13:07:18,2241.0
13:07:19,2241.0
13:07:20,2241.0
13:07:20,2241.0
13:07:21,2241.0
13:07:22,2241.0
13:07:23,2241.0
13:07:24,2241.0
13:07:25,2241.0
13:07:26,2241.0
13:07:27,2241.0
13:07:27,2241.0
13:07:28,2241.0
13:07:29,2241.0
13:07:30,2241.2
13:07:31,2241.2
13:07:32,2241.2
13:07:33,2241.2
13:07:34,2241.2
13:07:34,2241.2
13:07:35,2241.2
13:07:36,2241.2
13:07:37,2241.2
13:07:38,2241.2
13:07:39,2241.2
13:07:40,2241.2
13:07:41,2241.2
13:07:42,2241.2
13:07:42,2241.2
13:07:43,2241.2
13:07:44,2241.2
13:07:45,2241.2
13:07:46,2241.5
13:07:47,2241.5
13:07:48,2241.5
13:07:49,2241.5
13:07:49,2241.5
13:07:50,2241.5
13:07:51,2241.5
13:07:52,2241.5
13:07:53,2241.5
13:07:54,2241.5
13:07:55,2241.5
13:07:55,2241.5
13:07:56,2241.5
13:07:57,2241.5
13:07:58,2241.5
13:07:59,2241.5
13:08:00,2241.5
13:08:01,2241.5
13:08:02,2241.5
13:08:02,2241.5
13:08:03,2241.5
13:08:04,2241.5
13:08:05,2241.5
13:08:06,2241.5
13:08:07,2241.5
13:08:08,2241.5
13:08:09,2241.5
13:08:10,2241.5
13:08:11,2241.5
13:08:12,2241.5
13:08:13,2241.5
13:08:27,2241.5
13:08:29,2241.5
13:08:30,2241.5
13:08:30,2241.5
13:08:31,2241.5
13:08:32,2241.5
13:08:33,2241.5
13:08:34,2241.5
13:08:35,2241.5
13:08:36,2241.5
13:08:37,2241.5
13:08:38,2241.5
13:08:39,2241.5
13:08:39,2241.5
13:08:40,2241.5
13:08:41,2241.5
13:08:42,2241.5
13:08:43,2241.5
13:08:44,2241.5
13:08:45,2241.5
13:08:46,2241.5
13:08:47,2241.5
13:08:48,2241.5
13:08:48,2241.5
13:08:49,2241.5
13:08:50,2241.5
13:08:51,2241.5
13:08:52,2241.5
13:08:53,2241.5
13:08:54,2241.5
13:08:55,2241.5
13:08:56,2241.5
13:08:56,2241.5
13:08:57,2241.5
13:08:58,2241.5
13:08:59,2241.5
13:09:00,2241.5
13:09:01,2241.5
13:09:02,2241.5
13:09:03,2241.5
13:09:03,2241.5
13:09:04,2241.5
13:09:05,2241.5
13:09:06,2241.5
13:09:07,2241.5
13:09:08,2241.5
13:09:09,2241.65
13:09:10,2241.65
13:09:10,2241.65
13:09:11,2241.65
13:09:12,2241.65
13:09:13,2241.65
13:09:14,2241.65
13:09:15,2241.65
13:09:16,2241.65
13:09:17,2241.65
13:09:17,2241.65
13:09:18,2241.65
13:09:19,2241.65
13:09:20,2241.65
13:09:21,2241.65
13:09:22,2241.65
13:09:23,2241.65
13:09:24,2241.65
13:09:24,2241.65
13:09:25,2241.65
13:09:26,2241.65
13:09:27,2241.65
13:09:28,2241.65
13:09:29,2241.65
13:09:30,2241.65
13:09:31,2241.65
13:09:32,2241.65
13:09:32,2241.65
13:09:33,2241.65
13:09:34,2241.65
13:09:35,2241.0
13:09:36,2241.0
13:09:37,2241.0
13:09:38,2241.0
13:09:39,2241.0
13:09:40,2241.0
13:09:41,2241.0
13:09:41,2241.0
13:09:42,2241.0
13:09:43,2241.0
13:09:44,2241.0
13:09:45,2241.0
13:09:46,2241.0
13:09:47,2241.0
13:09:48,2241.0
13:09:48,2241.0
13:09:49,2241.0
13:09:50,2240.0
13:09:51,2240.0
13:09:52,2240.0
13:09:53,2240.0
13:09:54,2240.0
13:09:55,2240.0
13:09:55,2240.0
13:09:56,2240.0
13:09:57,2240.0
13:09:58,2240.0
13:09:59,2240.0
13:10:00,2240.0
13:10:01,2240.0
13:10:02,2240.0
13:10:02,2240.0
13:10:03,2240.0
13:10:04,2240.0
13:10:05,2240.0
13:10:06,2240.0
13:10:07,2240.0
13:10:08,2240.0
13:10:09,2240.0
13:10:09,2240.0
13:10:10,2240.0
13:10:11,2240.0
13:10:12,2240.0
13:10:13,2240.0
13:10:14,2240.0
13:10:15,2240.0
13:10:16,2240.0
13:10:16,2240.0
13:10:17,2240.0
13:10:18,2240.0
13:10:19,2240.0
13:10:21,2240.0
13:10:22,2240.0
13:10:23,2240.0
13:10:24,2240.0
13:10:25,2240.0
13:10:26,2240.0
13:10:26,2240.0
13:10:27,2240.0
13:10:28,2240.0
13:10:29,2240.0
13:10:30,2240.0
13:10:31,2240.0
13:10:32,2240.0
13:10:33,2240.0
13:10:34,2240.0
13:10:34,2240.0
13:10:35,2240.0
13:10:36,2240.0
13:10:37,2240.0
13:10:38,2240.0
13:10:39,2240.0
13:10:40,2240.0
13:10:41,2240.0
13:10:42,2240.0
13:10:42,2240.0
13:10:43,2240.0
13:10:44,2240.0
13:10:45,2240.0
13:10:46,2240.0
13:10:47,2240.0
13:10:48,2240.0
13:10:49,2240.0
13:10:50,2240.0
13:10:51,2240.0
13:10:52,2240.0
13:10:52,2240.0
13:10:53,2240.0
13:10:54,2240.0
13:10:55,2240.0
13:10:56,2240.0
13:10:57,2240.0
13:10:58,2240.0
13:10:59,2240.0
13:10:59,2240.0
13:11:00,2240.0
13:11:01,2240.0
13:11:02,2240.0
13:11:03,2240.0
13:11:04,2240.0
13:11:05,2240.0
13:11:06,2240.0
13:11:07,2240.0
13:11:08,2240.0
13:11:09,2240.0
13:11:09,2240.15
13:11:10,2240.15
13:11:11,2240.15
13:11:18,2240.15
13:11:19,2240.15
13:11:20,2240.15
13:11:21,2240.15
13:11:21,2240.15
13:11:22,2240.15
13:11:23,2240.15
13:11:24,2240.15
13:11:25,2240.15
13:11:26,2240.15
13:11:27,2240.15
13:11:27,2240.15
13:11:29,2240.15
13:11:30,2240.15
13:11:30,2240.15
13:11:31,2240.15
13:11:32,2240.15
13:11:33,2240.15
13:11:34,2240.15
13:11:35,2240.15
13:11:36,2240.15
13:11:40,2239.15
13:11:42,2239.15
13:11:43,2239.15
13:11:44,2239.15
13:11:44,2239.15
13:11:45,2239.15
13:11:46,2239.15
13:11:47,2239.15
13:11:48,2239.15
13:11:49,2239.15
13:11:50,2239.15
13:11:50,2239.15
13:11:51,2239.15
13:11:53,2239.15
13:11:54,2239.15
13:11:55,2239.15
13:11:56,2239.15
13:11:57,2239.15
13:11:58,2239.15
13:11:59,2239.15
13:12:00,2239.15
13:12:01,2239.15
13:12:01,2239.15
13:12:02,2239.15
13:12:03,2239.15
13:12:04,2239.15
13:12:05,2239.15
13:12:06,2239.15
13:12:07,2239.15
13:12:08,2239.95
13:12:08,2239.95
13:12:09,2239.95
13:12:10,2239.95
13:12:11,2239.95
13:12:12,2239.95
13:12:13,2239.95
13:12:14,2239.95
13:12:15,2239.95
13:12:15,2239.95
13:12:16,2239.95
13:12:17,2239.95
13:12:18,2239.95
13:12:19,2239.95
13:12:20,2239.95
13:12:21,2239.95
13:12:21,2239.95
13:12:22,2239.95
13:12:23,2239.95
13:12:24,2239.95
13:12:25,2239.95
13:12:26,2239.95
13:12:27,2239.95
13:12:28,2239.95
13:12:28,2239.95
13:12:29,2239.95
13:12:30,2239.95
13:12:31,2239.95
13:12:32,2239.95
13:12:33,2239.95
13:12:34,2239.55
13:12:34,2239.55
13:12:35,2239.55
13:12:36,2239.55
13:12:37,2239.55
13:12:38,2239.55
13:12:39,2239.55
13:12:40,2239.55
13:12:40,2239.55
13:12:41,2239.55
13:12:42,2239.55
13:12:43,2239.55
13:12:44,2239.55
13:12:45,2239.55
13:12:46,2239.55
13:12:46,2239.55
13:12:47,2239.55
13:12:48,2239.55
13:12:49,2239.55
13:12:50,2239.55
13:12:51,2239.55
13:12:52,2239.55
13:12:53,2239.55
13:12:54,2239.55
13:12:55,2239.55
13:12:55,2239.55
13:12:56,2239.55
13:12:57,2239.55
13:12:58,2239.55
13:12:59,2239.55
13:13:00,2239.55
13:13:01,2239.55
13:13:02,2239.55
13:13:03,2239.55
13:13:03,2239.55
13:13:04,2239.55
13:13:05,2239.55
13:13:09,2239.55
13:13:18,2240.05
13:13:20,2240.05
13:13:21,2240.05
13:13:21,2240.05
13:13:22,2240.05
13:13:23,2240.05
13:13:24,2240.05
13:13:25,2240.05
13:13:26,2240.05
13:13:27,2240.05
13:13:27,2240.05
13:13:28,2240.05
13:13:29,2240.05
13:13:30,2240.05
13:13:31,2240.05
13:13:32,2240.05
13:13:33,2240.05
13:13:33,2240.05
13:13:34,2240.05
13:13:35,2240.05
13:13:36,2240.05
13:13:37,2240.05
13:13:38,2240.05
13:13:39,2240.05
13:13:40,2240.05
13:13:40,2240.05
13:13:41,2240.05
13:13:42,2240.05
13:13:43,2240.05
13:13:44,2240.05
13:13:45,2240.8
13:13:46,2240.8
13:13:47,2240.8
13:13:47,2240.8
13:13:48,2240.8
13:13:49,2240.8
13:13:50,2240.8
13:13:51,2240.8
13:13:52,2240.8
13:13:53,2240.8
13:13:53,2240.8
13:13:54,2240.8
13:13:55,2240.8
13:13:56,2240.8
13:13:57,2240.8
13:13:58,2240.8
13:13:59,2240.8
13:14:00,2240.8
13:14:00,2240.8
13:14:01,2240.8
13:14:02,2240.8
13:14:03,2240.8
13:14:04,2240.8
13:14:05,2240.8
13:14:06,2240.8
13:14:07,2240.8
13:14:08,2240.8
13:14:09,2240.8
13:14:10,2240.8
13:14:11,2240.8
13:14:11,2240.8
13:14:12,2240.8
13:14:13,2240.8
13:14:14,2240.8
13:14:15,2240.8
13:14:16,2240.8
13:14:17,2240.8
13:14:18,2240.8
13:14:18,2240.8
13:14:19,2240.8
13:14:20,2240.8
13:14:21,2240.8
13:14:22,2240.8
13:14:23,2240.8
13:14:24,2240.8
13:14:25,2240.85
13:14:25,2240.85
13:14:26,2240.85
13:14:27,2240.85
13:14:28,2240.85
13:14:29,2240.85
13:14:30,2240.85
13:14:31,2240.85
13:14:32,2240.85
13:14:32,2240.85
13:14:33,2240.85
13:14:34,2240.85
13:14:35,2240.85
13:14:36,2240.85
13:14:37,2240.85
13:14:38,2240.85
13:14:39,2240.85
13:14:40,2240.85
13:14:40,2240.85
13:14:41,2240.85
13:14:42,2240.85
13:14:43,2240.85
13:14:44,2240.85
13:14:45,2240.85
13:14:46,2240.85
13:14:46,2240.85
13:14:47,2240.85
13:14:48,2240.85
13:14:49,2240.85
13:14:50,2240.85
13:14:51,2240.85
13:14:52,2240.85
13:14:53,2240.85
13:14:53,2240.85
13:14:54,2240.85
13:14:55,2240.85
13:14:56,2240.85
13:14:57,2240.85
13:14:58,2240.85
13:14:59,2240.85
13:15:00,2240.85
13:15:00,2240.85
13:15:01,2240.85
13:15:02,2240.85
13:15:03,2240.8
13:15:04,2240.8
13:15:05,2240.8
13:15:06,2240.8
13:15:07,2240.8
13:15:07,2240.8
13:15:08,2240.8
13:15:09,2240.8
13:15:10,2240.8
13:15:11,2240.8
13:15:12,2240.8
13:15:13,2240.8
13:15:13,2240.8
13:15:14,2240.8
13:15:16,2240.8
13:15:17,2240.8
13:15:23,2241.65
13:15:26,2241.65
13:15:27,2241.65
13:15:28,2241.65
13:15:28,2241.65
13:15:29,2241.65
13:15:30,2241.65
13:15:31,2241.65
13:15:32,2241.65
13:15:33,2241.65
13:15:34,2241.65
13:15:35,2241.65
13:15:35,2241.65
13:15:36,2241.65
13:15:37,2241.65
13:15:38,2241.65
13:15:39,2241.65
13:15:40,2241.65
13:15:41,2241.65
13:15:41,2241.65
13:15:46,2241.65
13:15:48,2241.65
13:15:48,2241.65
13:15:49,2240.6
13:15:50,2240.6
13:15:51,2240.6
13:15:52,2240.6
13:15:53,2240.6
13:15:54,2240.6
13:15:54,2240.6
13:15:55,2240.6
13:15:59,2240.6
13:16:00,2240.6
13:16:01,2240.6
13:16:01,2240.6
13:16:02,2240.6
13:16:03,2240.6
13:16:04,2240.6
13:16:05,2240.6
13:16:06,2240.6
13:16:07,2240.6
13:16:08,2240.6
13:16:09,2240.6
13:16:10,2240.6
13:16:11,2240.6
13:16:11,2240.6
13:16:12,2240.6
13:16:13,2240.6
13:16:14,2240.6
13:16:15,2240.6
13:16:16,2240.6
13:16:17,2240.6
13:16:18,2240.6
13:16:19,2240.6
13:16:20,2240.6
13:16:21,2240.6
13:16:21,2240.6
13:16:22,2240.6
13:16:23,2240.6
13:16:24,2240.6
13:16:25,2240.6
13:16:26,2240.6
13:16:27,2240.6
13:16:27,2240.6
13:16:29,2240.6
13:16:30,2240.6
13:16:30,2240.6
13:16:31,2240.6
13:16:32,2240.6
13:16:33,2240.3
13:16:34,2240.3
13:16:35,2240.3
13:16:36,2240.3
13:16:37,2240.3
13:16:38,2240.3
13:16:38,2240.3
13:16:39,2240.3
13:16:40,2240.3
13:16:41,2240.3
13:16:42,2240.3
13:16:43,2240.3
13:16:44,2240.3
13:16:45,2240.3
13:16:45,2240.3
13:16:46,2240.3
13:16:47,2239.65
13:16:48,2239.65
13:16:49,2239.65
13:16:50,2239.65
13:16:51,2239.65
13:16:51,2239.65
13:16:52,2239.65
13:16:54,2239.65
13:16:55,2239.65
13:16:56,2239.65
13:16:56,2239.65
13:16:57,2239.65
13:16:58,2239.65
13:16:59,2239.65
13:17:00,2239.65
13:17:01,2239.65
13:17:02,2239.65
13:17:02,2239.65
13:17:03,2239.65
13:17:04,2239.65
13:17:05,2239.65
13:17:06,2239.65
13:17:07,2239.65
13:17:08,2239.65
13:17:09,2239.65
13:17:10,2239.65
13:17:10,2239.65
13:17:11,2239.65
13:17:20,2240.0
13:17:26,2240.0
13:17:27,2240.0
13:17:28,2240.0
13:17:29,2240.0
13:17:30,2240.0
13:17:31,2240.0
13:17:32,2240.0
13:17:33,2240.0
13:17:33,2240.0
13:17:34,2240.0
13:17:35,2240.0
13:17:36,2240.0
13:17:37,2240.0
13:17:38,2240.0
13:17:39,2240.0
13:17:40,2240.0
13:17:41,2240.0
13:17:41,2240.0
13:17:42,2240.0
13:17:43,2240.0
13:17:44,2240.0
13:17:45,2240.0
13:17:46,2240.0
13:17:47,2240.0
13:17:48,2240.0
13:17:49,2240.0
13:17:50,2240.0
13:17:50,2240.0
13:17:51,2240.0
13:17:52,2240.0
13:17:53,2240.0
13:17:54,2240.0
13:17:55,2240.0
13:17:56,2240.0
13:17:57,2240.0
13:17:58,2240.0
13:17:59,2240.0
13:18:11,2240.3
13:18:12,2240.3
13:18:13,2240.3
13:18:14,2240.3
13:18:14,2240.3
13:18:15,2240.3
13:18:16,2240.3
13:18:17,2240.3
13:18:18,2240.3
13:18:19,2240.3
13:18:20,2240.3
13:18:21,2240.3
13:18:21,2240.3
13:18:22,2240.3
13:18:23,2240.3
13:18:24,2240.3
13:18:25,2240.3
13:18:26,2240.3
13:18:27,2240.3
13:18:28,2240.3
13:18:29,2240.3
13:18:30,2240.3
13:18:31,2240.3
13:18:31,2240.3
13:18:32,2240.3
13:18:33,2240.3
13:18:34,2240.3
13:18:35,2240.3
13:18:36,2240.3
13:18:37,2240.3
13:18:38,2240.3
13:18:38,2240.2
13:18:39,2240.2
13:18:40,2240.2
13:18:41,2240.2
13:18:42,2240.2
13:18:43,2240.2
13:18:44,2240.2
13:18:45,2240.2
13:18:45,2240.2
13:18:46,2240.2
13:18:47,2240.2
13:18:48,2240.2
13:18:49,2240.2
13:18:50,2240.2
13:18:51,2240.2
13:18:51,2240.2
13:18:52,2240.2
13:18:53,2240.2
13:18:54,2240.2
13:18:55,2240.2
13:18:56,2240.2
13:18:57,2240.2
13:18:58,2240.2
13:18:59,2240.2
13:19:00,2240.2
13:19:00,2240.2
13:19:01,2240.2
13:19:02,2240.2
13:19:03,2240.2
13:19:04,2240.2
13:19:05,2240.2
13:19:06,2240.45
13:19:07,2240.45
13:19:08,2240.45
13:19:08,2240.45
13:19:09,2240.45
13:19:10,2240.45
13:19:11,2240.45
13:19:12,2240.45
13:19:13,2240.45
13:19:14,2240.45
13:19:14,2240.45
13:19:15,2240.45
13:19:16,2240.45
13:19:17,2240.45
13:19:18,2240.45
13:19:19,2240.45
13:19:20,2240.85
13:19:21,2240.85
13:19:22,2240.85
13:19:23,2240.85
13:19:23,2240.85
13:19:24,2240.85
13:19:25,2240.85
13:19:26,2240.85
13:19:27,2240.85
13:19:28,2240.85
13:19:29,2240.85
13:19:30,2240.85
13:19:31,2240.85
13:19:31,2240.85
13:19:32,2240.85
13:19:33,2240.85
13:19:34,2240.85
13:19:35,2240.85
13:19:36,2240.85
13:19:37,2240.85
13:19:38,2240.85
13:19:39,2240.85
13:19:39,2240.85
13:19:40,2240.85
13:19:41,2240.85
13:19:42,2240.85
13:19:43,2240.85
13:19:44,2240.85
13:19:45,2240.85
13:19:46,2240.8
13:19:46,2240.8
13:19:47,2240.8
13:19:48,2240.8
13:19:49,2240.8
13:19:50,2240.8
13:19:51,2240.8
13:19:52,2240.8
13:19:53,2240.8
13:19:53,2240.8
13:19:54,2240.8
13:19:55,2240.8
13:19:56,2240.8
13:19:57,2240.8
13:19:58,2240.8
13:19:59,2240.8
13:20:00,2240.8
13:20:01,2240.8
13:20:02,2240.8
13:20:03,2240.8
13:20:03,2240.8
13:20:04,2240.8
13:20:05,2240.8
13:20:06,2240.8
13:20:07,2240.8
13:20:08,2240.8
13:20:09,2240.8
13:20:10,2240.8
13:20:11,2240.8
13:20:11,2240.8
13:20:12,2240.8
13:20:13,2240.8
13:20:14,2240.8
13:20:15,2240.8
13:20:16,2240.8
13:20:17,2240.8
13:20:21,2240.8
13:20:22,2240.8
13:20:23,2240.8
13:20:24,2240.8
13:20:25,2239.8
13:20:26,2239.8
13:20:27,2239.8
13:20:28,2239.8
13:20:29,2239.8
13:20:29,2239.8
13:20:30,2239.8
13:20:31,2239.8
13:20:32,2239.8
13:20:33,2239.8
13:20:34,2239.8
13:20:35,2239.8
13:20:36,2239.8
13:20:37,2239.8
13:20:38,2239.8
13:20:39,2239.8
13:20:39,2239.8
13:20:41,2239.8
13:20:42,2239.8
13:20:43,2239.8
13:20:44,2239.8
13:20:44,2239.8
13:20:45,2239.8
13:20:48,2239.8
13:20:55,2239.8
13:21:00,2239.7
13:21:01,2239.7
13:21:02,2239.7
13:21:03,2239.7
13:21:04,2239.7
13:21:05,2239.7
13:21:06,2239.7
13:21:07,2239.7
13:21:08,2239.7
13:21:09,2239.7
13:21:10,2239.7
13:21:11,2239.7
13:21:12,2239.7
13:21:13,2239.7
13:21:14,2239.7
13:21:15,2239.7
13:21:15,2239.7
13:21:16,2239.7
13:21:18,2239.7
13:21:31,2239.7
13:21:33,2240.2
13:21:34,2240.2
13:21:36,2240.2
13:21:38,2240.2
13:21:40,2240.2
13:21:43,2240.2
13:21:44,2240.2
13:21:46,2240.3
13:21:47,2240.3
13:21:48,2240.3
13:21:49,2240.3
13:21:50,2240.3
13:21:52,2240.3
13:21:53,2240.3
13:21:56,2240.3
13:21:57,2240.3
13:21:58,2240.3
13:21:59,2240.3
13:22:00,2240.3
13:22:02,2240.3
13:22:03,2240.3
13:22:04,2240.3
13:22:05,2240.3
13:22:06,2240.3
13:22:08,2240.3
13:22:09,2240.3
13:22:10,2240.3
13:22:11,2240.3
13:22:12,2240.3
13:22:14,2240.3
13:22:15,2240.3
13:22:16,2240.3
13:22:17,2240.3
13:22:18,2240.3
13:22:20,2240.3
13:22:21,2240.3
13:22:22,2240.3
13:22:23,2240.3
13:22:24,2240.3
13:22:26,2240.15
13:22:27,2240.15
13:22:28,2240.15
13:22:29,2240.15
13:22:30,2240.15
13:22:32,2240.15
13:22:33,2240.15
13:22:34,2240.15
13:22:35,2240.15
13:22:36,2240.15
13:22:37,2240.15
13:22:39,2240.15
13:22:40,2240.15
13:22:41,2240.15
13:22:42,2240.15
13:22:43,2240.15
13:22:44,2240.15
13:22:46,2240.15
13:22:47,2240.15
13:22:48,2240.15
13:22:49,2240.15
13:22:50,2240.15
13:22:51,2240.15
13:22:53,2240.85
13:22:54,2240.85
13:22:55,2240.85
13:22:56,2240.85
13:22:57,2240.85
13:22:58,2240.85
13:23:00,2240.85
13:23:01,2240.85
13:23:02,2240.85
13:23:03,2240.85
13:23:04,2240.85
13:23:05,2240.85
13:23:07,2240.85
13:23:08,2240.85
13:23:09,2240.85
13:23:11,2240.85
13:23:12,2240.85
13:23:13,2240.85
13:23:14,2240.85
13:23:15,2240.85
13:23:17,2240.85
13:23:19,2240.85
13:23:23,2240.2
13:23:24,2240.2
13:23:25,2240.2
13:23:26,2240.2
13:23:27,2240.2
13:23:29,2240.2
13:23:30,2240.2
13:23:31,2240.2
13:23:32,2240.2
13:23:33,2240.2
13:23:35,2240.2
13:23:36,2240.2
13:23:37,2240.2
13:23:38,2240.2
13:23:39,2240.2
13:23:41,2240.2
13:23:42,2240.2
13:23:43,2240.2
13:23:44,2240.2
13:23:45,2240.2
13:23:47,2240.2
13:23:48,2240.2
13:23:49,2240.2
13:23:50,2240.2
13:23:51,2240.2
13:23:53,2240.2
13:23:54,2240.2
13:23:55,2240.2
13:23:56,2240.2
13:23:57,2240.2
13:23:58,2240.2
13:24:00,2240.2
13:24:01,2240.2
13:24:02,2240.4
13:24:03,2240.4
13:24:04,2240.4
13:24:06,2240.4
13:24:07,2240.4
13:24:08,2240.4
13:24:09,2240.4
13:24:10,2240.4
13:24:12,2240.4
13:24:13,2240.4
13:24:14,2240.4
13:24:15,2240.4
13:24:16,2240.4
13:24:17,2240.4
13:24:19,2240.4
13:24:20,2240.4
13:24:21,2240.4
13:24:22,2240.4
13:24:24,2240.4
13:24:25,2240.4
13:24:26,2240.4
13:24:27,2240.4
13:24:28,2240.45
13:24:29,2240.45
13:24:31,2240.45
13:24:32,2240.45
13:24:33,2240.45
13:24:34,2240.45
13:24:35,2240.45
13:24:37,2240.45
13:24:38,2240.45
13:24:39,2240.45
13:24:40,2240.45
13:24:41,2240.45
13:24:42,2240.45
13:24:44,2240.45
13:24:45,2240.45
13:24:46,2240.45
13:24:47,2240.45
13:24:48,2240.45
13:24:50,2240.45
13:24:51,2240.45
13:24:52,2240.45
13:24:53,2240.45
13:24:54,2240.45
13:24:55,2242.0
13:24:57,2242.0
13:24:58,2242.0
13:24:59,2242.0
13:25:00,2242.0
13:25:02,2242.0
13:25:03,2242.0
13:25:04,2242.0
13:25:05,2242.0
13:25:06,2242.0
13:25:08,2242.0
13:25:09,2242.0
13:25:10,2242.0
13:25:11,2242.0
13:25:12,2242.0
13:25:13,2242.0
13:25:15,2242.0
13:25:16,2242.0
13:25:17,2242.0
13:25:18,2242.0
13:25:19,2242.0
13:25:20,2242.0
13:25:22,2242.0
13:25:23,2242.0
13:25:24,2242.0
13:25:25,2242.0
13:25:27,2242.0
13:25:28,2242.0
13:25:29,2242.0
13:25:30,2242.0
13:25:31,2242.0
13:25:32,2242.0
13:25:34,2242.0
13:25:35,2242.3
13:25:36,2242.3
13:25:37,2242.3
13:25:38,2242.3
13:25:40,2242.3
13:25:41,2242.3
13:25:42,2242.3
13:25:43,2242.3
13:25:44,2242.3
13:25:46,2242.3
13:25:47,2242.3
13:25:48,2242.3
13:25:49,2242.3
13:25:50,2242.3
13:25:52,2242.3
13:25:53,2242.3
13:25:54,2242.3
13:25:55,2242.3
13:25:56,2242.3
13:25:58,2242.3
13:25:59,2242.3
13:26:00,2242.3
13:26:01,2240.0
13:26:02,2240.0
13:26:03,2240.0
13:26:05,2240.0
13:26:06,2240.0
13:26:07,2240.0
13:26:08,2240.0
13:26:09,2240.0
13:26:11,2240.0
13:26:12,2240.0
13:26:13,2240.0
13:26:14,2240.0
13:26:15,2240.0
13:26:17,2240.0
13:26:18,2240.0
13:26:19,2240.0
13:26:20,2240.0
13:26:21,2240.0
13:26:23,2240.0
13:26:24,2240.0
13:26:25,2240.0
13:26:27,2240.0
13:26:28,2240.0
13:26:30,2240.0
13:26:31,2240.0
13:26:32,2240.0
13:26:33,2240.0
13:26:35,2240.0
13:26:36,2240.0
13:26:37,2240.0
13:26:38,2240.0
13:26:40,2240.0
13:26:41,2240.0
13:26:42,2240.0
13:26:43,2240.0
13:26:45,2240.0
13:26:46,2240.0
13:26:47,2240.0
13:26:49,2240.0
13:26:50,2240.0
13:26:51,2240.0
13:26:53,2240.0
13:26:54,2240.0
13:26:57,2240.0
13:26:59,2240.0
13:27:00,2240.0
13:27:01,2240.0
13:27:02,2240.0
13:27:04,2240.0
13:27:05,2240.0
13:27:06,2240.0
13:27:07,2240.0
13:27:08,2240.0
13:27:09,2240.0
13:27:11,2240.0
13:27:12,2240.0
13:27:13,2240.0
13:27:14,2240.0
13:27:15,2240.0
13:27:17,2240.0
13:27:18,2240.0
13:27:19,2240.0
13:27:20,2240.0
13:27:21,2240.0
13:27:22,2240.0
13:27:23,2240.0
13:27:25,2240.05
13:27:26,2240.05
13:27:27,2240.05
13:27:28,2240.05
13:27:29,2240.05
13:27:30,2240.05
13:27:32,2240.05
13:27:33,2240.05
13:27:34,2240.05
13:27:35,2240.05
13:27:36,2240.05
13:27:38,2240.05
13:27:39,2240.05
13:27:40,2240.05
13:27:41,2240.05
13:27:42,2240.05
13:27:44,2240.05
13:27:45,2240.05
13:27:46,2240.05
13:27:47,2240.05
13:27:48,2240.05
13:27:49,2240.05
13:27:51,2240.05
13:27:52,2240.05
13:27:58,2239.35
13:28:00,2239.35
13:28:01,2239.35
13:28:02,2239.35
13:28:03,2239.35
13:28:04,2239.35
13:28:05,2239.35
13:28:06,2239.35
13:28:08,2239.35
13:28:09,2239.35
13:28:10,2239.35
13:28:17,2239.35
13:28:18,2239.35
13:28:30,2239.55
13:28:36,2239.55
13:28:37,2239.55
13:28:38,2239.55
13:28:40,2239.55
13:28:41,2239.55
13:28:42,2239.55
13:28:43,2239.55
13:28:44,2239.55
13:28:45,2239.55
13:28:47,2239.55
13:28:48,2239.55
13:28:49,2239.55
13:28:50,2239.55
13:28:51,2239.55
13:28:52,2239.55
13:28:54,2239.55
13:28:55,2239.55
13:28:56,2239.55
13:28:57,2241.05
13:28:58,2241.05
13:28:59,2241.05
13:29:01,2241.05
13:29:02,2241.05
13:29:03,2241.05
13:29:04,2241.05
13:29:05,2241.05
13:29:06,2241.05
13:29:08,2241.05
13:29:09,2241.05
13:29:10,2241.05
13:29:11,2241.05
13:29:12,2241.05
13:29:13,2241.05
13:29:15,2241.05
13:29:16,2241.05
13:29:17,2241.05
13:29:18,2241.05
13:29:19,2241.05
13:29:20,2241.05
13:29:22,2241.05
13:29:23,2241.05
13:29:24,2241.05
13:29:25,2241.05
13:29:26,2241.05
13:29:28,2241.05
13:29:29,2241.05
13:29:30,2241.05
13:29:31,2241.05
13:29:32,2241.05
13:29:33,2241.05
13:29:35,2241.05
13:29:36,2241.05
13:29:37,2239.45
13:29:38,2239.45
13:29:39,2239.45
13:29:41,2239.45
13:29:42,2239.45
13:29:43,2239.45
13:29:44,2239.45
13:29:45,2239.45
13:29:46,2239.45
13:29:48,2239.45
13:29:49,2239.45
13:29:50,2239.45
13:29:51,2239.45
13:29:52,2239.45
13:29:53,2239.45
13:29:55,2239.45
13:29:56,2239.45
13:29:57,2239.45
13:29:58,2239.45
13:29:59,2239.45
13:30:00,2239.45
13:30:02,2239.45
13:30:03,2237.75
13:30:04,2237.75
13:30:05,2237.75
13:30:06,2237.75
13:30:08,2237.75
13:30:29,2240.0
13:30:32,2240.0
13:30:33,2240.0
13:30:34,2240.0
13:30:35,2240.0
13:30:36,2240.0
13:30:37,2240.0
13:30:39,2240.0
13:30:40,2240.0
13:30:41,2240.0
13:30:42,2240.0
13:30:43,2240.0
13:30:44,2240.0
13:30:46,2240.0
13:30:47,2240.0
13:30:48,2240.0
13:30:50,2240.0
13:30:51,2240.0
13:30:52,2240.0
13:30:53,2240.0
13:30:54,2240.0
13:30:56,2240.0
13:30:57,2240.2
13:30:59,2240.2
13:31:02,2240.2
13:31:03,2240.2
13:31:04,2240.2
13:31:06,2240.2
13:31:07,2240.2
13:31:08,2240.2
13:31:09,2240.2
13:31:10,2240.2
13:31:11,2240.2
13:31:13,2240.2
13:31:14,2240.2
13:31:15,2240.2
13:31:16,2240.2
13:31:17,2240.2
13:31:18,2240.2
13:31:20,2240.2
13:31:21,2240.2
13:31:22,2240.2
13:31:23,2240.2
13:31:24,2240.2
13:31:28,2240.2
13:31:29,2240.2
13:31:31,2240.2
13:31:32,2240.2
13:31:37,2240.2
13:31:40,2240.2
13:31:41,2240.2
13:31:43,2240.2
13:31:44,2240.2
13:31:45,2240.2
13:31:46,2240.2
13:31:47,2240.2
13:31:48,2240.2
13:31:50,2240.2
13:31:51,2240.2
13:31:52,2240.2
13:31:53,2240.2
13:31:54,2240.2
13:31:55,2240.2
13:31:58,2241.0
13:32:00,2241.0
13:32:01,2241.0
13:32:01,2241.0
13:32:02,2241.0
13:32:03,2241.0
13:32:04,2241.0
13:32:05,2241.0
13:32:06,2241.0
13:32:07,2241.0
13:32:08,2241.0
13:32:09,2241.0
13:32:12,2241.0
13:32:44,2241.1
13:33:03,2241.05
13:33:04,2241.05
13:33:05,2241.05
13:33:06,2241.05
13:33:07,2241.05
13:33:08,2241.05
13:33:09,2241.05
13:33:10,2241.05
13:33:11,2241.05
13:33:12,2241.05
13:33:13,2241.05
13:33:14,2241.05
13:33:15,2241.05
13:33:17,2241.05
13:33:18,2241.05
13:33:19,2241.05
13:33:20,2241.05
13:33:21,2241.05
13:33:22,2241.05
13:33:23,2241.05
13:33:24,2241.05
13:33:25,2241.05
13:33:27,2241.05
