09:44:36,3178.95
09:44:38,3178.95
09:44:40,3178.95
09:44:42,3178.95
09:44:44,3178.95
09:44:45,3178.95
09:44:47,3178.95
09:44:49,3178.95
09:44:59,3179.4
09:45:02,3179.4
09:45:04,3179.4
09:45:06,3179.4
09:45:08,3179.4
09:45:09,3179.4
09:45:10,3179.4
09:45:12,3179.4
09:45:14,3179.4
09:45:15,3179.4
09:45:18,3179.4
09:45:20,3180.0
09:45:21,3180.0
09:45:23,3180.0
09:45:24,3180.0
09:45:26,3180.0
09:45:27,3180.0
09:45:29,3180.0
09:45:30,3180.0
09:45:32,3180.0
09:45:33,3180.0
09:45:35,3180.0
09:45:36,3180.0
09:45:38,3180.0
09:45:39,3180.0
09:45:41,3180.0
09:45:42,3180.0
09:45:44,3180.0
09:45:45,3180.0
09:45:47,3179.5
09:45:49,3179.5
09:45:50,3179.5
09:45:52,3179.5
09:45:54,3179.5
09:45:55,3179.5
09:45:57,3179.5
09:45:58,3179.5
09:46:00,3179.5
09:46:02,3179.5
09:46:03,3179.5
09:46:05,3179.5
09:46:07,3179.5
09:46:08,3179.5
09:46:10,3179.5
09:46:12,3179.5
09:46:14,3179.5
09:46:15,3179.5
09:46:17,3179.5
09:46:18,3179.5
09:46:20,3179.5
09:46:22,3179.5
09:46:23,3179.5
09:46:25,3179.5
09:46:27,3179.5
09:46:28,3179.95
09:46:30,3179.95
09:46:31,3179.95
09:46:33,3179.95
09:46:35,3179.95
09:46:36,3179.95
09:46:38,3179.95
09:46:40,3179.95
09:46:42,3179.95
09:46:44,3179.95
09:46:45,3179.95
09:46:47,3179.95
09:46:48,3179.95
09:46:50,3179.95
09:46:51,3179.95
09:46:53,3179.95
09:46:55,3179.95
09:46:56,3180.95
09:46:58,3180.95
09:46:59,3180.95
09:47:01,3180.95
09:47:03,3180.95
09:47:05,3180.95
09:47:06,3180.95
09:47:08,3180.95
09:47:09,3180.95
09:47:11,3180.95
09:47:13,3180.95
09:47:14,3180.95
09:47:16,3180.95
09:47:18,3180.95
09:47:20,3180.95
09:47:21,3180.95
09:47:23,3181.2
09:47:25,3181.2
09:47:26,3181.2
09:47:28,3181.2
09:47:29,3181.2
09:47:31,3181.2
09:47:33,3181.2
09:47:34,3181.2
09:47:36,3181.2
09:47:38,3181.2
09:47:39,3181.2
09:47:41,3181.2
09:47:42,3181.2
09:47:44,3181.2
09:47:45,3181.2
09:47:47,3181.2
09:47:49,3181.2
09:47:50,3177.9
09:47:52,3177.9
09:47:53,3177.9
09:47:55,3177.9
09:47:56,3177.9
09:47:58,3177.9
09:48:00,3177.9
09:48:01,3177.9
09:48:03,3177.9
09:48:04,3177.9
09:48:06,3177.9
09:48:07,3177.9
09:48:09,3177.9
09:48:11,3177.9
09:48:12,3177.9
09:48:14,3177.9
09:48:15,3177.9
09:48:17,3177.9
09:48:18,3177.9
09:48:20,3177.9
09:48:21,3177.9
09:48:23,3177.9
09:48:24,3177.9
09:48:26,3177.9
09:48:27,3177.9
09:48:29,3177.9
09:48:31,3177.9
09:48:32,3176.0
09:48:34,3176.0
09:48:35,3176.0
09:48:37,3176.0
09:48:38,3176.0
09:48:40,3176.0
09:48:41,3176.0
09:48:43,3176.0
09:48:45,3176.0
09:48:46,3176.0
09:48:48,3176.0
09:48:49,3176.0
09:48:51,3176.0
09:48:52,3176.0
09:48:54,3176.0
09:48:56,3176.0
09:48:57,3176.0
09:48:59,3176.0
09:49:00,3179.25
09:49:02,3179.25
09:49:04,3179.25
09:49:05,3179.25
09:49:07,3179.25
09:49:08,3179.25
09:49:10,3179.25
09:49:12,3179.25
09:49:13,3179.25
09:49:15,3179.25
09:49:16,3179.25
09:49:18,3179.25
09:49:19,3179.25
09:49:21,3179.25
09:49:22,3179.25
09:49:24,3179.25
09:49:28,3178.85
09:49:31,3178.85
09:49:33,3178.85
09:49:35,3178.85
09:49:37,3178.85
09:49:39,3178.85
09:49:41,3178.85
09:49:43,3178.85
09:49:46,3178.85
09:49:48,3178.85
09:49:50,3178.85
09:49:52,3180.1
09:49:54,3180.1
09:49:56,3180.1
09:49:58,3180.1
09:50:00,3180.1
09:50:02,3180.1
09:50:04,3180.1
09:50:06,3180.1
09:50:08,3180.1
09:50:10,3180.1
09:50:12,3180.1
09:50:14,3180.1
09:50:16,3180.1
09:50:18,3180.1
09:50:20,3180.1
09:50:22,3180.1
09:50:25,3180.1
09:50:27,3180.1
09:50:29,3180.1
09:50:31,3180.1
09:50:33,3180.05
09:50:36,3180.05
09:50:38,3180.05
09:50:40,3180.05
09:50:42,3180.05
09:50:44,3180.05
09:50:46,3180.05
09:50:48,3180.05
09:50:50,3180.05
09:50:53,3180.05
09:50:55,3180.05
09:50:57,3180.05
09:50:59,3180.05
09:51:02,3180.05
09:51:06,3180.05
09:51:09,3180.05
09:51:11,3180.05
09:51:13,3180.05
09:51:15,3181.5
09:51:17,3181.5
09:51:19,3181.5
09:51:21,3181.5
09:51:23,3181.5
09:51:26,3181.5
09:51:28,3181.5
09:51:31,3181.5
09:51:33,3181.5
09:51:35,3181.5
09:51:37,3181.5
09:51:39,3181.5
09:51:41,3181.5
09:51:43,3181.4
09:51:45,3181.4
09:51:48,3181.4
09:51:51,3181.4
09:51:54,3181.4
09:52:00,3181.4
09:52:07,3181.4
09:52:12,3176.55
09:52:14,3176.55
09:52:17,3176.55
09:52:19,3176.55
09:52:21,3176.55
09:52:23,3176.4
09:52:25,3176.4
09:52:27,3176.4
09:52:31,3176.4
09:52:33,3176.4
09:52:35,3176.4
09:52:37,3176.4
09:52:39,3176.4
09:52:41,3176.4
09:52:43,3176.4
09:52:46,3176.4
09:52:48,3176.4
09:52:50,3176.4
09:52:52,3176.4
09:52:54,3176.4
09:52:56,3176.4
09:52:58,3176.4
09:53:00,3176.4
09:53:02,3176.4
09:53:04,3179.35
09:53:06,3179.35
09:53:08,3179.35
09:53:10,3179.35
09:53:12,3179.35
09:53:14,3179.35
09:53:16,3179.35
09:53:18,3179.35
09:53:20,3179.35
09:53:22,3179.35
09:53:24,3179.35
09:53:26,3179.35
09:53:28,3179.35
09:53:30,3179.35
09:53:32,3180.95
09:53:34,3180.95
09:53:36,3180.95
09:53:38,3180.95
09:53:40,3180.95
09:53:42,3180.95
09:53:44,3180.95
09:53:46,3180.95
09:53:48,3180.95
09:53:50,3180.95
09:53:52,3180.95
09:53:54,3180.95
09:53:56,3180.95
09:53:58,3180.95
09:54:00,3181.9
09:54:02,3181.9
09:54:04,3181.9
09:54:06,3181.9
09:54:08,3181.9
09:54:10,3181.9
09:54:12,3181.9
09:54:14,3181.9
09:54:16,3181.9
09:54:19,3181.9
09:54:21,3181.9
09:54:23,3181.9
09:54:27,3182.9
09:54:30,3182.9
09:54:33,3182.9
09:54:35,3182.9
09:54:37,3182.9
09:54:41,3182.9
09:54:43,3182.9
09:54:45,3182.9
09:54:47,3182.9
09:54:49,3182.9
09:54:52,3182.9
09:54:54,3182.9
09:54:56,3182.9
09:54:58,3182.9
09:55:00,3182.9
09:55:02,3182.9
09:55:04,3182.9
09:55:07,3182.9
09:55:09,3182.9
09:55:11,3187.0
09:55:13,3187.0
09:55:16,3187.0
09:55:18,3187.0
09:55:20,3187.0
09:55:22,3187.0
09:55:24,3187.0
09:55:26,3187.0
09:55:28,3187.0
09:55:30,3187.0
09:55:32,3187.0
09:55:34,3187.0
09:55:36,3187.0
09:55:38,3187.0
09:55:41,3187.0
09:55:43,3187.0
09:55:45,3187.0
09:55:47,3187.0
09:55:49,3187.0
09:55:51,3187.0
09:55:54,3187.0
09:55:56,3187.0
09:55:58,3187.0
09:56:00,3187.0
09:56:02,3187.0
09:56:05,3187.0
09:56:08,3194.65
09:56:10,3194.65
09:56:12,3194.65
09:56:14,3194.65
09:56:16,3194.65
09:56:18,3194.65
09:56:20,3194.65
09:56:22,3194.65
09:56:24,3194.65
09:56:25,3194.65
09:56:27,3194.65
09:56:29,3194.65
09:56:31,3194.65
09:56:33,3194.65
09:56:35,3194.65
09:56:37,3194.65
09:56:39,3194.65
09:56:42,3194.65
09:56:44,3194.65
09:56:46,3194.1
09:56:48,3194.1
09:56:50,3194.1
09:56:52,3194.1
09:56:54,3194.1
09:56:56,3194.1
09:56:58,3194.1
09:57:00,3194.1
09:57:02,3194.1
09:57:04,3194.1
09:57:06,3194.1
09:57:08,3194.1
09:57:10,3194.1
09:57:12,3194.1
09:57:14,3194.1
09:57:16,3194.1
09:57:18,3194.1
09:57:20,3194.1
09:57:22,3194.1
09:57:24,3194.1
09:57:26,3194.1
09:57:28,3195.0
09:57:30,3195.0
09:57:32,3195.0
09:57:34,3195.0
09:57:36,3195.0
09:57:38,3195.0
09:57:40,3195.0
09:57:42,3199.0
09:57:44,3199.0
09:57:47,3199.0
09:57:49,3199.0
09:57:51,3199.0
09:57:53,3199.0
09:57:55,3199.0
09:57:57,3199.0
09:57:59,3199.0
09:58:01,3199.0
09:58:03,3199.0
09:58:05,3199.0
09:58:07,3199.0
09:58:09,3199.0
09:58:11,3197.95
09:58:13,3197.95
09:58:15,3197.95
09:58:17,3197.95
09:58:19,3197.95
09:58:21,3197.95
09:58:23,3197.95
09:58:26,3197.95
09:58:28,3197.95
09:58:30,3197.95
09:58:32,3197.95
09:58:34,3197.95
09:58:36,3197.95
09:58:38,3197.95
09:58:40,3197.95
09:58:42,3197.95
09:58:44,3197.95
09:58:46,3197.95
09:58:48,3197.95
09:58:50,3197.95
09:58:52,3197.95
09:58:54,3201.75
09:58:56,3201.75
09:58:58,3201.75
09:59:00,3201.75
09:59:02,3201.75
09:59:04,3201.75
09:59:07,3201.75
09:59:13,3201.75
09:59:16,3201.75
09:59:18,3201.75
09:59:20,3201.75
09:59:22,3199.75
09:59:24,3199.75
09:59:28,3199.75
09:59:35,3199.75
09:59:37,3199.75
09:59:38,3199.75
09:59:40,3199.75
09:59:42,3199.75
09:59:43,3203.4
09:59:45,3203.4
09:59:47,3203.4
09:59:48,3203.4
09:59:50,3203.4
09:59:51,3203.4
09:59:53,3203.4
09:59:55,3203.4
09:59:57,3203.4
09:59:58,3203.4
10:00:00,3203.4
10:00:01,3203.4
10:00:03,3203.4
10:00:05,3203.4
10:00:06,3203.4
10:00:08,3203.4
10:00:09,3202.65
10:00:11,3202.65
10:00:12,3202.65
10:00:14,3202.65
10:00:16,3202.65
10:00:17,3202.65
10:00:19,3202.65
10:00:21,3202.65
10:00:22,3202.65
10:00:25,3202.65
10:00:26,3202.65
10:00:28,3202.65
10:00:29,3202.65
10:00:31,3202.65
10:00:33,3202.65
10:00:34,3202.65
10:00:36,3202.65
10:00:37,3202.65
10:00:39,3202.65
10:00:40,3202.65
10:00:42,3202.65
10:00:44,3202.65
10:00:45,3202.65
10:00:47,3202.65
10:00:48,3202.65
10:00:50,3205.0
10:00:51,3205.0
10:00:53,3205.0
10:00:54,3205.0
10:00:56,3205.0
10:00:57,3205.0
10:00:59,3205.0
10:01:00,3205.0
10:01:02,3205.0
10:01:03,3205.0
10:01:05,3205.0
10:01:06,3205.0
10:01:08,3205.0
10:01:09,3205.0
10:01:11,3205.0
10:01:12,3205.0
10:01:14,3205.0
10:01:15,3205.0
10:01:17,3203.2
10:01:18,3203.2
10:01:20,3203.2
10:01:21,3203.2
10:01:23,3203.2
10:01:24,3203.2
10:01:26,3203.2
10:01:27,3203.2
10:01:28,3203.2
10:01:30,3203.2
10:01:31,3203.2
10:01:33,3203.2
10:01:34,3203.2
10:01:36,3203.2
10:01:38,3203.2
10:01:39,3203.2
10:01:41,3203.2
10:01:42,3203.2
10:01:44,3198.0
10:01:46,3198.0
10:01:47,3198.0
10:01:49,3198.0
10:01:50,3198.0
10:01:52,3198.0
10:01:53,3198.0
10:01:55,3198.0
10:01:56,3198.0
10:01:58,3198.0
10:01:59,3198.0
10:02:01,3198.0
10:02:02,3198.0
10:02:04,3198.0
10:02:06,3198.0
10:02:08,3198.0
10:02:09,3198.0
10:02:13,3198.0
10:02:14,3198.0
10:02:19,3198.0
10:02:20,3198.0
10:02:22,3198.0
10:02:24,3195.7
10:02:25,3195.7
10:02:27,3195.7
10:02:29,3195.7
10:02:30,3195.7
10:02:32,3195.7
10:02:34,3195.7
10:02:35,3195.7
10:02:37,3195.7
10:02:38,3195.7
10:02:40,3195.7
10:02:41,3195.7
10:02:43,3195.7
10:02:44,3195.7
10:02:46,3195.7
10:02:47,3195.7
10:02:49,3195.7
10:02:51,3195.7
10:02:52,3198.3
10:02:54,3198.3
10:02:55,3198.3
10:02:57,3198.3
10:02:58,3198.3
10:03:00,3198.3
10:03:01,3198.3
10:03:03,3198.3
10:03:04,3198.3
10:03:06,3198.3
10:03:07,3198.3
10:03:09,3198.3
10:03:10,3198.3
10:03:12,3198.3
10:03:13,3198.3
10:03:15,3198.3
10:03:16,3198.3
10:03:19,3198.3
10:03:20,3198.3
10:03:22,3198.3
10:03:23,3198.3
10:03:25,3198.3
10:03:26,3198.3
10:03:28,3198.3
10:03:29,3198.3
10:03:31,3198.3
10:03:33,3198.3
10:03:34,3205.95
10:03:36,3205.95
10:03:37,3205.95
10:03:39,3205.95
10:03:40,3205.95
10:03:42,3205.95
10:03:43,3205.95
10:03:46,3205.95
10:03:47,3205.95
10:03:49,3205.95
10:03:50,3205.95
10:03:52,3205.95
10:03:53,3205.95
10:03:55,3205.95
10:03:57,3205.95
10:03:58,3205.95
10:04:00,3205.95
10:04:01,3205.95
10:04:03,3209.35
10:04:04,3209.35
10:04:06,3209.35
10:04:07,3209.35
10:04:09,3209.35
10:04:10,3209.35
10:04:12,3209.35
10:04:14,3209.35
10:04:15,3209.1
10:04:16,3209.1
10:04:18,3209.1
10:04:19,3209.1
10:04:21,3209.1
10:04:22,3209.1
10:04:24,3209.1
10:04:25,3209.1
10:04:27,3209.1
10:04:31,3209.1
10:04:35,3209.1
10:04:36,3209.1
10:04:38,3209.1
10:04:40,3209.1
10:04:42,3209.1
10:04:44,3209.1
10:04:46,3209.1
10:04:52,3209.1
10:04:56,3209.1
10:05:01,3210.3
10:05:07,3210.3
10:05:09,3210.3
10:05:11,3210.3
10:05:13,3210.3
10:05:15,3210.3
10:05:17,3212.0
10:05:19,3212.0
10:05:20,3212.0
10:05:22,3212.0
10:05:24,3212.0
10:05:26,3212.0
10:05:28,3212.0
10:05:30,3212.0
10:05:32,3212.0
10:05:34,3212.0
10:05:36,3212.0
10:05:37,3212.0
10:05:39,3212.0
10:05:41,3212.0
10:05:43,3212.0
10:05:45,3212.0
10:05:47,3212.0
10:05:49,3212.0
10:05:51,3212.0
10:05:53,3212.0
10:05:55,3212.0
10:05:57,3212.0
10:05:59,3211.1
10:06:00,3211.1
10:06:02,3211.1
10:06:04,3211.1
10:06:06,3211.1
10:06:08,3211.1
10:06:10,3211.1
10:06:12,3211.1
10:06:14,3211.1
10:06:16,3211.1
10:06:18,3211.1
10:06:20,3211.1
10:06:21,3211.1
10:06:23,3211.1
10:06:25,3211.1
10:06:27,3213.0
10:06:29,3213.0
10:06:31,3213.0
10:06:33,3213.0
10:06:35,3213.0
10:06:37,3213.0
10:06:39,3213.0
10:06:40,3214.05
10:06:42,3214.05
10:06:44,3214.05
10:06:46,3214.05
10:06:48,3214.05
10:06:50,3214.05
10:06:52,3214.05
10:06:54,3214.05
10:06:56,3214.05
10:06:57,3214.05
10:06:59,3214.05
10:07:01,3214.05
10:07:03,3214.05
10:07:05,3214.05
10:07:07,3214.05
10:07:09,3214.05
10:07:10,3214.05
10:07:12,3214.05
10:07:14,3214.05
10:07:17,3214.05
10:07:19,3214.05
10:07:21,3214.05
10:07:24,3214.05
10:07:26,3214.05
10:07:28,3214.05
10:07:30,3214.05
10:07:32,3214.05
10:07:34,3214.0
10:07:36,3214.0
10:07:37,3214.0
10:07:39,3214.0
10:07:43,3214.0
10:07:45,3214.0
10:07:46,3214.0
10:07:48,3214.0
10:07:50,3214.0
10:07:52,3214.0
10:07:54,3214.0
10:07:57,3214.0
10:07:59,3214.0
10:08:00,3214.0
10:08:02,3214.0
10:08:04,3214.0
10:08:06,3214.0
10:08:08,3214.0
10:08:10,3214.0
10:08:12,3214.0
10:08:14,3214.0
10:08:16,3215.75
10:08:18,3215.75
10:08:20,3215.75
10:08:22,3215.75
10:08:24,3215.75
10:08:26,3215.75
10:08:28,3215.75
10:08:30,3216.0
10:08:33,3216.0
10:08:34,3216.0
10:08:37,3216.0
10:08:39,3216.0
10:08:41,3216.0
10:08:44,3216.0
10:08:46,3216.0
10:08:47,3216.0
10:08:49,3216.0
10:08:51,3216.0
10:08:53,3216.0
10:08:55,3216.0
10:08:57,3216.0
10:08:59,3214.2
10:09:01,3214.2
10:09:03,3214.2
10:09:05,3214.2
10:09:07,3214.2
10:09:09,3214.2
10:09:10,3214.2
10:09:12,3214.2
10:09:14,3214.2
10:09:16,3214.2
10:09:18,3214.2
10:09:20,3214.2
10:09:23,3214.2
10:09:26,3214.2
10:09:32,3215.95
10:09:35,3215.95
10:09:37,3215.95
10:09:38,3215.95
10:09:39,3215.95
10:09:41,3215.95
10:09:42,3215.95
10:09:44,3215.95
10:09:45,3215.95
10:09:47,3219.0
10:09:49,3219.0
10:09:50,3219.0
10:09:52,3219.0
10:09:54,3219.0
10:09:55,3219.0
10:09:57,3219.0
10:09:58,3219.0
10:10:00,3219.0
10:10:01,3219.0
10:10:03,3219.0
10:10:04,3219.0
10:10:06,3219.0
10:10:07,3219.0
10:10:09,3219.0
10:10:10,3219.0
10:10:12,3219.0
10:10:13,3219.0
10:10:15,3219.0
10:10:16,3219.0
10:10:18,3219.0
10:10:19,3219.0
10:10:20,3219.0
10:10:22,3219.0
10:10:23,3219.0
10:10:25,3219.0
10:10:26,3216.95
10:10:28,3216.95
10:10:29,3216.95
10:10:30,3216.95
10:10:32,3216.95
10:10:33,3216.95
10:10:34,3216.95
10:10:36,3216.95
10:10:37,3216.95
10:10:39,3216.95
10:10:40,3216.95
10:10:42,3216.95
10:10:43,3216.95
10:10:45,3216.95
10:10:46,3216.95
10:10:48,3216.95
10:10:49,3216.95
10:10:50,3216.95
10:10:52,3216.95
10:10:53,3216.95
10:10:55,3216.95
10:10:56,3216.95
10:10:58,3216.95
10:10:59,3216.95
10:11:00,3216.95
10:11:02,3216.95
10:11:03,3216.95
10:11:05,3216.95
10:11:06,3216.95
10:11:08,3216.95
10:11:09,3216.95
10:11:10,3216.95
10:11:12,3216.95
10:11:13,3216.95
10:11:15,3216.95
10:11:16,3216.95
10:11:17,3216.95
10:11:19,3216.95
10:11:20,3216.95
10:11:22,3216.0
10:11:23,3216.0
10:11:25,3216.0
10:11:26,3216.0
10:11:28,3216.0
10:11:29,3216.0
10:11:31,3216.0
10:11:32,3216.0
10:11:34,3216.0
10:11:36,3216.0
10:11:37,3216.0
10:11:38,3216.0
10:11:40,3216.0
10:11:41,3216.0
10:11:43,3216.0
10:11:44,3216.0
10:11:45,3216.0
10:11:47,3216.0
10:11:48,3214.15
10:11:50,3214.15
10:11:51,3214.15
10:11:53,3214.15
10:11:54,3214.15
10:11:55,3214.15
10:11:57,3214.15
10:11:58,3214.15
10:12:00,3214.15
10:12:01,3215.5
10:12:03,3215.5
10:12:04,3215.5
10:12:05,3215.5
10:12:07,3215.5
10:12:08,3215.5
10:12:10,3215.5
10:12:11,3215.5
10:12:12,3215.5
10:12:14,3215.5
10:12:15,3215.5
10:12:17,3215.5
10:12:18,3215.5
10:12:19,3215.5
10:12:21,3215.5
10:12:22,3215.5
10:12:23,3215.5
10:12:25,3215.5
10:12:26,3215.5
10:12:28,3215.5
10:12:29,3213.0
10:12:31,3213.0
10:12:32,3213.0
10:12:33,3213.0
10:12:35,3213.0
10:12:36,3213.0
10:12:38,3213.0
10:12:39,3213.0
10:12:41,3213.0
10:12:42,3213.0
10:12:43,3213.0
10:12:45,3213.0
10:12:46,3213.0
10:12:48,3213.0
10:12:49,3213.0
10:12:51,3213.0
10:12:52,3213.0
10:12:54,3213.0
10:12:55,3212.9
10:12:57,3212.9
10:12:58,3212.9
10:12:59,3212.9
10:13:01,3212.9
10:13:02,3212.9
10:13:04,3212.9
10:13:05,3212.9
10:13:07,3212.9
10:13:08,3212.9
10:13:10,3212.9
10:13:11,3212.9
10:13:12,3212.9
10:13:14,3212.9
10:13:15,3212.9
10:13:17,3212.9
10:13:18,3212.9
10:13:19,3212.9
10:13:21,3212.9
10:13:22,3212.9
10:13:24,3212.9
10:13:25,3212.9
10:13:27,3212.9
10:13:28,3212.9
10:13:30,3212.9
10:13:31,3212.9
10:13:33,3212.9
10:13:34,3215.0
10:13:36,3215.0
10:13:38,3215.0
10:13:39,3215.0
10:13:41,3215.0
10:13:42,3215.0
10:13:44,3215.0
10:13:45,3215.0
10:13:46,3215.0
10:13:48,3215.0
10:13:49,3215.0
10:13:51,3215.0
10:13:52,3215.0
10:13:54,3215.0
10:13:55,3215.0
10:13:56,3215.0
10:13:58,3215.0
10:13:59,3215.0
10:14:01,3219.0
10:14:02,3219.0
10:14:04,3219.0
10:14:05,3219.0
10:14:06,3219.0
10:14:08,3219.0
10:14:09,3219.0
10:14:11,3219.0
10:14:12,3219.0
10:14:13,3219.0
10:14:15,3219.0
10:14:16,3219.0
10:14:18,3219.0
10:14:19,3219.0
10:14:21,3219.0
10:14:22,3219.0
10:14:24,3219.0
10:14:26,3219.0
10:14:27,3217.65
10:14:28,3217.65
10:14:30,3217.65
10:14:41,3217.65
10:14:44,3217.65
10:14:46,3217.65
10:14:49,3217.65
10:14:52,3217.65
10:14:55,3217.65
10:14:58,3216.7
10:15:00,3216.7
10:15:03,3216.7
10:15:06,3216.7
10:15:09,3216.7
10:15:11,3216.7
10:15:14,3216.7
10:15:16,3216.7
10:15:19,3216.7
10:15:22,3216.7
10:15:24,3216.7
10:15:27,3216.7
10:15:30,3216.7
10:15:32,3216.7
10:15:35,3216.7
10:15:38,3217.95
10:15:40,3217.95
10:15:43,3217.95
10:15:46,3217.95
10:15:49,3217.95
10:15:51,3217.95
10:15:54,3217.95
10:15:57,3217.95
10:15:59,3217.95
10:16:02,3217.95
10:16:04,3216.95
10:16:07,3216.95
10:16:10,3216.95
10:16:13,3216.95
10:16:16,3216.95
10:16:18,3216.1
10:16:20,3216.1
10:16:23,3216.1
10:16:26,3216.1
10:16:29,3216.1
10:16:31,3216.1
10:16:34,3216.1
10:16:36,3216.1
10:16:41,3216.1
10:16:44,3216.1
10:16:47,3216.1
10:16:50,3216.1
10:16:52,3216.1
10:16:55,3216.1
10:16:57,3216.1
10:17:00,3216.05
10:17:02,3216.05
10:17:06,3216.05
10:17:08,3216.05
10:17:11,3216.05
10:17:16,3216.05
10:17:19,3216.05
10:17:22,3216.05
10:17:24,3216.05
10:17:27,3216.05
10:17:29,3216.05
10:17:32,3214.6
10:17:34,3214.6
10:17:41,3214.6
10:17:45,3214.2
10:17:48,3214.2
10:17:51,3214.2
10:17:54,3214.2
10:17:57,3214.2
10:17:59,3214.2
10:18:02,3214.2
10:18:04,3214.2
10:18:07,3214.2
10:18:09,3214.2
10:18:12,3214.2
10:18:17,3214.2
10:18:20,3214.2
10:18:25,3214.2
10:18:32,3216.0
10:18:38,3216.0
10:18:47,3214.9
10:18:51,3214.9
10:18:56,3214.9
10:19:06,3214.9
10:19:12,3214.9
10:19:17,3214.9
10:19:21,3213.2
10:19:25,3213.2
10:19:28,3213.2
10:19:32,3213.2
10:19:36,3213.2
10:19:37,3213.2
10:19:39,3213.2
10:19:40,3213.2
10:19:41,3213.2
10:19:43,3213.2
10:19:44,3213.2
10:19:46,3213.2
10:19:47,3213.2
10:19:48,3213.2
10:19:50,3213.2
10:19:51,3214.25
10:19:53,3214.25
10:19:54,3214.25
10:19:57,3214.25
10:20:02,3214.25
10:20:09,3214.25
10:20:16,3214.25
10:20:21,3214.25
10:20:26,3213.2
10:20:44,3213.2
10:20:47,3214.5
10:20:48,3214.5
10:20:50,3214.5
10:20:51,3214.5
10:20:52,3214.5
10:20:54,3214.5
10:20:55,3214.5
10:20:57,3214.5
10:20:58,3214.5
10:21:00,3214.5
10:21:01,3214.5
10:21:03,3214.5
10:21:04,3214.5
10:21:05,3214.5
10:21:07,3214.5
10:21:08,3214.5
10:21:10,3214.5
10:21:11,3214.5
10:21:13,3214.5
10:21:14,3214.95
10:21:16,3214.95
10:21:17,3214.95
10:21:18,3214.95
10:21:20,3214.95
10:21:21,3214.95
10:21:23,3214.95
10:21:24,3214.95
10:21:25,3214.95
10:21:27,3214.95
10:21:28,3214.95
10:21:29,3214.95
10:21:31,3214.95
10:21:32,3214.95
10:21:33,3214.95
10:21:35,3214.95
10:21:36,3214.95
10:21:38,3214.95
10:21:39,3214.95
10:21:41,3214.95
10:21:42,3214.95
10:21:43,3214.95
10:21:45,3214.95
10:21:46,3214.95
10:21:48,3214.95
10:21:49,3214.95
10:21:50,3214.95
10:21:52,3214.95
10:21:53,3214.95
10:21:55,3216.2
10:21:56,3216.2
10:21:57,3216.2
10:21:59,3216.2
10:22:00,3216.2
10:22:01,3216.2
10:22:02,3216.2
10:22:04,3216.2
10:22:05,3216.2
10:22:06,3216.2
10:22:08,3216.2
10:22:09,3216.2
10:22:10,3216.2
10:22:12,3216.2
10:22:13,3216.2
10:22:14,3216.2
10:22:16,3216.2
10:22:17,3216.2
10:22:19,3216.2
10:22:20,3216.2
10:22:22,3216.2
10:22:23,3216.2
10:22:25,3216.2
10:22:26,3216.2
10:22:28,3216.2
10:22:29,3216.2
10:22:31,3216.2
10:22:32,3216.2
10:22:34,3216.2
10:22:35,3216.2
10:22:36,3216.75
10:22:38,3216.75
10:22:39,3216.75
10:22:41,3216.75
10:22:42,3216.75
10:22:44,3216.75
10:22:45,3216.75
10:22:46,3216.75
10:22:48,3216.75
10:22:49,3216.85
10:22:51,3216.85
10:22:52,3216.85
10:22:53,3216.85
10:22:55,3216.85
10:22:56,3216.85
10:22:57,3216.85
10:22:59,3216.85
10:23:00,3216.85
10:23:02,3216.85
10:23:03,3216.85
10:23:04,3216.85
10:23:06,3216.85
10:23:07,3216.85
10:23:09,3216.85
10:23:10,3216.85
10:23:12,3216.85
10:23:13,3216.85
10:23:15,3216.85
10:23:16,3216.85
10:23:18,3216.85
10:23:19,3216.85
10:23:21,3216.85
10:23:22,3216.85
10:23:24,3216.85
10:23:25,3216.85
10:23:27,3216.85
10:23:28,3216.85
10:23:29,3215.75
10:23:31,3215.75
10:23:32,3215.75
10:23:34,3215.75
10:23:35,3215.75
10:23:37,3214.95
10:23:38,3214.95
10:23:39,3214.95
10:23:41,3214.95
10:23:42,3214.95
10:23:44,3214.95
10:23:45,3214.95
10:23:46,3214.95
10:23:48,3214.95
10:23:49,3214.95
10:23:51,3214.95
10:23:52,3214.95
10:23:54,3214.95
10:23:55,3214.95
10:23:57,3214.95
10:23:58,3214.95
10:24:00,3214.95
10:24:01,3214.95
10:24:03,3214.95
10:24:04,3214.95
10:24:05,3214.95
10:24:07,3214.95
10:24:08,3214.95
10:24:10,3214.95
10:24:11,3214.95
10:24:13,3214.95
10:24:14,3214.95
10:24:15,3214.95
10:24:17,3214.95
10:24:18,3214.95
10:24:20,3214.95
10:24:21,3214.95
10:24:23,3214.95
10:24:24,3214.95
10:24:26,3214.95
10:24:27,3214.95
10:24:29,3213.95
10:24:30,3213.95
10:24:32,3213.95
10:24:33,3213.95
10:24:36,3213.95
10:24:37,3213.95
10:24:38,3213.95
10:24:40,3213.95
10:24:41,3213.95
10:24:43,3213.95
10:24:44,3213.95
10:24:46,3213.95
10:24:47,3213.95
10:24:49,3213.95
10:24:51,3213.95
10:24:52,3213.95
10:24:54,3213.95
10:24:55,3213.95
10:24:57,3213.95
10:24:58,3213.95
10:24:59,3213.95
10:25:01,3213.95
10:25:02,3213.95
10:25:04,3213.95
10:25:05,3213.95
10:25:07,3213.95
10:25:08,3214.05
10:25:10,3214.05
10:25:11,3214.05
10:25:13,3214.05
10:25:14,3214.05
10:25:15,3214.05
10:25:17,3214.05
10:25:18,3214.05
10:25:20,3214.05
10:25:21,3214.05
10:25:23,3214.05
10:25:25,3214.05
10:25:26,3214.05
10:25:27,3214.05
10:25:29,3214.05
10:25:31,3214.05
10:25:32,3214.05
10:25:34,3214.05
10:25:35,3214.05
10:25:36,3214.05
10:25:38,3214.05
10:25:39,3214.05
10:25:41,3214.05
10:25:42,3214.05
10:25:44,3214.05
10:25:45,3214.05
10:25:47,3214.05
10:25:48,3212.5
10:25:50,3212.5
10:25:51,3212.5
10:25:53,3212.5
10:25:54,3212.5
10:25:55,3212.5
10:25:57,3212.5
10:25:58,3212.5
10:26:00,3212.5
10:26:01,3212.5
10:26:03,3212.5
10:26:04,3212.5
10:26:06,3212.5
10:26:07,3212.5
10:26:09,3212.5
10:26:10,3212.5
10:26:12,3212.5
10:26:13,3212.5
10:26:15,3213.0
10:26:16,3213.0
10:26:17,3213.0
10:26:19,3213.0
10:26:20,3213.0
10:26:22,3213.0
10:26:23,3213.0
10:26:25,3213.0
10:26:26,3213.0
10:26:28,3213.0
10:26:29,3213.0
10:26:31,3213.0
10:26:32,3213.0
10:26:34,3213.0
10:26:35,3213.0
10:26:37,3213.0
10:26:38,3213.0
10:26:40,3213.0
10:26:41,3213.0
10:26:43,3213.0
10:26:44,3213.0
10:26:46,3213.0
10:26:47,3213.0
10:26:48,3213.0
10:26:50,3213.0
10:26:51,3213.0
10:26:53,3213.0
10:26:54,3213.0
10:26:56,3213.75
10:26:57,3213.75
10:26:59,3213.75
10:27:00,3213.75
10:27:02,3213.75
10:27:03,3213.75
10:27:04,3213.75
10:27:06,3213.75
10:27:07,3213.75
10:27:09,3213.75
10:27:10,3213.75
10:27:12,3213.75
10:27:13,3213.75
10:27:15,3213.75
10:27:16,3213.75
10:27:18,3213.75
10:27:19,3213.75
10:27:21,3213.75
10:27:22,3213.75
10:27:24,3211.1
10:27:25,3211.1
10:27:27,3211.1
10:27:28,3211.1
10:27:30,3211.1
10:27:31,3211.1
10:27:33,3211.1
10:27:34,3211.1
10:27:36,3211.1
10:27:37,3211.1
10:27:39,3211.1
10:27:40,3211.1
10:27:42,3211.1
10:27:43,3211.1
10:27:44,3211.1
10:27:46,3211.1
10:27:47,3211.1
10:27:49,3211.1
10:27:50,3208.05
10:27:52,3208.05
10:27:54,3208.05
10:27:55,3208.05
10:27:56,3208.05
10:27:58,3208.05
10:27:59,3208.05
10:28:01,3208.05
10:28:02,3208.05
10:28:04,3208.05
10:28:05,3208.05
10:28:07,3208.05
10:28:08,3208.05
10:28:10,3208.05
10:28:11,3208.05
10:28:12,3208.05
10:28:14,3208.05
10:28:16,3208.05
10:28:17,3208.05
10:28:19,3209.25
10:28:20,3209.25
10:28:22,3209.25
10:28:23,3209.25
10:28:24,3209.25
10:28:26,3209.25
10:28:27,3209.25
10:28:29,3209.25
10:28:30,3209.25
10:28:32,3209.25
10:28:33,3209.25
10:28:35,3209.25
10:28:36,3209.25
10:28:38,3209.25
10:28:39,3209.25
10:28:42,3209.25
10:28:46,3209.25
10:28:48,3209.25
10:28:50,3209.25
10:28:52,3209.25
10:28:54,3209.25
10:28:56,3209.25
10:28:58,3208.0
10:29:01,3208.0
10:29:03,3208.0
10:29:05,3208.0
10:29:07,3208.0
10:29:09,3208.0
10:29:12,3210.2
10:29:14,3210.2
10:29:16,3210.2
10:29:18,3210.2
10:29:20,3210.2
10:29:22,3210.2
10:29:24,3210.2
10:29:27,3210.2
10:29:29,3210.2
10:29:31,3210.2
10:29:33,3210.2
10:29:37,3210.2
10:29:41,3210.2
10:29:45,3210.2
10:29:47,3210.2
10:29:49,3210.2
10:29:51,3210.2
10:29:53,3210.2
10:29:55,3210.2
10:29:58,3210.2
10:30:00,3210.2
10:30:02,3210.2
10:30:04,3210.2
10:30:07,3212.2
10:30:09,3212.2
10:30:11,3212.2
10:30:14,3212.2
10:30:16,3212.2
10:30:18,3212.2
10:30:20,3212.2
10:30:22,3212.75
10:30:24,3212.75
10:30:26,3212.75
10:30:29,3212.75
10:30:32,3212.75
10:30:34,3212.75
10:30:36,3212.75
10:30:38,3212.75
10:30:40,3212.75
10:30:42,3212.75
10:30:45,3212.75
10:30:47,3212.75
10:30:49,3212.75
10:30:51,3212.75
10:30:53,3212.75
10:30:56,3212.75
10:30:58,3212.75
10:31:00,3212.75
10:31:02,3213.55
10:31:04,3213.55
10:31:06,3213.55
10:31:08,3213.55
10:31:11,3213.55
10:31:13,3213.55
10:31:15,3213.55
10:31:17,3213.55
10:31:19,3213.55
10:31:21,3213.55
10:31:23,3213.55
10:31:25,3213.55
10:31:28,3216.35
10:31:30,3216.35
10:31:32,3216.35
10:31:35,3216.35
10:31:37,3216.35
10:31:39,3216.35
10:31:41,3216.35
10:31:43,3214.95
10:31:46,3214.95
10:31:48,3214.95
10:31:50,3214.95
10:31:52,3214.95
10:31:54,3214.95
10:31:57,3214.95
10:31:59,3214.95
10:32:01,3214.95
10:32:03,3214.95
10:32:08,3214.95
10:32:14,3214.95
10:32:21,3214.95
10:32:26,3214.95
10:32:28,3214.95
10:32:30,3213.95
10:32:32,3213.95
10:32:35,3213.95
10:32:37,3213.95
10:32:39,3213.95
10:32:42,3213.95
10:32:47,3212.6
10:32:49,3212.6
10:32:53,3212.6
10:32:56,3212.6
10:32:59,3212.6
10:33:01,3212.6
10:33:03,3212.6
10:33:06,3212.6
10:33:08,3212.6
10:33:11,3212.6
10:33:13,3212.6
10:33:15,3212.6
10:33:17,3211.75
10:33:20,3211.75
10:33:22,3211.75
10:33:24,3211.75
10:33:26,3211.75
10:33:29,3211.75
10:33:31,3211.75
10:33:33,3211.75
10:33:36,3211.75
10:33:38,3211.75
10:33:40,3211.75
10:33:43,3211.75
10:33:45,3214.95
10:33:47,3214.95
10:33:49,3214.95
10:33:51,3214.95
10:33:54,3214.95
10:33:56,3214.95
10:33:59,3214.95
10:34:01,3214.95
10:34:03,3214.95
10:34:05,3214.95
10:34:08,3214.95
10:34:10,3214.95
10:34:12,3214.95
10:34:14,3214.95
10:34:17,3214.95
10:34:20,3214.95
10:34:22,3214.95
10:34:24,3214.95
10:34:26,3218.0
10:34:28,3218.0
10:34:30,3218.0
10:34:32,3218.0
10:34:35,3218.0
10:34:41,3218.0
10:34:50,3218.0
10:35:02,3219.35
10:35:13,3219.35
10:35:19,3219.0
10:35:20,3219.0
10:35:22,3219.0
10:35:24,3219.0
10:35:25,3219.0
10:35:26,3219.0
10:35:28,3219.0
10:35:29,3219.0
10:35:31,3219.0
10:35:32,3219.0
10:35:34,3219.0
10:35:35,3219.0
10:35:37,3219.0
10:35:39,3219.0
10:35:40,3219.0
10:35:42,3219.0
10:35:43,3219.0
10:35:45,3219.0
10:35:46,3219.0
10:35:48,3219.0
10:35:49,3219.0
10:35:51,3219.0
10:35:52,3219.0
10:35:54,3219.0
10:35:55,3219.0
10:35:57,3219.0
10:35:58,3219.0
10:36:00,3219.0
10:36:01,3223.9
10:36:03,3223.9
10:36:04,3223.9
10:36:06,3223.9
10:36:08,3223.9
10:36:10,3223.9
10:36:11,3223.9
10:36:12,3223.9
10:36:17,3223.9
10:36:19,3223.9
10:36:20,3223.9
10:36:22,3223.9
10:36:23,3223.9
10:36:25,3223.9
10:36:26,3223.9
10:36:28,3228.2
10:36:29,3228.2
10:36:31,3228.2
10:36:32,3228.2
10:36:34,3228.2
10:36:35,3228.2
10:36:37,3228.2
10:36:38,3228.2
10:36:40,3227.95
10:36:42,3227.95
10:36:43,3227.95
10:36:45,3227.95
10:36:46,3227.95
10:36:48,3227.95
10:36:49,3227.95
10:36:50,3227.95
10:36:52,3227.95
10:36:53,3227.95
10:36:55,3227.95
10:36:56,3227.95
10:36:58,3227.95
10:37:00,3227.95
10:37:01,3227.95
10:37:02,3227.95
10:37:04,3227.95
10:37:05,3227.95
10:37:07,3227.95
10:37:08,3227.95
10:37:10,3227.95
10:37:11,3227.95
10:37:13,3227.95
10:37:15,3227.95
10:37:16,3227.95
10:37:18,3227.95
10:37:19,3227.95
10:37:21,3223.4
10:37:22,3223.4
10:37:23,3223.4
10:37:25,3223.4
10:37:26,3223.4
10:37:28,3223.4
10:37:29,3223.4
10:37:31,3223.4
10:37:32,3223.4
10:37:34,3223.4
10:37:36,3223.4
10:37:37,3223.4
10:37:38,3223.4
10:37:40,3223.4
10:37:42,3223.4
10:37:43,3223.4
10:37:45,3223.4
10:37:46,3223.4
10:37:48,3223.4
10:37:49,3224.7
10:37:51,3224.7
10:37:52,3224.7
10:37:53,3224.7
10:37:55,3224.7
10:37:57,3224.7
10:37:58,3224.7
10:38:00,3224.7
10:38:01,3224.7
10:38:03,3224.7
10:38:04,3224.7
10:38:06,3224.7
10:38:07,3224.7
10:38:08,3224.7
10:38:10,3224.7
10:38:11,3224.7
10:38:13,3224.7
10:38:14,3224.7
10:38:16,3224.0
10:38:17,3224.0
10:38:19,3224.0
10:38:20,3224.0
10:38:22,3224.0
10:38:23,3224.0
10:38:25,3224.0
10:38:26,3224.0
10:38:27,3224.0
10:38:29,3224.0
10:38:30,3224.0
10:38:32,3224.0
10:38:34,3224.0
10:38:35,3224.0
10:38:37,3224.0
10:38:38,3224.0
10:38:40,3224.0
10:38:41,3224.0
10:38:43,3224.0
10:38:45,3224.0
10:38:46,3224.0
10:38:48,3224.0
10:38:49,3224.0
10:38:50,3224.0
10:38:55,3224.0
10:38:56,3224.0
10:38:58,3224.0
10:38:59,3226.0
10:39:01,3226.0
10:39:02,3226.0
10:39:03,3226.0
10:39:05,3226.0
10:39:06,3226.0
10:39:08,3226.0
10:39:09,3226.0
10:39:11,3226.0
10:39:12,3226.0
10:39:14,3226.0
10:39:15,3226.0
10:39:17,3226.0
10:39:18,3226.0
10:39:19,3226.0
10:39:21,3226.0
10:39:23,3226.0
10:39:24,3226.0
10:39:26,3227.7
10:39:27,3227.7
10:39:29,3227.7
10:39:30,3227.7
10:39:32,3227.7
10:39:33,3227.7
10:39:35,3227.7
10:39:39,3227.7
10:39:41,3227.7
10:39:42,3227.7
10:39:43,3227.7
10:39:45,3227.7
10:39:46,3227.7
10:39:48,3227.7
10:39:49,3227.7
10:39:51,3227.7
10:39:52,3227.7
10:39:54,3227.55
10:39:55,3227.55
10:39:56,3227.55
10:39:58,3227.55
10:39:59,3227.55
10:40:01,3227.55
10:40:02,3227.55
10:40:04,3227.55
10:40:05,3227.55
10:40:07,3227.55
10:40:08,3227.55
10:40:10,3227.55
10:40:11,3227.55
10:40:12,3227.55
10:40:14,3227.55
10:40:15,3227.55
10:40:17,3227.55
10:40:18,3227.55
10:40:19,3227.55
10:40:21,3227.55
10:40:22,3227.55
10:40:24,3227.55
10:40:25,3227.55
10:40:27,3227.55
10:40:28,3227.55
10:40:30,3227.55
10:40:31,3227.55
10:40:32,3227.55
10:40:34,3227.55
10:40:35,3227.55
10:40:37,3227.55
10:40:38,3227.55
10:40:40,3227.55
10:40:41,3227.55
10:40:42,3227.55
10:40:44,3227.55
10:40:45,3227.55
10:40:47,3227.55
10:40:49,3227.55
10:40:50,3227.55
10:40:52,3227.55
10:40:53,3227.55
10:40:54,3227.55
10:40:56,3227.55
10:40:57,3227.55
10:40:58,3229.45
10:41:00,3229.45
10:41:01,3229.45
10:41:03,3229.45
10:41:04,3229.45
10:41:06,3229.45
10:41:07,3229.45
10:41:09,3229.45
10:41:10,3229.45
10:41:11,3229.45
10:41:13,3229.45
10:41:14,3229.45
10:41:15,3229.45
10:41:17,3229.45
10:41:19,3229.45
10:41:20,3229.45
10:41:21,3229.45
10:41:23,3229.45
10:41:24,3229.45
10:41:26,3229.45
10:41:27,3229.45
10:41:28,3229.45
10:41:30,3229.45
10:41:31,3229.45
10:41:33,3229.45
10:41:34,3229.45
10:41:35,3229.45
10:41:37,3229.45
10:41:38,3229.8
10:41:39,3229.8
10:41:41,3229.8
10:41:42,3229.8
10:41:43,3229.8
10:41:45,3229.8
10:41:46,3229.8
10:41:47,3229.8
10:41:49,3229.8
10:41:50,3229.8
10:41:51,3226.9
10:41:53,3226.9
10:41:54,3226.9
10:41:55,3226.9
10:41:56,3226.9
10:41:58,3226.9
10:41:59,3226.9
10:42:00,3226.9
10:42:02,3226.9
10:42:03,3226.9
10:42:05,3226.9
10:42:06,3226.9
10:42:07,3226.9
10:42:09,3226.9
10:42:10,3226.9
10:42:11,3226.9
10:42:13,3226.9
10:42:14,3226.9
10:42:15,3226.9
10:42:17,3226.9
10:42:18,3226.9
10:42:20,3226.9
10:42:22,3226.9
10:42:24,3226.9
10:42:25,3226.9
10:42:26,3226.9
10:42:28,3226.9
10:42:29,3226.9
10:42:31,3226.9
10:42:32,3226.9
10:42:34,3226.9
10:42:35,3226.9
10:42:37,3226.9
10:42:38,3226.9
10:42:39,3226.9
10:42:41,3226.9
10:42:42,3226.9
10:42:44,3226.9
10:42:45,3226.9
10:42:47,3226.9
10:42:48,3226.9
10:42:50,3226.9
10:42:51,3226.9
10:42:52,3226.9
10:42:54,3226.9
10:42:55,3226.9
10:42:57,3226.9
10:42:58,3226.9
10:43:00,3226.9
10:43:01,3227.25
10:43:03,3227.25
10:43:04,3227.25
10:43:06,3227.25
10:43:08,3227.25
10:43:09,3227.25
10:43:10,3227.25
10:43:12,3227.25
10:43:13,3227.25
10:43:15,3227.25
10:43:16,3227.25
10:43:18,3227.25
10:43:19,3227.25
10:43:21,3227.25
10:43:35,3226.4
10:43:42,3226.4
10:43:46,3226.4
10:43:47,3226.4
10:43:48,3226.4
10:43:50,3226.4
10:43:51,3226.4
10:43:53,3226.4
10:43:54,3226.4
10:43:55,3226.4
10:43:59,3226.4
10:44:04,3220.8
10:44:06,3220.8
10:44:07,3220.8
10:44:09,3220.8
10:44:10,3220.8
10:44:11,3220.8
10:44:13,3220.8
10:44:14,3220.8
10:44:16,3220.8
10:44:17,3220.8
10:44:19,3221.85
10:44:20,3221.85
10:44:31,3221.85
10:44:34,3221.85
10:44:36,3221.85
10:44:37,3221.85
10:44:40,3221.85
10:44:41,3221.85
10:44:42,3221.85
10:44:44,3221.85
10:44:45,3221.95
10:44:46,3221.95
10:44:48,3221.95
10:44:50,3221.95
10:44:51,3221.95
10:44:53,3221.95
10:44:54,3221.95
10:44:56,3221.95
10:44:57,3221.95
10:44:58,3221.95
10:45:00,3221.95
10:45:01,3221.95
10:45:03,3221.95
10:45:04,3221.95
10:45:06,3221.95
10:45:07,3221.95
10:45:08,3221.95
10:45:10,3221.95
10:45:11,3221.6
10:45:13,3221.6
10:45:14,3221.6
10:45:16,3221.6
10:45:18,3221.6
10:45:19,3221.6
10:45:21,3221.6
10:45:22,3221.6
10:45:24,3221.6
10:45:25,3221.6
10:45:27,3221.6
10:45:28,3221.6
10:45:30,3221.6
10:45:31,3221.6
10:45:33,3221.6
10:45:34,3221.6
10:45:35,3221.6
10:45:37,3221.6
10:45:38,3221.6
10:45:40,3221.6
10:45:41,3221.6
10:45:43,3221.6
10:45:47,3221.6
10:45:49,3221.6
10:45:50,3221.6
10:45:52,3221.6
10:45:53,3221.6
10:45:55,3223.25
10:45:57,3223.25
10:45:58,3223.25
10:45:59,3223.25
10:46:01,3223.25
10:46:02,3223.25
10:46:15,3223.25
10:46:21,3223.25
10:46:23,3223.25
10:46:25,3223.25
10:46:26,3223.25
10:46:28,3223.25
10:46:29,3223.25
10:46:30,3223.25
10:46:32,3221.05
10:46:33,3221.05
10:46:35,3221.05
10:46:36,3221.05
10:46:38,3221.05
10:46:39,3221.05
10:46:41,3221.05
10:46:42,3221.05
10:46:44,3221.05
10:46:45,3221.05
10:46:47,3221.05
10:46:48,3221.05
10:46:50,3221.05
10:46:51,3221.05
10:46:53,3221.05
10:46:54,3221.05
10:46:56,3221.05
10:46:57,3221.05
10:46:59,3221.05
10:47:00,3221.05
10:47:02,3221.25
10:47:04,3221.25
10:47:05,3221.25
10:47:07,3221.25
10:47:08,3221.25
10:47:10,3221.25
10:47:15,3221.25
10:47:25,3221.55
10:47:34,3221.55
10:47:44,3221.55
10:47:46,3221.55
10:47:47,3221.55
10:47:49,3221.55
10:47:50,3221.55
10:47:51,3221.55
10:47:53,3221.55
10:47:54,3221.55
10:47:56,3221.55
10:47:57,3221.55
10:47:58,3221.55
10:48:00,3221.55
10:48:01,3218.0
10:48:03,3218.0
10:48:04,3218.0
10:48:05,3218.0
10:48:07,3218.0
10:48:08,3218.0
10:48:10,3218.0
10:48:11,3218.0
10:48:12,3218.0
10:48:14,3218.0
10:48:15,3218.0
10:48:17,3218.0
10:48:18,3218.0
10:48:20,3218.0
10:48:21,3218.0
10:48:22,3218.0
10:48:24,3218.0
10:48:25,3218.0
10:48:26,3218.0
10:48:28,3218.0
10:48:29,3216.45
10:48:31,3216.45
10:48:32,3216.45
10:48:33,3216.45
10:48:35,3216.45
10:48:36,3216.45
10:48:38,3216.45
10:48:43,3216.45
10:48:45,3216.45
10:48:47,3216.45
10:48:48,3216.45
10:48:50,3216.45
10:48:51,3216.45
10:48:52,3216.45
10:48:54,3216.45
10:48:55,3216.45
10:48:57,3216.45
10:48:59,3212.8
10:49:00,3212.8
10:49:05,3212.8
10:49:06,3212.8
10:49:08,3212.8
10:49:09,3212.8
10:49:11,3212.8
10:49:12,3212.8
10:49:14,3212.8
10:49:16,3212.8
10:49:18,3212.8
10:49:19,3212.8
10:49:20,3212.8
10:49:22,3212.8
10:49:23,3212.8
10:49:25,3212.8
10:49:26,3212.8
10:49:28,3212.8
10:49:29,3214.5
10:49:31,3214.5
10:49:34,3214.5
10:49:36,3214.5
10:49:37,3214.5
10:49:39,3214.5
10:49:45,3216.8
10:49:48,3216.8
10:49:50,3216.8
10:49:52,3216.8
10:49:53,3216.8
10:49:54,3216.8
10:49:56,3216.8
10:49:57,3216.8
10:49:59,3216.8
10:50:00,3216.8
10:50:02,3216.8
10:50:03,3216.8
10:50:04,3216.8
10:50:06,3216.8
10:50:07,3216.8
10:50:09,3216.8
10:50:10,3216.8
10:50:12,3216.8
10:50:13,3216.8
10:50:14,3216.8
10:50:16,3216.8
10:50:18,3216.8
10:50:21,3216.8
10:50:22,3216.8
10:50:23,3216.8
10:50:25,3216.8
10:50:26,3216.8
10:50:28,3216.8
10:50:29,3216.8
10:50:30,3216.8
10:50:32,3216.8
10:50:33,3216.8
10:50:35,3216.8
10:50:36,3216.8
10:50:37,3216.8
10:50:39,3216.8
10:50:40,3213.95
10:50:42,3213.95
10:50:43,3213.95
10:50:45,3213.95
10:50:46,3213.95
10:50:48,3213.95
10:50:49,3213.95
10:50:51,3213.95
10:50:52,3213.95
10:50:54,3213.95
10:50:55,3214.9
10:50:57,3214.9
10:50:58,3214.9
10:51:00,3214.9
10:51:01,3214.9
10:51:02,3214.9
10:51:04,3214.9
10:51:05,3214.9
10:51:07,3214.9
10:51:09,3213.95
10:51:10,3213.95
10:51:12,3213.95
10:51:13,3213.95
10:51:15,3213.95
10:51:17,3213.95
10:51:18,3213.95
10:51:20,3213.95
10:51:21,3216.0
10:51:23,3216.0
10:51:24,3216.0
10:51:26,3216.0
10:51:27,3216.0
10:51:29,3216.0
10:51:30,3216.0
10:51:32,3216.0
10:51:33,3216.0
10:51:34,3216.0
10:51:36,3216.0
10:51:37,3216.0
10:51:39,3216.0
10:51:40,3216.0
10:51:41,3216.0
10:51:43,3216.0
10:51:44,3216.0
10:51:46,3216.0
10:51:47,3216.0
10:51:49,3216.0
10:51:50,3218.0
10:51:52,3218.0
10:51:53,3218.0
10:51:55,3218.0
10:51:57,3218.0
10:51:58,3218.0
10:52:00,3218.0
10:52:02,3218.0
10:52:04,3216.0
10:52:05,3216.0
10:52:07,3218.0
10:52:08,3218.0
10:52:10,3218.0
10:52:11,3218.0
10:52:13,3218.0
10:52:14,3218.0
10:52:16,3218.0
10:52:17,3218.0
10:52:20,3218.0
10:52:21,3218.0
10:52:22,3218.0
10:52:24,3218.0
10:52:26,3218.0
10:52:27,3218.0
10:52:29,3218.0
10:52:30,3218.0
10:52:32,3218.0
10:52:34,3218.0
10:52:35,3218.0
10:52:36,3218.0
10:52:38,3218.0
10:52:39,3218.0
10:52:41,3218.0
10:52:42,3218.0
10:52:44,3218.0
10:52:45,3218.0
10:52:47,3218.0
10:52:48,3218.0
10:52:50,3218.0
10:52:52,3218.0
10:52:53,3218.0
10:52:55,3218.0
10:52:56,3218.0
10:52:58,3218.0
10:52:59,3218.0
10:53:01,3218.0
10:53:02,3215.35
10:53:04,3215.35
10:53:05,3215.35
10:53:07,3215.35
10:53:09,3215.35
10:53:10,3215.35
10:53:15,3215.35
10:53:20,3215.35
10:53:21,3215.35
10:53:23,3215.35
10:53:24,3215.35
10:53:27,3215.35
10:53:29,3215.35
10:53:30,3217.8
10:53:33,3217.8
10:53:35,3217.8
10:53:37,3217.8
10:53:38,3217.8
10:53:40,3217.8
10:53:41,3217.8
10:53:43,3217.8
10:53:44,3217.8
10:53:46,3217.8
10:53:47,3217.8
10:53:51,3217.8
10:53:53,3217.8
10:53:54,3217.8
10:53:56,3217.8
10:53:57,3217.8
10:53:58,3217.8
10:54:00,3217.8
10:54:01,3217.8
10:54:03,3217.8
10:54:04,3217.8
10:54:06,3217.8
10:54:08,3217.8
10:54:09,3217.8
10:54:12,3217.9
10:54:16,3217.9
10:54:19,3217.9
10:54:22,3217.9
10:54:24,3217.9
10:54:27,3219.5
10:54:32,3219.5
10:54:35,3219.5
10:54:38,3219.5
10:54:43,3219.5
10:54:46,3219.5
10:54:47,3219.5
10:54:49,3219.5
10:54:50,3219.5
10:54:52,3219.5
10:54:53,3219.5
10:54:55,3219.5
10:54:56,3219.5
10:54:58,3219.5
10:54:59,3219.5
10:55:01,3219.5
10:55:02,3219.5
10:55:03,3220.25
10:55:05,3220.25
10:55:06,3220.25
10:55:08,3220.25
10:55:09,3220.25
10:55:11,3220.25
10:55:12,3220.25
10:55:14,3220.25
10:55:15,3220.25
10:55:17,3220.25
10:55:18,3220.25
10:55:20,3220.25
10:55:21,3220.25
10:55:23,3220.25
10:55:24,3220.25
10:55:26,3220.25
10:55:27,3220.25
10:55:29,3220.25
10:55:30,3220.95
10:55:32,3220.95
10:55:33,3220.95
10:55:35,3220.95
10:55:36,3220.95
10:55:38,3220.95
10:55:39,3220.95
10:55:41,3220.95
10:55:42,3220.95
10:55:44,3221.95
10:55:46,3221.95
10:55:47,3221.95
10:55:49,3221.95
10:55:50,3221.95
10:55:52,3221.95
10:55:53,3221.95
10:55:55,3221.95
10:55:56,3221.95
10:55:58,3221.95
10:55:59,3221.95
10:56:01,3221.95
10:56:02,3221.95
10:56:04,3221.95
10:56:05,3221.95
10:56:07,3221.95
10:56:08,3221.95
10:56:09,3221.95
10:56:11,3221.95
10:56:13,3221.95
10:56:14,3221.95
10:56:15,3221.95
10:56:17,3221.95
10:56:18,3221.95
10:56:20,3221.95
10:56:21,3221.95
10:56:23,3221.95
10:56:24,3221.95
10:56:26,3222.15
10:56:27,3222.15
10:56:28,3222.15
10:56:30,3222.15
10:56:31,3222.15
10:56:33,3222.15
10:56:34,3222.15
10:56:36,3222.15
10:56:37,3222.15
10:56:39,3222.15
10:56:40,3222.15
10:56:42,3222.15
10:56:43,3222.15
10:56:45,3222.15
10:56:46,3222.15
10:56:47,3222.15
10:56:49,3222.15
10:56:50,3222.15
10:56:52,3219.45
10:56:53,3219.45
10:56:54,3219.45
10:56:56,3219.45
10:56:57,3219.45
10:56:59,3219.45
10:57:00,3219.45
10:57:02,3219.45
10:57:03,3219.45
10:57:04,3219.45
10:57:06,3219.45
10:57:07,3219.45
10:57:09,3219.45
10:57:10,3219.45
10:57:11,3219.45
10:57:13,3219.45
10:57:14,3219.45
10:57:16,3219.45
10:57:17,3221.75
10:57:19,3221.75
10:57:20,3221.75
10:57:21,3221.75
10:57:23,3221.75
10:57:25,3221.75
10:57:26,3221.75
10:57:28,3221.75
10:57:29,3221.75
10:57:30,3221.75
10:57:32,3221.75
10:57:33,3221.75
10:57:35,3221.75
10:57:37,3221.75
10:57:38,3221.75
10:57:39,3221.75
10:57:41,3221.75
10:57:42,3221.75
10:57:44,3221.75
10:57:46,3221.75
10:57:47,3221.75
10:57:48,3221.75
10:57:50,3221.75
10:57:51,3221.75
10:57:53,3221.75
10:57:54,3221.75
10:57:56,3221.75
10:57:57,3221.65
10:57:58,3221.65
10:58:00,3221.65
10:58:01,3221.65
10:58:03,3221.65
10:58:04,3221.65
10:58:05,3221.65
10:58:07,3221.65
10:58:08,3221.65
10:58:10,3221.65
10:58:12,3221.65
10:58:13,3221.65
10:58:15,3221.65
10:58:16,3221.6
10:58:18,3221.6
10:58:19,3221.6
10:58:21,3221.6
10:58:23,3221.6
10:58:24,3221.6
10:58:25,3221.6
10:58:27,3221.6
10:58:28,3221.6
10:58:30,3221.6
10:58:31,3221.6
10:58:33,3221.6
10:58:34,3221.6
10:58:36,3221.6
10:58:37,3221.6
10:58:39,3221.6
10:58:40,3221.6
10:58:42,3221.6
10:58:43,3223.0
10:58:45,3223.0
10:58:46,3223.0
10:58:47,3223.0
10:58:49,3223.0
10:58:50,3223.0
10:58:52,3223.0
10:58:53,3223.0
10:58:55,3223.0
10:58:57,3223.0
10:58:58,3223.0
10:59:00,3223.0
10:59:01,3223.0
10:59:03,3223.0
10:59:04,3223.0
10:59:05,3223.0
10:59:07,3223.0
10:59:09,3223.0
10:59:10,3223.0
10:59:12,3223.0
10:59:13,3223.0
10:59:15,3223.0
10:59:16,3223.0
10:59:18,3223.0
10:59:19,3223.0
10:59:21,3223.0
10:59:22,3223.0
10:59:24,3222.9
10:59:25,3222.9
10:59:26,3222.9
10:59:28,3222.9
10:59:29,3222.9
10:59:31,3222.9
10:59:32,3222.9
10:59:36,3222.9
10:59:37,3222.9
10:59:39,3222.9
10:59:40,3222.9
10:59:41,3222.9
10:59:48,3222.9
10:59:56,3222.75
10:59:58,3222.75
11:00:00,3222.75
11:00:01,3222.75
11:00:03,3222.75
11:00:04,3222.75
11:00:06,3222.75
11:00:07,3222.75
11:00:09,3222.75
11:00:12,3222.95
11:00:19,3222.95
11:00:29,3222.95
11:00:33,3222.95
11:00:34,3222.95
11:00:36,3222.95
11:00:37,3222.95
11:00:39,3222.95
11:00:40,3222.95
11:00:42,3222.95
11:00:43,3222.95
11:00:45,3222.95
11:00:46,3222.95
11:00:48,3222.95
11:00:49,3222.95
11:00:51,3222.95
11:00:52,3222.95
11:00:54,3222.95
11:00:55,3222.95
11:00:57,3226.75
11:00:58,3226.75
11:01:00,3226.75
11:01:01,3226.75
11:01:03,3226.75
11:01:04,3226.75
11:01:06,3226.75
11:01:08,3226.75
11:01:09,3226.75
11:01:11,3226.75
11:01:12,3226.75
11:01:14,3226.75
11:01:15,3226.75
11:01:17,3226.75
11:01:18,3226.75
11:01:19,3226.75
11:01:21,3226.75
11:01:22,3226.75
11:01:24,3226.55
11:01:25,3226.55
11:01:27,3226.55
11:01:28,3226.55
11:01:30,3226.55
11:01:32,3226.55
11:01:33,3226.55
11:01:35,3226.55
11:01:36,3226.55
11:01:38,3226.55
11:01:39,3226.55
11:01:41,3226.55
11:01:42,3226.55
11:01:44,3226.55
11:01:45,3226.55
11:01:46,3226.55
11:01:48,3226.55
11:01:49,3226.55
11:01:51,3224.4
11:01:52,3224.4
11:01:54,3224.4
11:01:55,3224.4
11:01:57,3224.4
11:01:58,3224.4
11:02:00,3224.4
11:02:01,3224.4
11:02:03,3224.4
11:02:04,3224.4
11:02:06,3224.4
11:02:09,3224.4
11:02:12,3224.4
11:02:13,3224.4
11:02:20,3223.55
11:02:32,3223.55
11:02:48,3223.95
11:02:49,3223.95
11:02:51,3223.95
11:02:52,3223.95
11:02:54,3223.95
11:02:55,3223.95
11:02:57,3223.95
11:02:58,3223.95
11:02:59,3223.95
11:03:01,3223.95
11:03:02,3223.95
11:03:04,3223.95
11:03:05,3223.95
11:03:07,3223.95
11:03:08,3223.95
11:03:10,3223.95
11:03:12,3223.95
11:03:13,3223.95
11:03:14,3223.95
11:03:16,3223.95
11:03:17,3223.95
11:03:19,3223.95
11:03:20,3223.95
11:03:22,3223.95
11:03:23,3223.95
11:03:25,3223.95
11:03:26,3223.95
11:03:28,3223.95
11:03:29,3222.95
11:03:31,3222.95
11:03:32,3222.95
11:03:34,3222.95
11:03:35,3222.95
11:03:37,3222.95
11:03:38,3222.95
11:03:39,3222.95
11:03:41,3222.95
11:03:43,3221.85
11:03:44,3221.85
11:03:46,3221.85
11:03:47,3221.85
11:03:49,3221.85
11:03:50,3221.85
11:03:52,3221.85
11:03:53,3221.85
11:03:55,3221.85
11:03:56,3221.85
11:03:57,3221.85
11:03:59,3221.85
11:04:00,3221.85
11:04:02,3221.85
11:04:03,3221.85
11:04:05,3221.85
11:04:06,3221.85
11:04:08,3221.85
11:04:09,3223.95
11:04:11,3223.95
11:04:12,3223.95
11:04:13,3223.95
11:04:15,3223.95
11:04:17,3223.95
11:04:18,3223.95
11:04:19,3223.95
11:04:21,3223.95
11:04:23,3223.95
11:04:24,3223.95
11:04:26,3223.95
11:04:27,3223.95
11:04:29,3223.95
11:04:30,3223.95
11:04:32,3223.95
11:04:33,3223.95
11:04:35,3223.95
11:04:37,3223.95
11:04:38,3223.95
11:04:40,3223.95
11:04:41,3223.95
11:04:43,3223.95
11:04:44,3223.95
11:04:53,3222.0
11:04:59,3222.0
11:05:01,3222.0
11:05:04,3222.0
11:05:08,3222.7
11:05:11,3222.7
11:05:19,3222.7
11:05:22,3222.7
11:05:25,3222.7
11:05:28,3222.7
11:05:31,3222.7
11:05:34,3222.7
11:05:39,3222.7
11:05:42,3222.7
11:05:45,3222.7
11:05:48,3222.7
11:05:50,3222.7
11:05:56,3222.95
11:06:00,3222.95
11:06:03,3222.95
11:06:06,3222.95
11:06:09,3222.95
11:06:12,3222.95
11:06:16,3222.95
11:06:19,3222.95
11:06:21,3222.95
11:06:25,3222.95
11:06:28,3222.95
11:06:31,3222.95
11:06:35,3222.95
11:06:38,3222.95
11:06:41,3222.95
11:06:44,3222.95
11:06:47,3222.95
11:06:50,3222.95
11:06:54,3223.45
11:06:57,3223.45
11:07:00,3223.45
11:07:03,3223.45
11:07:06,3223.45
11:07:11,3223.45
11:07:17,3223.45
11:07:20,3223.45
11:07:22,3223.45
11:07:27,3223.45
11:07:36,3223.45
11:07:43,3222.5
11:07:46,3222.5
11:07:56,3222.5
11:08:00,3222.5
11:08:03,3222.5
11:08:08,3222.5
11:08:11,3222.5
11:08:14,3222.5
11:08:17,3222.5
11:08:19,3222.5
11:08:22,3222.5
11:08:25,3222.5
11:08:28,3221.95
11:08:31,3221.95
11:08:33,3221.95
11:08:36,3221.95
11:08:39,3221.95
11:08:42,3221.95
11:08:44,3221.95
11:08:47,3221.95
11:08:50,3221.95
11:08:53,3221.95
11:08:56,3221.55
11:08:58,3221.55
11:09:01,3221.55
11:09:04,3221.55
11:09:07,3221.55
11:09:10,3221.55
11:09:12,3221.55
11:09:15,3221.55
11:09:18,3221.55
11:09:21,3221.55
11:09:24,3221.55
11:09:27,3221.55
11:09:30,3221.55
11:09:32,3221.55
11:09:35,3221.55
11:09:38,3220.5
11:09:41,3220.5
11:09:43,3220.5
11:09:46,3220.5
11:09:51,3220.5
11:09:53,3220.5
11:09:54,3220.5
11:09:56,3220.5
11:09:57,3220.5
11:09:59,3220.5
11:10:01,3220.5
11:10:02,3220.5
11:10:04,3220.5
11:10:05,3220.5
11:10:07,3220.5
11:10:08,3220.5
11:10:10,3220.5
11:10:11,3220.5
11:10:13,3220.45
11:10:15,3220.45
11:10:16,3220.45
11:10:18,3220.45
11:10:19,3220.45
11:10:21,3220.45
11:10:22,3220.45
11:10:24,3220.45
11:10:26,3220.45
11:10:27,3220.45
11:10:29,3220.45
11:10:31,3220.45
11:10:33,3220.45
11:10:34,3220.45
11:10:36,3220.45
11:10:38,3220.45
11:10:39,3220.45
11:10:41,3220.45
11:10:42,3220.45
11:10:44,3220.45
11:10:46,3220.45
11:10:47,3220.45
11:10:49,3220.45
11:10:51,3220.45
11:10:53,3220.45
11:10:54,3218.95
11:10:56,3218.95
11:10:57,3218.95
11:10:59,3218.95
11:11:00,3218.95
11:11:02,3218.95
11:11:04,3218.95
11:11:05,3218.95
11:11:07,3218.95
11:11:09,3218.95
11:11:10,3218.95
11:11:12,3218.95
11:11:14,3218.95
11:11:15,3218.95
11:11:17,3219.1
11:11:18,3219.1
11:11:20,3219.1
11:11:21,3219.1
11:11:23,3219.1
11:11:25,3219.1
11:11:26,3219.1
11:11:28,3219.1
11:11:29,3219.1
11:11:31,3220.1
11:11:32,3220.1
11:11:34,3220.1
11:11:36,3220.1
11:11:37,3220.1
11:11:39,3220.1
11:11:40,3220.1
11:11:42,3220.1
11:11:44,3220.1
11:11:45,3220.1
11:11:47,3220.1
11:11:48,3220.1
11:11:50,3220.1
11:11:51,3220.1
11:11:53,3220.1
11:11:54,3220.1
11:11:56,3220.1
11:11:58,3220.1
11:11:59,3220.95
11:12:01,3220.95
11:12:03,3220.95
11:12:05,3220.95
11:12:06,3220.95
11:12:11,3220.95
11:12:16,3220.95
11:12:21,3220.95
11:12:23,3220.95
11:12:24,3220.95
11:12:26,3220.95
11:12:27,3220.95
11:12:29,3220.95
11:12:31,3220.95
11:12:32,3220.95
11:12:34,3220.95
11:12:35,3220.95
11:12:37,3220.95
11:12:39,3220.95
11:12:43,3219.6
11:12:45,3219.6
11:12:46,3219.6
11:12:48,3219.6
11:12:49,3219.6
11:12:51,3219.6
11:12:53,3219.6
11:12:54,3219.6
11:12:56,3219.6
11:12:57,3219.6
11:12:59,3219.05
11:13:00,3219.05
11:13:02,3219.05
11:13:03,3219.05
11:13:05,3219.05
11:13:07,3219.05
11:13:09,3219.05
11:13:10,3219.05
11:13:12,3219.05
11:13:13,3219.05
11:13:15,3219.05
11:13:16,3219.05
11:13:18,3219.05
11:13:20,3219.05
11:13:21,3219.05
11:13:23,3219.05
11:13:24,3219.05
11:13:26,3218.9
11:13:27,3218.9
11:13:29,3218.9
11:13:31,3218.9
11:13:32,3218.9
11:13:34,3218.9
11:13:36,3218.9
11:13:37,3218.9
11:13:39,3218.9
11:13:41,3220.5
11:13:42,3220.5
11:13:44,3220.5
11:13:45,3220.5
11:13:47,3220.5
11:13:48,3220.5
11:13:50,3220.5
11:13:52,3220.5
11:13:53,3220.5
11:13:55,3220.5
11:13:56,3220.5
11:13:58,3220.5
11:14:00,3220.5
11:14:01,3220.5
11:14:03,3220.5
11:14:04,3220.5
11:14:06,3220.5
11:14:08,3220.5
11:14:09,3220.5
11:14:11,3220.5
11:14:12,3220.5
11:14:14,3220.5
11:14:15,3220.5
11:14:17,3220.5
11:14:18,3220.5
11:14:20,3220.5
11:14:21,3220.5
11:14:23,3220.9
11:14:25,3220.9
11:14:26,3220.9
11:14:28,3220.9
11:14:29,3220.9
11:14:31,3220.9
11:14:32,3220.9
11:14:34,3220.9
11:14:35,3220.9
11:14:37,3220.9
11:14:38,3220.9
11:14:40,3220.9
11:14:41,3220.9
11:14:42,3220.9
11:14:44,3220.9
11:14:45,3220.9
11:14:47,3220.9
11:14:48,3220.9
11:14:50,3220.9
11:14:52,3220.9
11:14:53,3220.9
11:14:55,3220.9
11:14:59,3220.9
11:15:03,3220.9
11:15:06,3220.9
11:15:12,3220.9
11:15:13,3220.0
11:15:15,3220.0
11:15:16,3220.9
11:15:18,3220.9
11:15:19,3220.9
11:15:21,3220.9
11:15:22,3220.9
11:15:24,3220.9
11:15:25,3220.9
11:15:26,3220.9
11:15:28,3220.9
11:15:29,3220.0
11:15:31,3220.0
11:15:32,3220.0
11:15:33,3220.0
11:15:35,3220.0
11:15:36,3220.0
11:15:38,3220.0
11:15:39,3220.0
11:15:41,3220.0
11:15:42,3220.0
11:15:43,3220.0
11:15:45,3220.0
11:15:46,3220.0
11:15:48,3220.0
11:15:49,3220.0
11:15:51,3220.0
11:15:52,3220.0
11:15:54,3220.0
11:15:55,3220.0
11:15:57,3218.95
11:15:58,3218.95
11:16:00,3218.95
11:16:01,3218.95
11:16:03,3218.95
11:16:04,3218.95
11:16:06,3218.95
11:16:07,3218.95
11:16:09,3218.95
11:16:10,3218.95
11:16:12,3218.95
11:16:14,3218.95
11:16:15,3218.95
11:16:16,3218.95
11:16:18,3218.95
11:16:19,3218.95
11:16:21,3218.95
11:16:22,3218.95
11:16:24,3218.95
11:16:25,3218.95
11:16:27,3218.95
11:16:28,3218.95
11:16:29,3218.95
11:16:31,3218.95
11:16:32,3218.95
11:16:34,3218.95
11:16:35,3218.95
11:16:44,3218.5
11:16:45,3218.5
11:16:47,3218.5
11:16:48,3218.5
11:16:49,3218.5
11:16:51,3218.5
11:16:52,3218.5
11:16:54,3218.5
11:16:55,3218.5
11:16:56,3218.5
11:16:58,3218.5
11:16:59,3218.9
11:17:01,3218.9
11:17:02,3218.9
11:17:04,3218.9
11:17:05,3218.9
11:17:06,3218.9
11:17:08,3218.9
11:17:09,3218.9
11:17:10,3218.9
11:17:12,3218.9
11:17:13,3218.9
11:17:16,3218.05
11:17:22,3218.9
11:17:23,3218.9
11:17:26,3218.9
11:17:30,3218.9
11:17:31,3218.9
11:17:32,3218.9
11:17:34,3218.9
11:17:37,3218.9
11:17:39,3218.9
11:17:40,3218.9
11:17:41,3218.9
11:17:42,3218.9
11:17:44,3218.05
11:17:45,3218.05
11:17:47,3218.05
11:17:48,3218.05
11:17:49,3218.05
11:17:51,3218.05
11:17:52,3218.05
11:17:53,3218.05
11:17:55,3218.05
11:17:56,3218.05
11:17:57,3217.55
11:17:59,3217.55
11:18:00,3217.55
11:18:02,3217.55
11:18:03,3217.55
11:18:05,3217.55
11:18:06,3217.55
11:18:08,3217.55
11:18:09,3217.55
11:18:10,3217.55
11:18:12,3217.55
11:18:13,3217.55
11:18:15,3217.55
11:18:16,3217.55
11:18:18,3217.55
11:18:19,3217.55
11:18:21,3217.55
11:18:22,3217.55
11:18:24,3217.55
11:18:25,3216.5
11:18:27,3216.5
11:18:28,3216.5
11:18:30,3216.5
11:18:31,3216.5
11:18:32,3216.5
11:18:34,3216.5
11:18:35,3216.5
11:18:37,3216.5
11:18:38,3216.5
11:18:40,3216.5
11:18:41,3216.5
11:18:43,3216.5
11:18:49,3216.5
11:18:50,3216.5
11:18:52,3216.05
11:18:53,3216.05
11:18:55,3216.05
11:18:56,3216.05
11:18:58,3216.05
11:18:59,3216.05
11:19:00,3216.05
11:19:02,3216.05
11:19:03,3216.05
11:19:05,3216.05
11:19:06,3216.05
11:19:07,3216.05
11:19:10,3216.05
11:19:12,3216.05
11:19:13,3216.05
11:19:15,3216.05
11:19:16,3216.05
11:19:17,3216.05
11:19:19,3217.3
11:19:20,3217.3
11:19:22,3217.3
11:19:23,3217.3
11:19:25,3217.3
11:19:26,3217.3
11:19:28,3217.3
11:19:29,3217.3
11:19:30,3217.3
11:19:32,3217.3
11:19:33,3217.3
11:19:35,3217.3
11:19:36,3217.3
11:19:38,3217.3
11:19:39,3217.3
11:19:40,3217.3
11:19:42,3217.3
11:19:43,3217.3
11:19:45,3217.3
11:19:46,3217.3
11:19:47,3217.3
11:19:51,3217.3
11:19:55,3217.3
11:19:58,3217.3
11:20:01,3217.3
11:20:03,3217.3
11:20:06,3217.3
11:20:09,3215.95
11:20:12,3215.95
11:20:14,3215.95
11:20:18,3215.95
11:20:21,3216.65
11:20:24,3216.65
11:20:27,3216.65
11:20:30,3216.65
11:20:33,3216.65
11:20:36,3216.65
11:20:39,3216.65
11:20:42,3216.65
11:20:44,3216.65
11:20:47,3216.65
11:20:50,3216.65
11:20:52,3214.05
11:20:55,3214.05
11:20:58,3214.05
11:21:01,3214.05
11:21:04,3214.05
11:21:07,3214.05
11:21:10,3214.05
11:21:13,3214.05
11:21:15,3214.05
11:21:19,3214.05
11:21:21,3214.05
11:21:25,3214.05
11:21:28,3214.05
11:21:31,3214.05
11:21:34,3213.9
11:21:37,3213.9
11:21:40,3213.9
11:21:43,3213.9
11:21:47,3213.9
11:21:50,3215.35
11:21:53,3215.35
11:21:56,3215.35
11:21:59,3215.35
11:22:02,3215.35
11:22:06,3215.35
11:22:09,3215.35
11:22:12,3215.35
11:22:15,3215.35
11:22:19,3215.35
11:22:22,3215.35
11:22:24,3215.35
11:22:27,3215.35
11:22:30,3215.35
11:22:33,3217.55
11:22:38,3217.55
11:22:41,3217.55
11:22:44,3217.55
11:22:47,3217.55
11:22:50,3217.55
11:22:52,3217.55
11:22:56,3217.55
11:22:59,3217.55
11:23:02,3217.55
11:23:05,3217.55
11:23:08,3217.55
11:23:11,3217.55
11:23:15,3215.6
11:23:18,3215.6
11:23:21,3215.6
11:23:24,3215.6
11:23:27,3215.6
11:23:31,3215.0
11:23:35,3215.0
11:23:37,3215.0
11:23:40,3215.0
11:23:43,3215.0
11:23:46,3215.0
11:23:49,3215.0
11:23:52,3215.0
11:23:54,3215.0
11:23:57,3215.0
11:24:00,3215.0
11:24:03,3215.55
11:24:06,3215.55
11:24:09,3215.55
11:24:11,3215.55
11:24:14,3215.55
11:24:18,3215.55
11:24:21,3215.55
11:24:24,3215.55
11:24:27,3215.55
11:24:30,3215.0
11:24:32,3215.0
11:24:35,3215.0
11:24:37,3215.0
11:24:40,3215.0
11:24:43,3215.0
11:24:45,3215.0
11:24:54,3215.0
11:24:57,3216.9
11:25:04,3216.9
11:25:06,3216.9
11:25:09,3216.15
11:25:17,3216.15
11:25:27,3216.15
11:25:31,3216.15
11:25:34,3216.15
11:25:36,3216.15
11:25:39,3216.15
11:25:42,3216.25
11:25:45,3216.25
11:25:47,3216.25
11:25:50,3216.25
11:25:53,3216.25
11:25:55,3216.25
11:25:58,3216.25
11:26:01,3216.25
11:26:04,3216.25
11:26:06,3216.25
11:26:09,3216.25
11:26:11,3216.25
11:26:14,3216.15
11:26:17,3216.15
11:26:19,3216.15
11:26:22,3216.15
11:26:24,3216.15
11:26:28,3216.15
11:26:30,3216.15
11:26:33,3216.15
11:26:36,3216.15
11:26:38,3216.15
11:26:41,3216.15
11:26:43,3216.15
11:26:46,3216.15
11:26:48,3216.15
11:26:51,3216.15
11:26:54,3216.15
11:26:56,3215.65
11:26:59,3215.65
11:27:02,3215.65
11:27:04,3215.65
11:27:07,3215.65
11:27:10,3215.65
11:27:12,3215.65
11:27:15,3215.65
11:27:17,3215.65
11:27:20,3215.65
11:27:22,3217.5
11:27:25,3217.5
11:27:28,3217.5
11:27:30,3217.5
11:27:33,3217.5
11:27:35,3217.5
11:27:38,3217.5
11:27:41,3217.5
11:27:43,3217.5
11:27:46,3217.5
11:27:49,3220.0
11:27:51,3220.0
11:27:54,3220.0
11:27:56,3220.0
11:27:59,3220.0
11:28:01,3220.0
11:28:04,3220.0
11:28:06,3220.0
11:28:09,3220.0
11:28:12,3220.0
11:28:15,3220.0
11:28:17,3220.0
11:28:20,3220.0
11:28:22,3220.0
11:28:25,3220.0
11:28:27,3220.0
11:28:30,3220.0
11:28:32,3220.0
11:28:35,3220.0
11:28:38,3220.0
11:28:41,3218.3
11:28:43,3218.3
11:28:46,3218.3
11:28:48,3218.3
11:28:50,3218.3
11:28:53,3219.95
11:28:56,3219.95
11:28:58,3219.95
11:29:01,3219.95
11:29:04,3219.95
11:29:07,3219.95
11:29:09,3219.95
11:29:12,3219.95
11:29:14,3219.95
11:29:17,3219.95
11:29:21,3219.95
11:29:24,3218.4
11:29:27,3218.4
11:29:29,3218.4
11:29:32,3218.4
11:29:35,3218.4
11:29:37,3218.4
11:29:40,3218.4
11:29:43,3218.4
11:29:45,3218.4
11:29:48,3218.4
11:29:51,3218.4
11:29:58,3218.1
11:29:59,3218.1
11:30:01,3218.1
11:30:02,3218.1
11:30:03,3218.1
11:30:05,3218.1
11:30:06,3218.1
11:30:08,3218.1
11:30:09,3218.1
11:30:17,3218.1
11:30:22,3218.1
11:30:30,3218.1
11:30:31,3218.1
11:30:33,3218.1
11:30:34,3218.1
11:30:36,3218.1
11:30:38,3218.1
11:30:39,3218.1
11:30:40,3218.1
11:30:42,3218.1
11:30:43,3218.1
11:30:45,3219.3
11:30:46,3219.3
11:30:48,3219.3
11:30:49,3219.3
11:30:51,3219.3
11:30:52,3219.3
11:30:54,3219.3
11:30:55,3219.3
11:30:57,3219.3
11:30:58,3218.95
11:31:00,3218.95
11:31:01,3218.95
11:31:02,3218.95
11:31:04,3218.95
11:31:05,3218.95
11:31:07,3218.95
11:31:08,3218.95
11:31:10,3218.95
11:31:11,3218.95
11:31:13,3218.95
11:31:14,3218.95
11:31:16,3218.95
11:31:17,3218.95
11:31:18,3218.95
11:31:20,3218.95
11:31:21,3218.95
11:31:23,3218.95
11:31:24,3218.95
11:31:26,3218.95
11:31:27,3218.95
11:31:29,3218.95
11:31:30,3218.95
11:31:32,3218.95
11:31:33,3218.95
11:31:35,3218.95
11:31:36,3218.95
11:31:37,3220.35
11:31:39,3220.35
11:31:40,3220.35
11:31:42,3220.35
11:31:43,3220.35
11:31:45,3220.35
11:31:46,3220.35
11:31:48,3220.35
11:31:49,3220.35
11:31:50,3220.35
11:31:52,3220.35
11:31:53,3220.35
11:31:55,3220.35
11:31:56,3220.35
11:31:58,3220.35
11:31:59,3220.35
11:32:00,3220.35
11:32:02,3220.35
11:32:03,3225.05
11:32:05,3225.05
11:32:06,3225.05
11:32:08,3225.05
11:32:09,3225.05
11:32:11,3225.05
11:32:12,3225.05
11:32:14,3225.05
11:32:26,3229.4
11:32:34,3229.4
11:32:36,3229.4
11:32:38,3229.4
11:32:39,3229.4
11:32:41,3229.4
11:32:45,3229.4
11:32:47,3229.4
11:32:48,3229.4
11:32:50,3229.4
11:32:51,3229.4
11:32:53,3229.4
11:32:55,3231.45
11:32:56,3231.45
11:32:58,3231.45
11:32:59,3231.45
11:33:01,3231.45
11:33:02,3231.45
11:33:04,3231.45
11:33:05,3231.45
11:33:07,3231.45
11:33:08,3231.45
11:33:09,3231.45
11:33:11,3231.45
11:33:12,3231.45
11:33:14,3231.45
11:33:15,3231.45
11:33:16,3231.45
11:33:18,3231.45
11:33:19,3231.45
11:33:21,3231.45
11:33:22,3231.0
11:33:24,3231.0
11:33:25,3231.0
11:33:27,3231.0
11:33:28,3231.0
11:33:30,3231.0
11:33:31,3231.0
11:33:33,3231.0
11:33:34,3231.0
11:33:36,3231.0
11:33:37,3231.0
11:33:39,3231.0
11:33:40,3231.0
11:33:42,3231.0
11:33:43,3231.35
11:33:45,3231.35
11:33:46,3231.35
11:33:47,3231.35
11:33:49,3231.35
11:33:51,3231.35
11:33:52,3231.35
11:33:53,3231.35
11:33:55,3231.35
11:33:56,3231.35
11:33:58,3231.35
11:33:59,3231.35
11:34:01,3231.35
11:34:02,3231.35
11:34:03,3231.35
11:34:05,3231.35
11:34:06,3231.35
11:34:08,3231.35
11:34:09,3231.35
11:34:11,3231.35
11:34:12,3231.35
11:34:13,3231.35
11:34:15,3231.35
11:34:16,3231.35
11:34:18,3231.35
11:34:19,3231.35
11:34:20,3231.35
11:34:22,3231.35
11:34:23,3231.35
11:34:25,3231.35
11:34:26,3232.2
11:34:28,3232.2
11:34:29,3232.2
11:34:30,3232.2
11:34:32,3232.2
11:34:33,3232.2
11:34:35,3232.2
11:34:36,3232.2
11:34:38,3232.2
11:34:40,3232.2
11:34:42,3232.2
11:34:43,3232.2
11:34:45,3232.2
11:34:46,3232.2
11:34:48,3232.2
11:34:49,3232.2
11:34:53,3231.45
11:34:56,3231.45
11:34:57,3231.45
11:34:59,3231.45
11:35:00,3231.45
11:35:02,3231.45
11:35:04,3231.45
11:35:05,3231.45
11:35:09,3231.45
11:35:10,3231.45
11:35:12,3231.45
11:35:13,3231.45
11:35:15,3231.45
11:35:17,3231.45
11:35:18,3231.45
11:35:19,3231.45
11:35:21,3231.45
11:35:22,3231.45
11:35:24,3228.5
11:35:26,3228.5
11:35:27,3228.5
11:35:29,3228.5
11:35:31,3228.5
11:35:32,3228.5
11:35:34,3228.5
11:35:35,3228.5
11:35:37,3228.5
11:35:38,3228.5
11:35:40,3228.5
11:35:41,3228.5
11:35:43,3228.5
11:35:44,3228.5
11:35:46,3228.5
11:35:47,3228.5
11:35:48,3228.5
11:35:50,3228.5
11:35:52,3225.2
11:35:53,3225.2
11:35:55,3225.2
11:35:56,3225.2
11:35:59,3225.2
11:36:00,3225.2
11:36:02,3225.2
11:36:03,3225.2
11:36:05,3225.2
11:36:06,3225.2
11:36:08,3225.2
11:36:10,3225.2
11:36:11,3225.2
11:36:14,3225.2
11:36:16,3225.2
11:36:18,3225.2
11:36:20,3225.2
11:36:21,3225.2
11:36:23,3224.85
11:36:24,3224.85
11:36:26,3224.85
11:36:27,3224.85
11:36:29,3224.85
11:36:30,3224.85
11:36:32,3224.85
11:36:33,3224.85
11:36:35,3224.85
11:36:36,3224.85
11:36:38,3224.85
11:36:39,3224.85
11:36:41,3224.85
11:36:42,3224.85
11:36:44,3224.85
11:36:45,3224.85
11:36:47,3224.85
11:36:48,3224.85
11:36:50,3222.55
11:36:51,3222.55
11:36:52,3222.55
11:36:54,3222.55
11:36:56,3222.55
11:36:57,3222.55
11:36:59,3222.55
11:37:01,3222.55
11:37:03,3222.55
11:37:05,3222.55
11:37:06,3222.55
11:37:08,3222.55
11:37:10,3222.55
11:37:11,3222.55
11:37:13,3222.55
11:37:14,3222.55
11:37:16,3222.55
11:37:17,3222.55
11:37:19,3222.55
11:37:20,3222.55
11:37:24,3222.55
11:37:25,3222.55
11:37:27,3222.55
11:37:28,3222.55
11:37:32,3222.0
11:37:37,3222.0
11:37:41,3222.0
11:37:43,3222.0
11:37:45,3222.0
11:37:47,3222.0
11:37:49,3222.0
11:37:50,3222.0
11:37:52,3222.0
11:37:53,3222.0
11:37:55,3222.0
11:37:57,3222.0
11:37:59,3222.0
11:38:00,3220.2
11:38:02,3220.2
11:38:04,3220.2
11:38:05,3220.2
11:38:06,3220.2
11:38:08,3220.2
11:38:09,3220.2
11:38:11,3220.2
11:38:12,3220.2
11:38:14,3220.2
11:38:15,3220.2
11:38:17,3220.2
11:38:18,3220.2
11:38:20,3220.2
11:38:21,3220.2
11:38:23,3220.2
11:38:25,3220.2
11:38:26,3220.2
11:38:28,3218.7
11:38:29,3218.7
11:38:31,3218.7
11:38:33,3218.7
11:38:34,3218.7
11:38:37,3218.7
11:38:39,3218.7
11:38:40,3218.7
11:38:42,3218.7
11:38:43,3218.7
11:38:45,3218.7
11:38:46,3218.7
11:38:48,3218.7
11:38:50,3218.7
11:38:51,3218.7
11:38:53,3218.7
11:38:54,3218.7
11:38:56,3222.0
11:38:58,3222.0
11:38:59,3222.0
11:39:01,3222.0
11:39:02,3222.0
11:39:04,3222.0
11:39:05,3222.0
11:39:07,3222.0
11:39:08,3222.0
11:39:10,3222.0
11:39:12,3222.0
11:39:13,3222.0
11:39:14,3222.0
11:39:16,3222.0
11:39:17,3222.0
11:39:19,3222.0
11:39:21,3222.0
11:39:22,3222.0
11:39:24,3223.7
11:39:25,3223.7
11:39:27,3223.7
11:39:28,3223.7
11:39:30,3223.7
11:39:31,3223.7
11:39:33,3223.7
11:39:34,3223.7
11:39:36,3223.7
11:39:37,3223.7
11:39:38,3223.7
11:39:40,3223.7
11:39:41,3223.7
11:39:43,3223.7
11:39:44,3223.7
11:39:46,3223.7
11:39:47,3223.7
11:39:49,3223.7
11:39:50,3223.7
11:39:52,3223.7
11:39:54,3223.7
11:39:55,3223.7
11:39:57,3223.7
11:39:58,3223.7
11:39:59,3223.7
11:40:01,3223.7
11:40:02,3223.7
11:40:03,3226.15
11:40:05,3226.15
11:40:06,3226.15
11:40:07,3226.15
11:40:09,3226.15
11:40:10,3226.15
11:40:12,3226.15
11:40:13,3226.15
11:40:15,3226.15
11:40:16,3226.15
11:40:17,3226.15
11:40:19,3226.15
11:40:20,3226.15
11:40:22,3226.15
11:40:23,3226.15
11:40:25,3226.15
11:40:26,3226.15
11:40:27,3226.15
11:40:29,3226.55
11:40:30,3226.55
11:40:32,3226.55
11:40:33,3226.55
11:40:34,3226.55
11:40:36,3226.55
11:40:37,3226.55
11:40:39,3226.55
11:40:41,3226.55
11:40:43,3224.0
11:40:44,3224.0
11:40:46,3224.0
11:40:47,3224.0
11:40:49,3224.0
11:40:50,3224.0
11:40:52,3224.0
11:40:53,3224.0
11:40:55,3224.0
11:40:56,3224.0
11:40:58,3224.0
11:40:59,3224.0
11:41:00,3224.0
11:41:02,3224.0
11:41:03,3224.0
11:41:05,3224.0
11:41:31,3223.0
11:41:44,3223.0
11:41:47,3223.0
11:42:07,3227.25
11:42:14,3227.25
11:42:17,3227.25
11:42:18,3227.25
11:42:20,3227.25
11:42:21,3225.0
11:42:22,3225.0
11:42:24,3225.0
11:42:25,3225.0
11:42:26,3225.0
11:42:28,3225.0
11:42:29,3225.0
11:42:31,3225.0
11:42:51,3224.3
11:42:53,3224.3
11:42:54,3224.3
11:42:56,3224.3
11:42:57,3224.3
11:42:59,3224.3
11:43:00,3224.3
11:43:02,3224.3
11:43:03,3224.3
11:43:04,3224.3
11:43:06,3224.3
11:43:07,3224.3
11:43:09,3224.3
11:43:10,3224.3
11:43:12,3224.3
11:43:13,3224.3
11:43:15,3224.3
11:43:16,3224.3
11:43:18,3224.3
11:43:19,3224.3
11:43:21,3224.3
11:43:22,3224.3
11:43:23,3224.3
11:43:25,3224.3
11:43:27,3224.3
11:43:28,3224.3
11:43:30,3224.3
11:43:31,3224.3
11:43:32,3224.1
11:43:34,3224.1
11:43:35,3224.1
11:43:37,3224.1
11:43:38,3224.1
11:43:40,3224.1
11:43:41,3224.1
11:43:43,3224.1
11:43:44,3224.1
11:43:45,3224.75
11:43:47,3224.75
11:43:48,3224.75
11:43:50,3224.75
11:43:51,3224.75
11:43:53,3224.75
11:43:54,3224.75
11:43:56,3224.75
11:43:57,3224.75
11:43:59,3224.75
11:44:01,3224.75
11:44:02,3224.75
11:44:04,3224.75
11:44:05,3224.75
11:44:07,3224.75
11:44:08,3224.75
11:44:11,3224.75
11:44:12,3224.75
11:44:14,3224.75
11:44:15,3224.75
11:44:17,3224.75
11:44:18,3224.75
11:44:20,3224.75
11:44:21,3224.75
11:44:23,3224.75
11:44:25,3224.75
11:44:26,3224.4
11:44:28,3224.4
11:44:29,3224.4
11:44:31,3224.4
11:44:32,3224.4
11:44:33,3224.4
11:44:35,3224.4
11:44:36,3224.4
11:44:38,3224.4
11:44:40,3224.4
11:44:41,3224.4
11:44:42,3224.4
11:44:44,3224.4
11:44:45,3224.4
11:44:47,3224.4
11:44:49,3224.4
11:44:51,3224.4
11:44:52,3224.4
11:44:53,3225.95
11:44:57,3225.95
11:44:58,3225.95
11:45:00,3225.95
11:45:01,3225.95
11:45:02,3225.95
11:45:04,3225.95
11:45:05,3225.95
11:45:07,3225.95
11:45:13,3225.95
11:45:15,3225.95
11:45:17,3225.25
11:45:19,3225.25
11:45:20,3225.25
11:45:24,3225.25
11:45:25,3225.25
11:45:26,3225.25
11:45:28,3225.25
11:45:29,3225.25
11:45:31,3225.25
11:45:32,3225.25
11:45:34,3225.25
11:45:36,3225.25
11:45:38,3225.25
11:45:39,3225.25
11:45:41,3225.25
11:45:44,3225.25
11:45:45,3225.25
11:45:47,3225.25
11:45:48,3225.25
11:45:50,3225.25
11:45:51,3225.25
11:45:53,3225.25
11:45:54,3225.25
11:45:56,3225.25
11:45:57,3225.25
11:45:59,3225.25
11:46:00,3225.25
11:46:02,3225.25
11:46:03,3225.25
11:46:05,3225.25
11:46:06,3225.25
11:46:08,3225.25
11:46:09,3225.25
11:46:11,3225.25
11:46:12,3225.25
11:46:14,3225.25
11:46:15,3225.25
11:46:17,3225.25
11:46:19,3225.25
11:46:20,3225.25
11:46:21,3225.25
11:46:23,3225.25
11:46:24,3225.25
11:46:26,3225.25
11:46:27,3225.25
11:46:29,3225.25
11:46:30,3225.25
11:46:32,3225.25
11:46:33,3225.25
11:46:35,3225.25
11:46:36,3225.25
11:46:38,3225.25
11:46:39,3226.85
11:46:41,3226.85
11:46:43,3226.85
11:46:44,3226.85
11:46:46,3226.85
11:46:47,3226.85
11:46:49,3226.85
11:47:03,3227.85
11:47:07,3227.85
11:47:08,3227.85
11:47:10,3227.85
11:47:12,3227.85
11:47:13,3227.85
11:47:17,3227.85
11:47:41,3227.85
11:47:50,3227.85
11:47:52,3227.85
11:47:53,3227.85
11:47:55,3227.85
11:47:56,3227.85
11:47:58,3227.85
11:47:59,3227.85
11:48:01,3227.85
11:48:02,3227.85
11:48:04,3227.85
11:48:05,3228.0
11:48:07,3228.0
11:48:08,3228.0
11:48:10,3228.0
11:48:11,3228.0
11:48:13,3228.0
11:48:14,3228.0
11:48:16,3228.0
11:48:17,3228.0
11:48:19,3228.0
11:48:20,3228.0
11:48:21,3228.0
11:48:23,3228.0
11:48:24,3228.0
11:48:26,3228.0
11:48:27,3228.0
11:48:46,3226.2
11:48:55,3226.2
11:48:57,3226.2
11:48:58,3226.2
11:49:00,3226.2
11:49:01,3226.2
11:49:03,3226.2
11:49:04,3226.2
11:49:05,3226.2
11:49:07,3226.2
11:49:08,3226.2
11:49:10,3226.2
11:49:11,3226.2
11:49:13,3226.2
11:49:15,3225.5
11:49:16,3225.5
11:49:17,3225.5
11:49:19,3225.5
11:49:20,3225.5
11:49:22,3225.5
11:49:25,3225.5
11:49:26,3225.5
11:49:28,3225.5
11:49:29,3225.5
11:49:31,3225.5
11:49:32,3225.5
11:49:34,3225.5
11:49:35,3225.5
11:49:37,3225.5
11:49:38,3225.5
11:49:39,3225.5
11:49:41,3225.95
11:49:42,3225.95
11:49:44,3225.95
11:49:45,3225.95
11:49:47,3225.95
11:49:49,3225.95
11:49:51,3225.95
11:49:52,3225.95
11:49:54,3225.95
11:49:56,3225.95
11:49:58,3225.95
11:49:59,3225.95
11:50:01,3225.95
11:50:02,3225.95
11:50:04,3225.95
11:50:05,3225.95
11:50:07,3225.95
11:50:08,3225.95
11:50:10,3225.95
11:50:11,3225.95
11:50:13,3225.95
11:50:14,3225.95
11:50:15,3225.95
11:50:17,3225.95
11:50:18,3225.95
11:50:20,3225.95
11:50:21,3225.95
11:50:22,3225.95
11:50:24,3225.95
11:50:25,3225.95
11:50:27,3225.95
11:50:28,3225.95
11:50:29,3225.95
11:50:31,3225.95
11:50:32,3225.95
11:50:34,3225.95
11:50:35,3222.65
11:50:37,3222.65
11:50:38,3222.65
11:50:40,3222.65
11:50:41,3222.65
11:50:43,3222.65
11:50:44,3222.65
11:50:45,3222.65
11:50:47,3222.65
11:50:48,3226.45
11:50:50,3226.45
11:50:51,3226.45
11:50:53,3226.45
11:50:54,3226.45
11:50:55,3226.45
11:50:57,3226.45
11:50:59,3226.45
11:51:00,3226.45
11:51:02,3226.45
11:51:03,3226.45
11:51:05,3226.45
11:51:06,3226.45
11:51:08,3226.45
11:51:09,3226.45
11:51:11,3226.45
11:51:12,3226.45
11:51:14,3226.85
11:51:15,3226.85
11:51:17,3226.85
11:51:35,3226.85
11:51:41,3226.85
11:51:43,3226.85
11:51:44,3226.85
11:51:45,3226.85
11:51:47,3226.85
11:51:48,3226.85
11:51:49,3226.7
11:51:51,3226.7
11:51:52,3226.7
11:51:54,3226.7
11:51:56,3226.7
11:51:57,3226.7
11:51:58,3226.7
11:52:00,3226.7
11:52:02,3226.7
11:52:03,3226.7
11:52:05,3226.7
11:52:06,3226.7
11:52:07,3226.7
11:52:09,3226.7
11:52:10,3226.7
13:45:44,3258.75
13:46:18,3259.7
13:46:27,3259.7
13:46:34,3259.7
13:46:37,3259.7
13:46:40,3259.7
13:46:43,3259.7
13:46:45,3259.7
13:46:49,3259.7
13:46:52,3259.7
13:46:54,3259.7
13:46:57,3259.7
13:47:00,3259.7
13:47:04,3259.8
13:47:08,3259.8
13:47:12,3259.8
13:47:15,3259.8
13:47:38,3259.5
13:47:52,3259.5
13:47:56,3259.5
13:48:02,3259.5
13:48:06,3259.5
13:48:09,3257.45
13:48:13,3257.45
13:48:16,3257.45
13:48:19,3257.45
13:48:22,3257.45
13:48:25,3257.45
13:48:28,3257.45
13:48:32,3257.45
13:48:36,3257.65
13:48:41,3257.65
13:48:44,3257.65
13:48:48,3258.1
13:49:09,3258.1
13:49:50,3259.4
13:50:27,3259.65
13:50:38,3259.65
13:50:40,3259.65
13:50:43,3259.65
13:50:45,3259.65
13:50:48,3259.65
13:50:51,3259.65
13:50:54,3263.0
13:50:56,3263.0
13:51:01,3263.0
13:51:03,3263.0
13:51:06,3263.0
13:51:09,3263.0
13:51:11,3263.0
13:51:14,3263.0
13:51:16,3263.0
13:51:18,3263.0
13:51:21,3263.0
13:51:24,3263.0
13:51:27,3263.0
13:51:29,3263.0
13:51:31,3263.0
13:51:33,3263.0
13:51:36,3262.45
13:51:39,3262.45
13:51:57,3263.35
13:52:00,3263.35
13:52:19,3263.35
13:52:40,3260.05
13:52:51,3260.05
13:52:54,3260.05
13:52:56,3260.05
13:52:59,3260.05
13:53:01,3260.05
13:53:05,3260.05
13:53:08,3260.05
13:53:10,3261.2
13:53:13,3261.2
13:53:15,3261.2
13:53:18,3261.2
13:53:20,3261.2
13:53:23,3261.2
13:53:26,3261.9
13:53:29,3261.9
13:53:34,3261.9
13:53:37,3261.9
13:53:39,3261.9
13:53:41,3261.9
13:53:44,3261.9
13:53:47,3261.9
13:53:50,3261.9
13:53:53,3260.1
13:53:56,3260.1
13:53:59,3260.1
13:54:02,3260.1
13:54:05,3260.1
13:54:08,3260.1
13:54:10,3260.1
13:54:13,3260.1
13:54:16,3260.1
13:54:23,3261.3
13:54:26,3261.3
13:54:28,3261.3
13:54:30,3261.3
13:54:33,3261.3
13:54:36,3261.3
13:54:38,3261.3
13:54:42,3261.3
13:54:45,3261.3
13:54:47,3261.3
13:54:57,3261.55
13:55:09,3261.55
13:55:11,3261.55
13:55:14,3261.55
13:55:18,3261.55
13:55:20,3261.55
13:55:22,3261.55
13:55:24,3261.55
13:55:25,3261.55
13:55:27,3262.7
13:55:29,3262.7
13:55:31,3262.7
13:55:47,3262.7
13:55:51,3262.7
13:55:56,3260.4
13:56:02,3260.4
13:56:06,3260.4
13:56:09,3260.4
13:56:29,3260.4
13:56:42,3260.3
13:56:51,3260.3
13:57:04,3260.45
13:57:08,3260.45
13:57:11,3260.45
13:57:14,3260.45
13:57:20,3256.95
13:57:23,3256.95
13:57:26,3256.95
13:57:29,3256.95
13:57:31,3256.95
13:57:36,3256.95
13:57:39,3256.95
13:57:42,3256.95
13:57:45,3256.95
13:57:48,3256.95
13:57:52,3259.0
13:57:55,3259.0
13:57:57,3259.0
13:58:01,3259.0
13:58:04,3259.0
13:58:08,3259.0
13:58:13,3259.0
13:58:18,3259.0
13:58:22,3259.0
13:58:25,3259.0
13:58:29,3259.0
13:58:34,3259.0
13:58:38,3259.8
13:58:41,3259.8
13:58:44,3259.8
13:58:49,3259.8
13:58:53,3261.05
13:58:55,3261.05
13:58:58,3261.05
13:59:00,3261.05
13:59:12,3259.8
13:59:42,3260.05
14:00:00,3263.75
14:00:04,3263.75
14:00:07,3263.75
14:00:31,3263.75
14:00:38,3266.0
14:00:46,3266.0
14:00:49,3266.0
14:00:52,3266.0
14:00:54,3266.0
14:00:58,3266.0
14:01:01,3266.0
14:01:04,3266.0
14:01:06,3266.0
14:01:11,3268.5
14:01:14,3268.5
14:01:18,3268.5
14:01:21,3268.5
14:01:24,3268.5
14:01:26,3268.5
14:01:31,3272.85
14:01:36,3272.85
14:01:39,3272.85
14:01:41,3272.85
14:01:44,3272.85
14:01:47,3272.85
14:01:49,3272.85
14:01:52,3272.85
14:01:54,3272.85
14:01:57,3275.0
14:02:15,3275.0
14:03:02,3272.95
14:03:13,3272.95
14:03:19,3273.85
14:03:21,3273.85
14:03:24,3273.85
14:03:27,3273.85
14:03:30,3272.6
14:03:33,3272.6
14:03:34,3272.6
14:03:37,3272.6
14:03:40,3272.6
14:03:43,3272.6
14:03:45,3272.6
14:03:48,3272.6
14:03:51,3272.6
14:03:53,3272.6
14:04:00,3273.35
14:04:04,3273.35
14:04:06,3273.35
14:04:09,3273.35
14:04:12,3273.35
14:04:16,3273.35
14:04:23,3273.35
14:04:36,3273.95
14:04:48,3273.95
14:04:52,3272.3
14:04:56,3272.3
14:04:59,3272.3
14:05:02,3272.3
14:05:04,3272.3
14:05:09,3272.3
14:05:18,3272.3
14:05:23,3272.3
14:05:25,3273.25
14:05:27,3273.25
14:05:30,3273.25
14:05:34,3273.25
14:05:37,3273.25
14:05:41,3273.25
14:05:44,3273.25
14:06:17,3272.1
14:06:49,3272.1
14:06:55,3272.1
14:06:58,3272.1
14:07:00,3272.1
14:07:02,3272.1
14:07:05,3273.65
14:07:08,3273.65
14:07:13,3273.65
14:07:19,3273.65
14:07:25,3273.65
14:07:27,3273.65
14:07:29,3273.65
14:07:32,3273.65
14:07:34,3273.65
14:07:54,3274.8
14:07:59,3274.8
14:08:13,3274.8
14:08:30,3274.85
14:08:34,3274.85
14:08:36,3274.85
14:08:39,3274.85
14:08:40,3274.85
14:08:42,3274.85
14:08:44,3274.85
14:08:49,3274.85
14:08:52,3274.85
14:09:36,3274.0
14:10:01,3276.35
14:10:06,3276.35
14:10:08,3276.35
14:10:14,3276.35
14:10:17,3276.35
14:10:26,3276.35
14:10:34,3277.7
14:10:46,3277.7
14:10:52,3277.7
14:10:54,3277.7
14:10:56,3277.7
14:11:12,3275.5
14:11:35,3275.5
14:11:40,3275.5
14:11:43,3275.5
14:11:45,3275.5
14:11:47,3275.5
14:11:49,3275.5
14:11:51,3275.5
14:11:54,3275.5
14:11:56,3275.5
14:11:58,3275.5
14:12:01,3275.5
14:12:03,3275.5
14:12:05,3276.9
14:12:07,3276.9
14:12:10,3276.9
14:12:12,3276.9
14:12:14,3276.9
14:12:19,3276.9
14:12:22,3276.9
14:12:24,3276.9
14:12:26,3276.9
14:12:30,3276.9
14:12:52,3275.05
14:13:14,3275.05
14:13:28,3275.1
14:13:32,3275.1
14:13:34,3275.1
14:13:36,3275.1
14:13:40,3275.1
14:13:49,3275.0
14:13:54,3275.0
14:13:56,3275.0
14:14:30,3275.8
14:14:53,3275.25
14:15:26,3275.25
14:15:56,3274.2
14:16:29,3274.2
14:16:53,3274.9
14:16:59,3274.9
14:17:02,3274.9
14:17:05,3274.9
14:17:07,3274.9
14:17:16,3274.9
14:17:42,3275.25
14:18:05,3277.5
14:18:33,3274.6
14:18:36,3274.6
14:18:38,3274.6
14:18:40,3274.6
14:18:42,3274.6
14:18:45,3274.6
14:18:47,3274.6
14:18:49,3275.1
14:18:52,3275.1
14:18:54,3275.1
14:18:56,3275.1
14:18:58,3275.1
14:19:00,3275.1
14:19:02,3275.1
14:19:05,3275.1
14:19:07,3275.1
14:19:09,3275.1
14:19:11,3275.1
14:19:14,3275.1
14:19:16,3275.1
14:19:18,3272.65
14:19:20,3272.65
14:19:23,3272.65
14:19:25,3272.65
14:19:27,3272.65
14:19:29,3272.65
14:19:32,3272.65
14:19:34,3272.65
14:19:37,3272.65
14:19:39,3272.65
14:19:41,3272.65
14:19:43,3272.65
14:19:46,3272.65
14:19:49,3272.65
14:19:51,3272.65
14:19:54,3272.65
14:20:01,3272.65
14:20:03,3272.65
14:20:07,3272.65
14:20:09,3272.65
14:20:12,3272.65
14:20:14,3272.65
14:20:16,3276.2
14:20:18,3276.2
14:20:21,3276.2
14:20:23,3276.2
14:20:25,3276.2
14:20:27,3276.2
14:20:29,3275.9
14:20:32,3275.9
14:20:35,3275.9
14:20:37,3275.9
14:20:39,3275.9
14:20:41,3275.9
14:20:43,3275.9
14:20:47,3275.9
14:20:55,3275.9
14:20:57,3275.9
14:20:59,3275.9
14:21:01,3275.9
14:21:03,3276.4
14:21:04,3276.4
14:21:06,3276.4
14:21:08,3276.4
14:21:15,3276.4
14:21:25,3276.7
14:21:40,3276.7
14:21:42,3276.7
14:21:44,3276.7
14:21:46,3276.7
14:21:47,3276.7
14:21:49,3276.7
14:21:50,3276.7
14:21:52,3276.7
14:21:54,3276.7
14:21:56,3277.0
14:21:57,3277.0
14:21:59,3277.0
14:22:01,3277.0
14:22:02,3277.0
14:22:04,3277.0
14:22:06,3277.0
